Cadence Genus(TM) Synthesis Solution.
Copyright 2023 Cadence Design Systems, Inc. All rights reserved worldwide.
Cadence and the Cadence logo are registered trademarks and Genus is a trademark
of Cadence Design Systems, Inc. in the United States and other countries.

[13:05:04.296810] Configured Lic search path (21.01-s002): 27001@192.168.1.10:27001@200.132.35.25

Version: 21.18-s082_1, built Tue Jul 18 09:08:41 PDT 2023
Options: -abort_on_error -lic_startup Genus_Synthesis -lic_startup_options Genus_Physical_Opt -log genus -overwrite -files /home/schultz/Documents/ARQIII_RiscV_Work/Synthesis/scripts/riscv_core.tcl 
Date:    Tue Dec 02 13:05:04 2025
Host:    gmicro02 (x86_64 w/Linux 4.18.0-553.37.1.el8_10.x86_64) (16cores*32cpus*2physical cpus*Intel(R) Xeon(R) Silver 4314 CPU @ 2.40GHz 16384KB) (124344300KB)
PID:     1851595
OS:      Red Hat Enterprise Linux release 8.10 (Ootpa)


[13:05:04.133792] Periodic Lic check successful
[13:05:04.133800] Feature usage summary:
[13:05:04.133800] Genus_Synthesis
Checking out license: Genus_Synthesis


***********************************************************************************************************
***********************************************************************************************************



Loading tool scripts...
Finished loading tool scripts (10 seconds elapsed).


[13:05:14.148899] Periodic Lic check successful
[13:05:14.148912] Feature usage summary:
[13:05:14.148913] Genus_Synthesis
[13:05:14.148913] Genus_Physical_Opt
Checking out license: Genus_Physical_Opt

#@ Processing -files option
@genus 1> source /home/schultz/Documents/ARQIII_RiscV_Work/Synthesis/scripts/riscv_core.tcl
#@ Begin verbose source /home/schultz/Documents/ARQIII_RiscV_Work/Synthesis/scripts/riscv_core.tcl
@file(riscv_core.tcl) 13: set_db super_thread_servers localhost
  Setting attribute of root '/': 'super_thread_servers' = localhost
@file(riscv_core.tcl) 14: set_db max_cpus_per_server 8
  Setting attribute of root '/': 'max_cpus_per_server' = 8
@file(riscv_core.tcl) 15: gui_show 
@file(riscv_core.tcl) 21: set PROJECT_DIR $env(PROJECT_DIR)
@file(riscv_core.tcl) 22: set TECH_DIR $env(TECH_DIR)
@file(riscv_core.tcl) 23: set DESIGNS $env(DESIGNS)
@file(riscv_core.tcl) 24: set HDL_NAME $env(HDL_NAME)
@file(riscv_core.tcl) 25: set INTERCONNECT_MODE ple
@file(riscv_core.tcl) 26: set OP_CORNER $env(OP_CORNER)
@file(riscv_core.tcl) 27: set HDL_LANG $env(HDL_LANG)
@file(riscv_core.tcl) 28: set USE_VCD_POWER_ANALYSIS 1
@file(riscv_core.tcl) 30: set freq_mhz $env(FREQ_MHZ)
@file(riscv_core.tcl) 35: set MAIN_CLOCK_NAME clk
@file(riscv_core.tcl) 36: set MAIN_RST_NAME rst_n
@file(riscv_core.tcl) 37: set BEST_LIB_OPERATING_CONDITION PVT_1P32V_0C
@file(riscv_core.tcl) 38: set WORST_LIB_OPERATING_CONDITION PVT_0P9V_125C
@file(riscv_core.tcl) 39: set period_clk [format "%.2f" [expr 1000.0 / $freq_mhz]] ;# (100 ns = 10 MHz) (10 ns = 100 MHz) (2 ns = 500 MHz) (1 ns = 1 GHz)
@file(riscv_core.tcl) 40: set clk_uncertainty 0.05 ;# ns (“a guess”)
@file(riscv_core.tcl) 41: set clk_latency 0.10 ;# ns (“a guess”)
@file(riscv_core.tcl) 42: set in_delay 0.30 ;# ns
@file(riscv_core.tcl) 43: set out_delay 0.30;#ns 
@file(riscv_core.tcl) 44: set out_load 0.045 ;#pF 
@file(riscv_core.tcl) 45: set slew "146 164 264 252" ;#minimum rise, minimum fall, maximum rise and maximum fall 
@file(riscv_core.tcl) 46: set slew_min_rise 0.146 ;# ns
@file(riscv_core.tcl) 47: set slew_min_fall 0.164 ;# ns
@file(riscv_core.tcl) 48: set slew_max_rise 0.264 ;# ns
@file(riscv_core.tcl) 49: set slew_max_fall 0.252 ;# ns
@file(riscv_core.tcl) 51: set WORST_LIST {slow_vdd1v0_basicCells.lib} 
@file(riscv_core.tcl) 52: set BEST_LIST {fast_vdd1v2_basicCells.lib} 
@file(riscv_core.tcl) 53: set LEF_LIST {gsclib045_tech.lef gsclib045_macro.lef}
@file(riscv_core.tcl) 54: set WORST_CAP_LIST ${TECH_DIR}/gpdk045_v_6_0/soce/gpdk045.basic.CapTbl
@file(riscv_core.tcl) 55: set QRC_LIST ${TECH_DIR}/gpdk045_v_6_0/qrc/rcworst/qrcTechFile
@file(riscv_core.tcl) 62: source ${PROJECT_DIR}/Synthesis/scripts/common/path.tcl
Sourcing '/home/schultz/Documents/ARQIII_RiscV_Work/Synthesis/scripts/common/path.tcl' (Tue Dec 02 13:05:16 -03 2025)...
#@ Begin verbose source /home/schultz/Documents/ARQIII_RiscV_Work/Synthesis/scripts/common/path.tcl
@file(path.tcl) 5: set SYNT_DIR ${PROJECT_DIR}/Synthesis
@file(path.tcl) 6: set SCRIPT_DIR ${SYNT_DIR}/scripts
@file(path.tcl) 7: set RPT_DIR ${SYNT_DIR}/reports
@file(path.tcl) 8: set DEV_DIR ${SYNT_DIR}/deliverables
@file(path.tcl) 13: set FRONTEND_DIR ${PROJECT_DIR}/src/core
@file(path.tcl) 14: set HDL_DIR ${PROJECT_DIR}/src/core
@file(path.tcl) 15: set OTHERS ""
@file(path.tcl) 16: lappend FRONTEND_DIR $OTHERS
@file(path.tcl) 21: set LIB_DIR ${TECH_DIR}/gsclib045_svt_v4.4/gsclib045/timing
@file(path.tcl) 24: set LEF_DIR ${TECH_DIR}/gsclib045_svt_v4.4/gsclib045/lef
@file(path.tcl) 25: lappend LEF_DIR ${TECH_DIR}/giolib045_v3.3/lef
#@ End verbose source /home/schultz/Documents/ARQIII_RiscV_Work/Synthesis/scripts/common/path.tcl
@file(riscv_core.tcl) 67: source ${SCRIPT_DIR}/common/tech.tcl
Sourcing '/home/schultz/Documents/ARQIII_RiscV_Work/Synthesis/scripts/common/tech.tcl' (Tue Dec 02 13:05:16 -03 2025)...
#@ Begin verbose source /home/schultz/Documents/ARQIII_RiscV_Work/Synthesis/scripts/common/tech.tcl
@file(tech.tcl) 5: create_library_domain {worst best} 
@file(tech.tcl) 6: get_db library_domains *
@file(tech.tcl) 12: set_db lib_search_path "${LIB_DIR} ${LEF_DIR}"
  Setting attribute of root '/': 'lib_search_path' = /home/tools/design_kits/cadence/GPDK045//gsclib045_svt_v4.4/gsclib045/timing /home/tools/design_kits/cadence/GPDK045//gsclib045_svt_v4.4/gsclib045/lef /home/tools/design_kits/cadence/GPDK045//giolib045_v3.3/lef
@file(tech.tcl) 13: set_db [get_db library_domains worst] .library ${WORST_LIST}

Threads Configured:3

  Message Summary for Library slow_vdd1v0_basicCells.lib:
  *******************************************************
  Missing a function attribute in the output pin definition. [LBR-518]: 1
  *******************************************************
 
Info    : Created nominal operating condition. [LBR-412]
        : Operating condition '_nominal_' was created for the PVT values (1.000000, 0.900000, 125.000000) in library 'slow_vdd1v0_basicCells.lib'.
        : The nominal operating condition is represented, either by the nominal PVT values specified in the library source (via nom_process,nom_voltage and nom_temperature respectively), or by the default PVT values (1.0,1.0,1.0).
Warning : Library cell has no output pins defined. [LBR-9]
        : Library cell 'ANTENNA' must have an output pin.
        : Add the missing output pin(s), then reload the library. Else the library cell will be marked as timing model i.e. unusable. Timing_model means that the cell does not have any defined function. If there is no output pin, Genus will mark library cell as unusable i.e. the attribute 'usable' will be marked to 'false' on the libcell. Therefore, the cell is not used for mapping and it will not be picked up from the library for synthesis. If you query the attribute 'unusable_reason' on the libcell; result will be: 'Library cell has no output pins.'Note: The message LBR-9 is only for the logical pins and not for the power_ground pins. Genus will depend upon the output function defined in the pin group (output pin) of the cell, to use it for mapping. The pg_pin will not have any function defined.
Warning : Library cell has no output pins defined. [LBR-9]
        : Library cell 'ANTENNA' must have an output pin.
Warning : Library cell has no output pins defined. [LBR-9]
        : Library cell 'DECAP10' must have an output pin.
Warning : Library cell has no output pins defined. [LBR-9]
        : Library cell 'DECAP10' must have an output pin.
Warning : Library cell has no output pins defined. [LBR-9]
        : Library cell 'DECAP2' must have an output pin.
Warning : Library cell has no output pins defined. [LBR-9]
        : Library cell 'DECAP2' must have an output pin.
Warning : Library cell has no output pins defined. [LBR-9]
        : Library cell 'DECAP3' must have an output pin.
Warning : Library cell has no output pins defined. [LBR-9]
        : Library cell 'DECAP3' must have an output pin.
Warning : Library cell has no output pins defined. [LBR-9]
        : Library cell 'DECAP4' must have an output pin.
Warning : Library cell has no output pins defined. [LBR-9]
        : Library cell 'DECAP4' must have an output pin.
Warning : Library cell has no output pins defined. [LBR-9]
        : Library cell 'DECAP5' must have an output pin.
Warning : Library cell has no output pins defined. [LBR-9]
        : Library cell 'DECAP5' must have an output pin.
Warning : Library cell has no output pins defined. [LBR-9]
        : Library cell 'DECAP6' must have an output pin.
Warning : Library cell has no output pins defined. [LBR-9]
        : Library cell 'DECAP6' must have an output pin.
Warning : Library cell has no output pins defined. [LBR-9]
        : Library cell 'DECAP7' must have an output pin.
Warning : Library cell has no output pins defined. [LBR-9]
        : Library cell 'DECAP7' must have an output pin.
Warning : Library cell has no output pins defined. [LBR-9]
        : Library cell 'DECAP8' must have an output pin.
Warning : Library cell has no output pins defined. [LBR-9]
        : Library cell 'DECAP8' must have an output pin.
Warning : Library cell has no output pins defined. [LBR-9]
        : Library cell 'DECAP9' must have an output pin.
Warning : Library cell has no output pins defined. [LBR-9]
        : Library cell 'DECAP9' must have an output pin.
Info    : Set default library domain. [LBR-109]
        : The default library domain is 'library_domain:worst'.
  Setting attribute of library_domain 'worst': 'library' = slow_vdd1v0_basicCells.lib
@file(tech.tcl) 14: set_db [get_db library_domains best] .library ${BEST_LIST}

Threads Configured:3

  Message Summary for Library fast_vdd1v2_basicCells.lib:
  *******************************************************
  Missing a function attribute in the output pin definition. [LBR-518]: 1
  *******************************************************
 
Info    : Created nominal operating condition. [LBR-412]
        : Operating condition '_nominal_' was created for the PVT values (1.000000, 1.320000, 0.000000) in library 'fast_vdd1v2_basicCells.lib'.
Warning : Library cell has no output pins defined. [LBR-9]
        : Library cell 'ANTENNA' must have an output pin.
Warning : Library cell has no output pins defined. [LBR-9]
        : Library cell 'ANTENNA' must have an output pin.
Warning : Library cell has no output pins defined. [LBR-9]
        : Library cell 'DECAP10' must have an output pin.
Warning : Library cell has no output pins defined. [LBR-9]
        : Library cell 'DECAP10' must have an output pin.
Warning : Library cell has no output pins defined. [LBR-9]
        : Library cell 'DECAP2' must have an output pin.
Warning : Library cell has no output pins defined. [LBR-9]
        : Library cell 'DECAP2' must have an output pin.
Warning : Library cell has no output pins defined. [LBR-9]
        : Library cell 'DECAP3' must have an output pin.
Warning : Library cell has no output pins defined. [LBR-9]
        : Library cell 'DECAP3' must have an output pin.
Warning : Library cell has no output pins defined. [LBR-9]
        : Library cell 'DECAP4' must have an output pin.
Warning : Library cell has no output pins defined. [LBR-9]
        : Library cell 'DECAP4' must have an output pin.
Warning : Library cell has no output pins defined. [LBR-9]
        : Library cell 'DECAP5' must have an output pin.
Warning : Library cell has no output pins defined. [LBR-9]
        : Library cell 'DECAP5' must have an output pin.
Warning : Library cell has no output pins defined. [LBR-9]
        : Library cell 'DECAP6' must have an output pin.
Warning : Library cell has no output pins defined. [LBR-9]
        : Library cell 'DECAP6' must have an output pin.
Warning : Library cell has no output pins defined. [LBR-9]
        : Library cell 'DECAP7' must have an output pin.
Warning : Library cell has no output pins defined. [LBR-9]
        : Library cell 'DECAP7' must have an output pin.
Warning : Library cell has no output pins defined. [LBR-9]
        : Library cell 'DECAP8' must have an output pin.
Warning : Library cell has no output pins defined. [LBR-9]
        : Library cell 'DECAP8' must have an output pin.
Warning : Library cell has no output pins defined. [LBR-9]
        : Library cell 'DECAP9' must have an output pin.
Warning : Library cell has no output pins defined. [LBR-9]
        : Library cell 'DECAP9' must have an output pin.
  Setting attribute of library_domain 'best': 'library' = fast_vdd1v2_basicCells.lib
@file(tech.tcl) 20: get_db [get_db library_domains *worst] .operating_conditions
@file(tech.tcl) 21: set_db [get_db library_domains *worst] .operating_conditions ${WORST_LIB_OPERATING_CONDITION}
  Setting attribute of library_domain 'worst': 'operating_conditions' = operating_condition:ls_of_ld_worst/slow_vdd1v0/PVT_0P9V_125C
@file(tech.tcl) 22: get_db [get_db library_domains *worst] .operating_conditions
@file(tech.tcl) 24: get_db [get_db library_domains *best] .operating_conditions
@file(tech.tcl) 25: set_db [get_db library_domains *best] .operating_conditions ${BEST_LIB_OPERATING_CONDITION}
  Setting attribute of library_domain 'best': 'operating_conditions' = operating_condition:ls_of_ld_best/fast_vdd1v2/PVT_1P32V_0C
@file(tech.tcl) 26: get_db [get_db library_domains *best] .operating_conditions
@file(tech.tcl) 28: get_db [get_db library_domain *worst] .default
@file(tech.tcl) 29: get_db [get_db library_domain *best] .default 
@file(tech.tcl) 31: get_db [vfind /libraries -library_domain worst] .active_operating_conditions
  Library has 324 usable logic and 128 usable sequential lib-cells.
  Library has 324 usable logic and 128 usable sequential lib-cells.
@file(tech.tcl) 32: get_db [vfind /libraries -library_domain best] .active_operating_conditions 
@file(tech.tcl) 44: set_db lef_library ${LEF_LIST}
Info    : Via with no resistance will have a value of '0.0' assigned for resistance value. [PHYS-129]
        : Via 'M2_M1_HV' has no resistance value.
        : If this is the expected behavior, this message can be ignored.
Info    : Via with no resistance will have a value of '0.0' assigned for resistance value. [PHYS-129]
        : Via 'M2_M1_VV' has no resistance value.
Info    : Via with no resistance will have a value of '0.0' assigned for resistance value. [PHYS-129]
        : Via 'M2_M1_VH' has no resistance value.
Info    : Via with no resistance will have a value of '0.0' assigned for resistance value. [PHYS-129]
        : Via 'M2_M1_HH' has no resistance value.
Info    : Via with no resistance will have a value of '0.0' assigned for resistance value. [PHYS-129]
        : Via 'M2_M1_2x1_HV_E' has no resistance value.
Info    : Via with no resistance will have a value of '0.0' assigned for resistance value. [PHYS-129]
        : Via 'M2_M1_2x1_HV_W' has no resistance value.
Info    : Via with no resistance will have a value of '0.0' assigned for resistance value. [PHYS-129]
        : Via 'M2_M1_1x2_HV_N' has no resistance value.
Info    : Via with no resistance will have a value of '0.0' assigned for resistance value. [PHYS-129]
        : Via 'M2_M1_1x2_HV_S' has no resistance value.
Info    : Via with no resistance will have a value of '0.0' assigned for resistance value. [PHYS-129]
        : Via 'M3_M2_VH' has no resistance value.
Info    : Via with no resistance will have a value of '0.0' assigned for resistance value. [PHYS-129]
        : Via 'M3_M2_HH' has no resistance value.
Info    : Via with no resistance will have a value of '0.0' assigned for resistance value. [PHYS-129]
        : Via 'M3_M2_HV' has no resistance value.
Info    : Via with no resistance will have a value of '0.0' assigned for resistance value. [PHYS-129]
        : Via 'M3_M2_VV' has no resistance value.
Info    : Via with no resistance will have a value of '0.0' assigned for resistance value. [PHYS-129]
        : Via 'M3_M2_M_NH' has no resistance value.
Info    : Via with no resistance will have a value of '0.0' assigned for resistance value. [PHYS-129]
        : Via 'M3_M2_M_SH' has no resistance value.
Info    : Via with no resistance will have a value of '0.0' assigned for resistance value. [PHYS-129]
        : Via 'M3_M2_2x1_VH_E' has no resistance value.
Info    : Via with no resistance will have a value of '0.0' assigned for resistance value. [PHYS-129]
        : Via 'M3_M2_2x1_VH_W' has no resistance value.
Info    : Via with no resistance will have a value of '0.0' assigned for resistance value. [PHYS-129]
        : Via 'M3_M2_1x2_VH_N' has no resistance value.
Info    : Via with no resistance will have a value of '0.0' assigned for resistance value. [PHYS-129]
        : Via 'M3_M2_1x2_VH_S' has no resistance value.
Info    : Via with no resistance will have a value of '0.0' assigned for resistance value. [PHYS-129]
        : Via 'M4_M3_HV' has no resistance value.
Info    : Via with no resistance will have a value of '0.0' assigned for resistance value. [PHYS-129]
        : Via 'M4_M3_VV' has no resistance value.
Warning : Maximum message print count reached. [MESG-11]
        : Maximum print count of '20' reached for message 'PHYS-129'.

  According to lef_library, there are total 11 routing layers [ V(5) / H(6) ]

Warning : Physical cell not defined in library. [PHYS-279]
        : The physical (LEF) cell DFF2RX1 cannot be found in library.
        : Ensure that the proper library files are available and have been imported.
Warning : Physical cell not defined in library. [PHYS-279]
        : The physical (LEF) cell DFF2RX2 cannot be found in library.
Warning : Physical cell not defined in library. [PHYS-279]
        : The physical (LEF) cell DFF2X1 cannot be found in library.
Warning : Physical cell not defined in library. [PHYS-279]
        : The physical (LEF) cell DFF2X2 cannot be found in library.
Warning : Physical cell not defined in library. [PHYS-279]
        : The physical (LEF) cell DFF4RX1 cannot be found in library.
Warning : Physical cell not defined in library. [PHYS-279]
        : The physical (LEF) cell DFF4RX2 cannot be found in library.
Warning : Physical cell not defined in library. [PHYS-279]
        : The physical (LEF) cell DFF4X1 cannot be found in library.
Warning : Physical cell not defined in library. [PHYS-279]
        : The physical (LEF) cell DFF4X2 cannot be found in library.
Warning : Physical cell not defined in library. [PHYS-279]
        : The physical (LEF) cell FILL1 cannot be found in library.
Warning : Physical cell not defined in library. [PHYS-279]
        : The physical (LEF) cell FILL16 cannot be found in library.
Warning : Physical cell not defined in library. [PHYS-279]
        : The physical (LEF) cell FILL2 cannot be found in library.
Warning : Physical cell not defined in library. [PHYS-279]
        : The physical (LEF) cell FILL32 cannot be found in library.
Warning : Physical cell not defined in library. [PHYS-279]
        : The physical (LEF) cell FILL4 cannot be found in library.
Warning : Physical cell not defined in library. [PHYS-279]
        : The physical (LEF) cell FILL64 cannot be found in library.
Warning : Physical cell not defined in library. [PHYS-279]
        : The physical (LEF) cell FILL8 cannot be found in library.
Warning : Physical cell not defined in library. [PHYS-279]
        : The physical (LEF) cell FSWNX1 cannot be found in library.
Warning : Physical cell not defined in library. [PHYS-279]
        : The physical (LEF) cell FSWX1 cannot be found in library.
Warning : Physical cell not defined in library. [PHYS-279]
        : The physical (LEF) cell HSWDNX1 cannot be found in library.
Warning : Physical cell not defined in library. [PHYS-279]
        : The physical (LEF) cell HSWDX1 cannot be found in library.
Warning : Physical cell not defined in library. [PHYS-279]
        : The physical (LEF) cell HSWNX1 cannot be found in library.
Warning : Maximum message print count reached. [MESG-11]
        : Maximum print count of '20' reached for message 'PHYS-279'.
  Setting attribute of root '/': 'lef_library' = /home/tools/design_kits/cadence/GPDK045//gsclib045_svt_v4.4/gsclib045/lef/gsclib045_tech.lef /home/tools/design_kits/cadence/GPDK045//gsclib045_svt_v4.4/gsclib045/lef/gsclib045_macro.lef
@file(tech.tcl) 52: set_db qrc_tech_file ${QRC_LIST}

  According to qrc_tech_file, there are total 11 routing layers [ V(5) / H(6) ]

  Setting attribute of root '/': 'qrc_tech_file' = /home/tools/design_kits/cadence/GPDK045//gpdk045_v_6_0/qrc/rcworst/qrcTechFile
@file(tech.tcl) 56: get_db interconnect_mode
@file(tech.tcl) 57: set_db interconnect_mode ple ;# global
  Setting attribute of root '/': 'interconnect_mode' = ple
@file(tech.tcl) 67: get_lib_cells
@file(tech.tcl) 68: get_db lib_cells *SDFF*
@file(tech.tcl) 69: get_db base_cell:SDFFRHQX1 .dont_use
@file(tech.tcl) 70: set_db base_cell:SDFFRHQX1 .dont_use true
  Setting attribute of base_cell 'SDFFRHQX1': 'dont_use' = true
@file(tech.tcl) 72: foreach lc [get_db base_cells -if {.name == "SDFF*"}] {
  get_db $lc .dont_use
  set_db $lc .dont_use true
}
  Setting attribute of base_cell 'SDFFHQX1': 'dont_use' = true
  Setting attribute of base_cell 'SDFFHQX2': 'dont_use' = true
  Setting attribute of base_cell 'SDFFHQX4': 'dont_use' = true
  Setting attribute of base_cell 'SDFFHQX8': 'dont_use' = true
  Setting attribute of base_cell 'SDFFNSRX1': 'dont_use' = true
  Setting attribute of base_cell 'SDFFNSRX2': 'dont_use' = true
  Setting attribute of base_cell 'SDFFNSRX4': 'dont_use' = true
  Setting attribute of base_cell 'SDFFNSRXL': 'dont_use' = true
  Setting attribute of base_cell 'SDFFQX1': 'dont_use' = true
  Setting attribute of base_cell 'SDFFQX2': 'dont_use' = true
  Setting attribute of base_cell 'SDFFQX4': 'dont_use' = true
  Setting attribute of base_cell 'SDFFQXL': 'dont_use' = true
  Setting attribute of base_cell 'SDFFRHQX1': 'dont_use' = true
  Setting attribute of base_cell 'SDFFRHQX2': 'dont_use' = true
  Setting attribute of base_cell 'SDFFRHQX4': 'dont_use' = true
  Setting attribute of base_cell 'SDFFRHQX8': 'dont_use' = true
  Setting attribute of base_cell 'SDFFRX1': 'dont_use' = true
  Setting attribute of base_cell 'SDFFRX2': 'dont_use' = true
  Setting attribute of base_cell 'SDFFRX4': 'dont_use' = true
  Setting attribute of base_cell 'SDFFRXL': 'dont_use' = true
  Setting attribute of base_cell 'SDFFSHQX1': 'dont_use' = true
  Setting attribute of base_cell 'SDFFSHQX2': 'dont_use' = true
  Setting attribute of base_cell 'SDFFSHQX4': 'dont_use' = true
  Setting attribute of base_cell 'SDFFSHQX8': 'dont_use' = true
  Setting attribute of base_cell 'SDFFSRHQX1': 'dont_use' = true
  Setting attribute of base_cell 'SDFFSRHQX2': 'dont_use' = true
  Setting attribute of base_cell 'SDFFSRHQX4': 'dont_use' = true
  Setting attribute of base_cell 'SDFFSRHQX8': 'dont_use' = true
  Setting attribute of base_cell 'SDFFSRX1': 'dont_use' = true
  Setting attribute of base_cell 'SDFFSRX2': 'dont_use' = true
  Setting attribute of base_cell 'SDFFSRX4': 'dont_use' = true
  Setting attribute of base_cell 'SDFFSRXL': 'dont_use' = true
  Setting attribute of base_cell 'SDFFSX1': 'dont_use' = true
  Setting attribute of base_cell 'SDFFSX2': 'dont_use' = true
  Setting attribute of base_cell 'SDFFSX4': 'dont_use' = true
  Setting attribute of base_cell 'SDFFSXL': 'dont_use' = true
  Setting attribute of base_cell 'SDFFTRX1': 'dont_use' = true
  Setting attribute of base_cell 'SDFFTRX2': 'dont_use' = true
  Setting attribute of base_cell 'SDFFTRX4': 'dont_use' = true
  Setting attribute of base_cell 'SDFFTRXL': 'dont_use' = true
  Setting attribute of base_cell 'SDFFX1': 'dont_use' = true
  Setting attribute of base_cell 'SDFFX2': 'dont_use' = true
  Setting attribute of base_cell 'SDFFX4': 'dont_use' = true
  Setting attribute of base_cell 'SDFFXL': 'dont_use' = true
  Setting attribute of base_cell 'SDFF2RX1': 'dont_use' = true
  Setting attribute of base_cell 'SDFF2RX2': 'dont_use' = true
  Setting attribute of base_cell 'SDFF4RX1': 'dont_use' = true
  Setting attribute of base_cell 'SDFF4RX2': 'dont_use' = true
@file(tech.tcl) 78: foreach lc [get_db base_cells -if {.name == "TLATS*"}] {
  get_db $lc .dont_use
  set_db $lc .dont_use true
}
  Setting attribute of base_cell 'TLATSRX1': 'dont_use' = true
  Setting attribute of base_cell 'TLATSRX2': 'dont_use' = true
  Setting attribute of base_cell 'TLATSRX4': 'dont_use' = true
  Setting attribute of base_cell 'TLATSRXL': 'dont_use' = true
@file(tech.tcl) 83: if { $OP_CORNER eq "WORST" } {
    puts "\n Setting WORST LIB! \n"
    set_db [get_db library_domain *worst] .default true
} else {
    puts "\n Setting BEST LIB! \n"
    set_db [get_db library_domain *best] .default true
}

 Setting WORST LIB! 

  Setting attribute of library_domain 'worst': 'default' = true
@file(tech.tcl) 96: get_db [get_db library_sets *worst] .libraries
@file(tech.tcl) 97: get_db [get_db library_sets *best] .libraries
@file(tech.tcl) 99: get_db [get_db library_sets *worst] .libraries.lib_cells
@file(tech.tcl) 100: get_db [get_db library_sets *best] .libraries.lib_cells
@file(tech.tcl) 102: get_db [get_db [get_db library_sets *worst] .libraries *slow_vdd1v0] .lib_cells
@file(tech.tcl) 103: get_db [get_db [get_db library_sets *best] .libraries *fast_vdd1v2] .lib_cells 
@file(tech.tcl) 105: get_db [get_db library_sets *worst] .libraries.lib_cells -regexp XOR
@file(tech.tcl) 106: get_db [get_db library_sets *best] .libraries.lib_cells -regexp XOR
@file(tech.tcl) 108: get_db [get_db [get_db library_sets *worst] .libraries.lib_cells -regexp CLKXOR2X1] .*
Object: lib_cell:ls_of_ld_worst/slow_vdd1v0/CLKXOR2X1
  area:                  2.736
  area_multiplier:       1.0
  async_clear_pins:      {}
  async_preset_pins:     {}
  avoid:                 false
  backup_power_pins:     {}
  base_cell:             base_cell:CLKXOR2X1
  base_name:             CLKXOR2X1
  bbox:                  {0.0 0.0 1.6 1.71}
  bit_width:             1
  bottom_padding:        0
  cell_delay_multiplier:  1.0
  cell_min_delay_multiplier:  1.0
  clock_gating_integrated_cell:  {}
  clock_pins:            {}
  combinational:         true
  congestion_avoid:      false
  constraint_multiplier:  1.0
  data_pins:             {}
  dont_touch:            false
  dont_use:              false
  escaped_name:          ls_of_ld_worst/slow_vdd1v0/CLKXOR2X1
  failure_probability:   0.0
  has_lvf:               false
  has_non_seq_setup_arc:  false
  internal_power:        no_value
  is_always_on:          false
  is_black_box:          false
  is_buffer:             false
  is_clock_isolation_cell:  false
  is_combinational:      true
  is_dummy_scmr_iw_cell:  false
  is_eeq_cell:           false
  is_fall_edge_triggered:  false
  is_fixed_mask:         false
  is_flop:               false
  is_inferred_macro:     false
  is_integrated_clock_gating:  false
  is_interface_timing:   false
  is_inverter:           false
  is_isolation_cell:     false
  is_latch:              false
  is_level_shifter:      false
  is_macro:              false
  is_master_eeq_cell:    false
  is_master_slave_flop:  false
  is_master_slave_lssd_flop:  false
  is_memory:             false
  is_negative_level_sensitive:  false
  is_pad:                false
  is_pll:                false
  is_positive_level_sensitive:  false
  is_power_switch:       false
  is_retention:          false
  is_rise_edge_triggered:  false
  is_sequential:         false
  is_timing_model:       false
  is_tristate:           false
  is_usable:             true
  keep_as_physical:      false
  latch_enable:          {}
  latch_enable_pins:     {}
  leakage_power:         0.0
  leakage_scale_factor:  1.0
  lef_inconsistent:      false
  left_padding:          0
  level_shifter_direction:  {}
  level_shifter_type:    {}
  level_shifter_valid_location:  {}
  lib_arcs:              NC
  lib_pins:              NC
  liberty_attributes:    area 2.736 
  library:               library:ls_of_ld_worst/slow_vdd1v0
  master_physical_variant_cell:  {}
  max_ground_input_voltage:  0.0
  max_ground_output_voltage:  0.0
  max_input_voltage:     0.0
  max_output_voltage:    0.0
  min_ground_input_voltage:  0.0
  min_ground_output_voltage:  0.0
  min_input_voltage:     0.0
  min_output_voltage:    0.0
  mode_definition:       NC
  name:                  ls_of_ld_worst/slow_vdd1v0/CLKXOR2X1
  obj_type:              lib_cell
  pg_lib_pins:           NC
  physical_variant_cells:  {}
  power_gating_cell_type:  {}
  preserve:              false
  preserve_avoid:        false
  primary_power:         {}
  required_condition:    {}
  right_padding:         0
  scan_enable_pins:      {}
  scan_in_pins:          {}
  scan_out:              {}
  scan_out_pins:         {}
  seq_functions:         NC
  sequential:            false
  short:                 {}
  std_cell_main_rail_pin:  pg_lib_pin:ls_of_ld_worst/slow_vdd1v0/CLKXOR2X1/VDD
  switch_off_enables:    {}
  switched_power:        {}
  symmetry:              xy
  sync_clear_pins:       {}
  sync_enable_pins:      {}
  sync_preset_pins:      {}
  timing_model_reason:   {}
  timing_model_type:     {}
  top_padding:           0
  tristate:              false
  type_changed_pin_names:  {}
  unusable_reason:       {}
  usable_flop:           false
  usable_latch:          false
#@ End verbose source /home/schultz/Documents/ARQIII_RiscV_Work/Synthesis/scripts/common/tech.tcl
@file(riscv_core.tcl) 72: set_db init_hdl_search_path ${FRONTEND_DIR}
  Setting attribute of root '/': 'init_hdl_search_path' = /home/schultz/Documents/ARQIII_RiscV_Work/src/core {}
@file(riscv_core.tcl) 81: read_hdl -language v2001 -f "${HDL_DIR}/filelist_genus.flist"
@file(riscv_core.tcl) 89: elaborate ${HDL_NAME}
Info    : Elaborating Design. [ELAB-1]
        : Elaborating top-level block 'riscv_core' from file '/home/schultz/Documents/ARQIII_RiscV_Work/src/core/riscv_core.v'.
Warning : Using default parameter value for module elaboration. [CDFG-818]
        : Elaborating block 'riscv_core' with default parameters value.
Warning : Unreachable statements for case item. [CDFG-472]
        : Case item 'default' in module 'biriscv_lsu_MEM_CACHE_ADDR_MIN32h80000000_MEM_CACHE_ADDR_MAX32h8fffffff' in file '/home/schultz/Documents/ARQIII_RiscV_Work/src/core/biriscv_lsu.v' on line 208.
Warning : Removing unused register. [CDFG-508]
        : Removing unused latch register 'csr_mpriv_r' in module 'biriscv_csr_regfile_SUPPORT_MTIMECMP1_SUPPORT_SUPER0' in file '/home/schultz/Documents/ARQIII_RiscV_Work/src/core/biriscv_csr_regfile.v' on line 215.
        : Genus removes the flip-flop or latch inferred for an unused signal or variable. To preserve the flip-flop or latch, set the hdl_preserve_unused_registers attribute to true or use a pragma in the RTL.
Warning : Removing unused register. [CDFG-508]
        : Removing unused latch register 'csr_medeleg_r' in module 'biriscv_csr_regfile_SUPPORT_MTIMECMP1_SUPPORT_SUPER0' in file '/home/schultz/Documents/ARQIII_RiscV_Work/src/core/biriscv_csr_regfile.v' on line 220.
Warning : Removing unused register. [CDFG-508]
        : Removing unused latch register 'csr_mideleg_r' in module 'biriscv_csr_regfile_SUPPORT_MTIMECMP1_SUPPORT_SUPER0' in file '/home/schultz/Documents/ARQIII_RiscV_Work/src/core/biriscv_csr_regfile.v' on line 221.
Warning : Removing unused register. [CDFG-508]
        : Removing unused latch register 'csr_sepc_r' in module 'biriscv_csr_regfile_SUPPORT_MTIMECMP1_SUPPORT_SUPER0' in file '/home/schultz/Documents/ARQIII_RiscV_Work/src/core/biriscv_csr_regfile.v' on line 227.
Warning : Removing unused register. [CDFG-508]
        : Removing unused latch register 'csr_stvec_r' in module 'biriscv_csr_regfile_SUPPORT_MTIMECMP1_SUPPORT_SUPER0' in file '/home/schultz/Documents/ARQIII_RiscV_Work/src/core/biriscv_csr_regfile.v' on line 228.
Warning : Removing unused register. [CDFG-508]
        : Removing unused latch register 'csr_scause_r' in module 'biriscv_csr_regfile_SUPPORT_MTIMECMP1_SUPPORT_SUPER0' in file '/home/schultz/Documents/ARQIII_RiscV_Work/src/core/biriscv_csr_regfile.v' on line 229.
Warning : Removing unused register. [CDFG-508]
        : Removing unused latch register 'csr_stval_r' in module 'biriscv_csr_regfile_SUPPORT_MTIMECMP1_SUPPORT_SUPER0' in file '/home/schultz/Documents/ARQIII_RiscV_Work/src/core/biriscv_csr_regfile.v' on line 230.
Warning : Removing unused register. [CDFG-508]
        : Removing unused latch register 'csr_satp_r' in module 'biriscv_csr_regfile_SUPPORT_MTIMECMP1_SUPPORT_SUPER0' in file '/home/schultz/Documents/ARQIII_RiscV_Work/src/core/biriscv_csr_regfile.v' on line 231.
Warning : Removing unused register. [CDFG-508]
        : Removing unused latch register 'csr_sscratch_r' in module 'biriscv_csr_regfile_SUPPORT_MTIMECMP1_SUPPORT_SUPER0' in file '/home/schultz/Documents/ARQIII_RiscV_Work/src/core/biriscv_csr_regfile.v' on line 232.
Warning : Removing unused register. [CDFG-508]
        : Removing unused flip-flop register 'csr_medeleg_q' in module 'biriscv_csr_regfile_SUPPORT_MTIMECMP1_SUPPORT_SUPER0' in file '/home/schultz/Documents/ARQIII_RiscV_Work/src/core/biriscv_csr_regfile.v' on line 253.
Warning : Removing unused register. [CDFG-508]
        : Removing unused flip-flop register 'csr_scause_q' in module 'biriscv_csr_regfile_SUPPORT_MTIMECMP1_SUPPORT_SUPER0' in file '/home/schultz/Documents/ARQIII_RiscV_Work/src/core/biriscv_csr_regfile.v' on line 259.
Warning : Removing unused register. [CDFG-508]
        : Removing unused flip-flop register 'csr_stval_q' in module 'biriscv_csr_regfile_SUPPORT_MTIMECMP1_SUPPORT_SUPER0' in file '/home/schultz/Documents/ARQIII_RiscV_Work/src/core/biriscv_csr_regfile.v' on line 260.
Warning : Removing unused register. [CDFG-508]
        : Removing unused flip-flop register 'csr_sscratch_q' in module 'biriscv_csr_regfile_SUPPORT_MTIMECMP1_SUPPORT_SUPER0' in file '/home/schultz/Documents/ARQIII_RiscV_Work/src/core/biriscv_csr_regfile.v' on line 262.
Warning : Removing unused register. [CDFG-508]
        : Removing unused latch register 'csr_priv_r' in module 'biriscv_csr_SUPPORT_MULDIV1_SUPPORT_SUPER0' in file '/home/schultz/Documents/ARQIII_RiscV_Work/src/core/biriscv_csr.v' on line 107.
Warning : Removing unused register. [CDFG-508]
        : Removing unused latch register 'csr_readonly_r' in module 'biriscv_csr_SUPPORT_MULDIV1_SUPPORT_SUPER0' in file '/home/schultz/Documents/ARQIII_RiscV_Work/src/core/biriscv_csr.v' on line 108.
Warning : Unreachable statements for case item. [CDFG-472]
        : Case item 'default' in module 'biriscv_multiplier' in file '/home/schultz/Documents/ARQIII_RiscV_Work/src/core/biriscv_multiplier.v' on line 175.
Warning : Unreachable statements for case item. [CDFG-472]
        : Case item 'default' in module 'biriscv_multiplier' in file '/home/schultz/Documents/ARQIII_RiscV_Work/src/core/biriscv_multiplier.v' on line 175.
Warning : Unreachable statements for case item. [CDFG-472]
        : Case item 'default' in module 'biriscv_multiplier' in file '/home/schultz/Documents/ARQIII_RiscV_Work/src/core/biriscv_multiplier.v' on line 175.
Warning : Unreachable statements for case item. [CDFG-472]
        : Case item 'default' in module 'biriscv_multiplier' in file '/home/schultz/Documents/ARQIII_RiscV_Work/src/core/biriscv_multiplier.v' on line 175.
Warning : Unreachable statements for case item. [CDFG-472]
        : Case item 'default' in module 'biriscv_multiplier' in file '/home/schultz/Documents/ARQIII_RiscV_Work/src/core/biriscv_multiplier.v' on line 175.
Warning : Unreachable statements for case item. [CDFG-472]
        : Case item 'default' in module 'biriscv_multiplier' in file '/home/schultz/Documents/ARQIII_RiscV_Work/src/core/biriscv_multiplier.v' on line 175.
Warning : Unreachable statements for case item. [CDFG-472]
        : Case item 'default' in module 'biriscv_multiplier' in file '/home/schultz/Documents/ARQIII_RiscV_Work/src/core/biriscv_multiplier.v' on line 175.
Warning : Unreachable statements for case item. [CDFG-472]
        : Case item 'default' in module 'biriscv_multiplier' in file '/home/schultz/Documents/ARQIII_RiscV_Work/src/core/biriscv_multiplier.v' on line 175.
Warning : Unreachable statements for case item. [CDFG-472]
        : Case item 'default' in module 'biriscv_multiplier' in file '/home/schultz/Documents/ARQIII_RiscV_Work/src/core/biriscv_multiplier.v' on line 175.
Warning : Unreachable statements for case item. [CDFG-472]
        : Case item 'default' in module 'biriscv_multiplier' in file '/home/schultz/Documents/ARQIII_RiscV_Work/src/core/biriscv_multiplier.v' on line 175.
Warning : Unreachable statements for case item. [CDFG-472]
        : Case item 'default' in module 'biriscv_multiplier' in file '/home/schultz/Documents/ARQIII_RiscV_Work/src/core/biriscv_multiplier.v' on line 175.
Warning : Unreachable statements for case item. [CDFG-472]
        : Case item 'default' in module 'biriscv_multiplier' in file '/home/schultz/Documents/ARQIII_RiscV_Work/src/core/biriscv_multiplier.v' on line 175.
Warning : Unreachable statements for case item. [CDFG-472]
        : Case item 'default' in module 'biriscv_multiplier' in file '/home/schultz/Documents/ARQIII_RiscV_Work/src/core/biriscv_multiplier.v' on line 175.
Warning : Unreachable statements for case item. [CDFG-472]
        : Case item 'default' in module 'biriscv_multiplier' in file '/home/schultz/Documents/ARQIII_RiscV_Work/src/core/biriscv_multiplier.v' on line 175.
Warning : Unreachable statements for case item. [CDFG-472]
        : Case item 'default' in module 'biriscv_multiplier' in file '/home/schultz/Documents/ARQIII_RiscV_Work/src/core/biriscv_multiplier.v' on line 175.
Warning : Unreachable statements for case item. [CDFG-472]
        : Case item 'default' in module 'biriscv_multiplier' in file '/home/schultz/Documents/ARQIII_RiscV_Work/src/core/biriscv_multiplier.v' on line 175.
Warning : Unreachable statements for case item. [CDFG-472]
        : Case item 'default' in module 'biriscv_multiplier' in file '/home/schultz/Documents/ARQIII_RiscV_Work/src/core/biriscv_multiplier.v' on line 175.
Info    : Reversed the data and condition priority for priority mux chain (possibly created from loop based RTL), using new loop reversal algorithm. [CDFG-780]
        : Priority chain of muxes in module 'biriscv_divider_clz_biriscv_divider' for signal 'clz' in file '/home/schultz/Documents/ARQIII_RiscV_Work/src/core/biriscv_divider.v' on line 111.
Warning : Removing unused register. [CDFG-508]
        : Removing unused flip-flop register 'npc_e1_q' in module 'biriscv_pipe_ctrl_SUPPORT_LOAD_BYPASS1_SUPPORT_MUL_BYPASS1' in file '/home/schultz/Documents/ARQIII_RiscV_Work/src/core/biriscv_pipe_ctrl.v' on line 144.
Warning : Removing unused register. [CDFG-508]
        : Removing unused flip-flop register 'npc_e2_q' in module 'biriscv_pipe_ctrl_SUPPORT_LOAD_BYPASS1_SUPPORT_MUL_BYPASS1' in file '/home/schultz/Documents/ARQIII_RiscV_Work/src/core/biriscv_pipe_ctrl.v' on line 222.
Warning : Removing unused register. [CDFG-508]
        : Removing unused flip-flop register 'npc_wb_q' in module 'biriscv_pipe_ctrl_SUPPORT_LOAD_BYPASS1_SUPPORT_MUL_BYPASS1' in file '/home/schultz/Documents/ARQIII_RiscV_Work/src/core/biriscv_pipe_ctrl.v' on line 348.
Info    : Done Elaborating Design. [ELAB-3]
        : Done elaborating 'riscv_core'.
Checking for analog nets...
Check completed for analog nets.
Checking for source RTL...
Check completed for source RTL.
Running Unified Mux Engine Tricks...
Completed Unified Mux Engine Tricks

Stage: post_elab
--------------------------------------------------------
| Trick             | Accepts | Rejects | Runtime (ms) | 
--------------------------------------------------------
| ume_constant_bmux |       0 |       0 |         1.00 | 
--------------------------------------------------------
Starting clip mux common data inputs [v1.0] (stage: post_elab, startdef: riscv_core, recur: true)
Completed clip mux common data inputs (accepts: 0, rejects: 0, runtime: 0.003s)
Starting clip the non-user hierarchies [v2.0] (stage: post_elab, startdef: riscv_core, recur: true)
Completed clip the non-user hierarchies (accepts: 0, rejects: 0, runtime: 0.001s)

Stage: post_elab
---------------------------------------------------------
| Transform          | Accepts | Rejects | Runtime (ms) | 
---------------------------------------------------------
| hlo_clip_mux_input |       0 |       0 |         3.00 | 
| hlo_clip           |       0 |       0 |         1.00 | 
---------------------------------------------------------
UM:   flow.cputime  flow.realtime  timing.setup.tns  timing.setup.wns  snapshot
UM:*                                                                   elaborate
@file(riscv_core.tcl) 90: set_top_module ${HDL_NAME}
@file(riscv_core.tcl) 91: check_design -unresolved ${HDL_NAME}


 	 Check Design Report (c)
	 ------------------- 

  Unresolved References & Empty Modules
  ------------------------------------- 
No unresolved references in design 'riscv_core'

No empty modules in design 'riscv_core'

  Done Checking the design.
@file(riscv_core.tcl) 92: get_db current_design
@file(riscv_core.tcl) 93: check_library
============================================================
  Generated by:           Genus(TM) Synthesis Solution 21.18-s082_1
  Generated on:           Dec 02 2025  01:05:31 pm
  Module:                 riscv_core
  Library domain:         worst
    Domain index:         0
    Technology library:   slow_vdd1v0 1.0
  Library domain:         best
    Domain index:         1
    Technology library:   fast_vdd1v2 1.0
  Operating conditions:   PVT_0P9V_125C 
  Operating conditions:   PVT_1P32V_0C 
  Interconnect mode:      global
  Area mode:              physical library
============================================================

                                                                              
==============================================================================
Library Domain   Total cells   LS cell   ISO cell   Combo (LS+ISO)   SR Flops 
------------------------------------------------------------------------------
best(1.32)       426           0         0          0                0        
worst(0.9)       426           0         0          0                0        
------------------------------------------------------------------------------

Unusable libcells
=================
                                                                              
==============================================================================
Library Domain   Total cells   LS cell   ISO cell   Combo (LS+ISO)   SR Flops 
------------------------------------------------------------------------------
best(1.32)       157           0         0          0                0        
worst(0.9)       157           0         0          0                0        
------------------------------------------------------------------------------
@file(riscv_core.tcl) 99: read_sdc ${PROJECT_DIR}/Synthesis/constraints/${HDL_NAME}.sdc
Statistics for commands executed by read_sdc:
 "all_inputs"               - successful      5 , failed      0 (runtime  0.01)
 "all_outputs"              - successful      2 , failed      0 (runtime  0.00)
 "create_clock"             - successful      1 , failed      0 (runtime  0.01)
 "current_design"           - successful      1 , failed      0 (runtime  0.01)
 "get_clocks"               - successful      4 , failed      0 (runtime  0.00)
 "get_nets"                 - successful      2 , failed      0 (runtime  0.00)
 "get_ports"                - successful      7 , failed      0 (runtime  0.01)
 "remove_from_collection"   - successful      5 , failed      0 (runtime  0.00)
 "set_clock_latency"        - successful      1 , failed      0 (runtime  0.00)
 "set_clock_uncertainty"    - successful      1 , failed      0 (runtime  0.00)
 "set_ideal_net"            - successful      2 , failed      0 (runtime  0.01)
 "set_input_delay"          - successful      1 , failed      0 (runtime  0.00)
 "set_input_transition"     - successful      4 , failed      0 (runtime  0.05)
 "set_load"                 - successful      1 , failed      0 (runtime  0.00)
 "set_output_delay"         - successful      1 , failed      0 (runtime  0.00)
read_sdc completed in 00:00:00 (hh:mm:ss)
@file(riscv_core.tcl) 100: report timing -lint
============================================================
  Generated by:           Genus(TM) Synthesis Solution 21.18-s082_1
  Generated on:           Dec 02 2025  01:05:32 pm
  Module:                 riscv_core
  Library domain:         worst
    Domain index:         0
    Technology library:   slow_vdd1v0 1.0
  Library domain:         best
    Domain index:         1
    Technology library:   fast_vdd1v2 1.0
  Operating conditions:   PVT_0P9V_125C 
  Operating conditions:   PVT_1P32V_0C 
  Interconnect mode:      global
  Area mode:              physical library
============================================================


Lint summary
 Unconnected/logic driven clocks                                  0
 Sequential data pins driven by a clock signal                    0
 Sequential clock pins without clock waveform                     0
 Sequential clock pins with multiple clock waveforms              0
 Generated clocks without clock waveform                          0
 Generated clocks with incompatible options                       0
 Generated clocks with multi-master clock                         0
 Paths constrained with different clocks                          0
 Loop-breaking cells for combinational feedback                   0
 Nets with multiple drivers                                       0
 Timing exceptions with no effect                                 0
 Suspicious multi_cycle exceptions                                0
 Pins/ports with conflicting case constants                       0
 Inputs without clocked external delays                           0
 Outputs without clocked external delays                          0
 Inputs without external driver/transition                        0
 Outputs without external load                                    0
 Exceptions with invalid timing start-/endpoints                  0

                                                  Total:          0
@file(riscv_core.tcl) 101: report_timing -lint > ${RPT_DIR}/${freq_mhz}_MHz/${OP_CORNER}/${HDL_NAME}_timing_lint.rpt
@file(riscv_core.tcl) 106: set_db auto_ungroup both ;# (none|both) ungrouping will not be performed
  Setting attribute of root '/': 'auto_ungroup' = both
@file(riscv_core.tcl) 121: syn_generic ${HDL_NAME} 

Stage: pre_early_cg
------------------------------------------------
| Transform | Accepts | Rejects | Runtime (ms) | 
------------------------------------------------
------------------------------------------------
##Generic Timing Info for library domain: worst typical gate delay: 152.5 ps std_slew: 18.2 ps std_load: 1.0 fF
Starting mux data reorder optimization [v1.0] (stage: pre_to_gen_setup, startdef: riscv_core, recur: true)
Completed mux data reorder optimization (accepts: 0, rejects: 0, runtime: 0.055s)

Stage: pre_to_gen_setup
------------------------------------------------------
| Transform       | Accepts | Rejects | Runtime (ms) | 
------------------------------------------------------
| hlo_mux_reorder |       0 |       0 |        55.00 | 
------------------------------------------------------
Info    : Deleting instances not driving any primary outputs. [GLO-34]
        : Deleting 587 sequential instances.
        : Optimizations such as constant propagation or redundancy removal could change the connections so a hierarchical instance does not drive any primary outputs anymore. To see the list of deleted hierarchical instances, set the 'information_level' attribute to 2 or above. If the message is truncated set the message attribute 'truncate' to false to see the complete list. To prevent this optimization, set the 'delete_unloaded_insts' root/subdesign attribute to 'false' or 'preserve' instance attribute to 'true'.
Info    : Deleting instances not driving any primary outputs. [GLO-34]
        : Deleting 43 hierarchical instances.
Info    : Replacing a flip-flop with a logic constant 0. [GLO-12]
        : The instance is 'u_frontend/u_fetch/icache_invalidate_q_reg'.
        : To prevent this optimization, set the 'optimize_constant_0_flops' root attribute to 'false' or 'optimize_constant_0_seq' instance attribute to 'false'. You can also see the complete list of deleted sequential with command "report sequential -deleted" (on Reason "constant0").
Info    : Replacing a flip-flop with a logic constant 0. [GLO-12]
        : The instance is 'u_csr/init_done_reg[2]'.
Info    : Replacing a flip-flop with a logic constant 1. [GLO-13]
        : The instance is 'u_csr/u_csrfile/irq_priv_q_reg[0]'.
        : To prevent this optimization, set the 'optimize_constant_1_flops' root attribute to 'false' or 'optimize_constant_1_seq' instance attribute to 'false'.
Info    : Replacing a flip-flop with a logic constant 1. [GLO-13]
        : The instance is 'u_csr/u_csrfile/irq_priv_q_reg[1]'.
Info    : Replacing a flip-flop with a logic constant 1. [GLO-13]
        : The instance is 'u_csr/u_csrfile/csr_mpriv_q_reg[0]'.
Info    : Replacing a flip-flop with a logic constant 1. [GLO-13]
        : The instance is 'u_csr/u_csrfile/csr_mpriv_q_reg[1]'.
Info    : Replacing a flip-flop with a logic constant 0. [GLO-12]
        : The instance is 'u_csr/u_csrfile/csr_mideleg_q_reg[7]'.
Info    : Replacing a flip-flop with a logic constant 0. [GLO-12]
        : The instance is 'u_csr/u_csrfile/csr_mideleg_q_reg[11]'.
Info    : Replacing a flip-flop with a logic constant 0. [GLO-12]
        : The instance is 'u_csr/u_csrfile/csr_sepc_q_reg[0]'.
Info    : Replacing a flip-flop with a logic constant 0. [GLO-12]
        : The instance is 'u_csr/u_csrfile/csr_sepc_q_reg[1]'.
Info    : Replacing a flip-flop with a logic constant 0. [GLO-12]
        : The instance is 'u_csr/u_csrfile/csr_sepc_q_reg[2]'.
Info    : Replacing a flip-flop with a logic constant 0. [GLO-12]
        : The instance is 'u_csr/u_csrfile/csr_sepc_q_reg[3]'.
Info    : Replacing a flip-flop with a logic constant 0. [GLO-12]
        : The instance is 'u_csr/u_csrfile/csr_sepc_q_reg[4]'.
Info    : Replacing a flip-flop with a logic constant 0. [GLO-12]
        : The instance is 'u_csr/u_csrfile/csr_sepc_q_reg[5]'.
Info    : Replacing a flip-flop with a logic constant 0. [GLO-12]
        : The instance is 'u_csr/u_csrfile/csr_sepc_q_reg[6]'.
Info    : Replacing a flip-flop with a logic constant 0. [GLO-12]
        : The instance is 'u_csr/u_csrfile/csr_sepc_q_reg[7]'.
Info    : Replacing a flip-flop with a logic constant 0. [GLO-12]
        : The instance is 'u_csr/u_csrfile/csr_sepc_q_reg[8]'.
Info    : Replacing a flip-flop with a logic constant 0. [GLO-12]
        : The instance is 'u_csr/u_csrfile/csr_sepc_q_reg[9]'.
Info    : Replacing a flip-flop with a logic constant 0. [GLO-12]
        : The instance is 'u_csr/u_csrfile/csr_sepc_q_reg[10]'.
Info    : Replacing a flip-flop with a logic constant 0. [GLO-12]
        : The instance is 'u_csr/u_csrfile/csr_sepc_q_reg[11]'.
Info    : Replacing a flip-flop with a logic constant 0. [GLO-12]
        : The instance is 'u_csr/u_csrfile/csr_sepc_q_reg[12]'.
Info    : Replacing a flip-flop with a logic constant 0. [GLO-12]
        : The instance is 'u_csr/u_csrfile/csr_sepc_q_reg[13]'.
Info    : Replacing a flip-flop with a logic constant 0. [GLO-12]
        : The instance is 'u_csr/u_csrfile/csr_sepc_q_reg[14]'.
Info    : Replacing a flip-flop with a logic constant 0. [GLO-12]
        : The instance is 'u_csr/u_csrfile/csr_sepc_q_reg[15]'.
Warning : Maximum message print count reached. [MESG-11]
        : Maximum print count of '20' reached for message 'GLO-12'.
Info    : Deleting instances not driving any primary outputs. [GLO-34]
        : Deleting 470 sequential instances.
Info    : Deleting instances not driving any primary outputs. [GLO-34]
        : Deleting 6 hierarchical instances.
Info    : Deleting instances not driving any primary outputs. [GLO-34]
        : Deleting 9 hierarchical instances.
Current PLE settings:

Aspect ratio        : 1.000
Shrink factor       : 1.000
Scale of res/length : 1.000
Scale of cap/length : 1.000
Net derating factor : 1.000
Thermal factor      : 1.324
Via Resistance      : 0.600 ohm (from qrc_tech_file)
Site size           : 1.910 um (from lef [tech+cell])

                                    Capacitance  
   Layer                             / Length         Data source:
 Name        Direction Utilization  (pF/micron)       qrc_tech_file
-------------------------------------------------
metal1_conn      H         0.00        0.000367  
metal2_conn      V         1.00        0.000317  
metal3_conn      H         1.00        0.000315  
metal4_conn      V         1.00        0.000317  
metal5_conn      H         1.00        0.000317  
metal6_conn      V         1.00        0.000318  
metal7_conn      H         1.00        0.000318  
metal8_conn      V         1.00        0.000315  
metal9_conn      H         1.00        0.001755  
metal10_conn     V         1.00        0.000854  
metal11_conn     H         1.00        0.000739  

                                     Resistance   
   Layer                              / Length         Data source:
 Name        Direction Utilization  (ohm/micron)       qrc_tech_file
--------------------------------------------------
metal1_conn      H         0.00         1.900028  
metal2_conn      V         1.00         1.183743  
metal3_conn      H         1.00         1.183743  
metal4_conn      V         1.00         1.183743  
metal5_conn      H         1.00         1.183743  
metal6_conn      V         1.00         1.183743  
metal7_conn      H         1.00         1.183743  
metal8_conn      V         1.00         0.432387  
metal9_conn      H         1.00         0.432387  
metal10_conn     V         1.00         0.157232  
metal11_conn     H         1.00         0.158932  

                                         Area     
   Layer                               / Length        Data source:
 Name        Direction Utilization     (micron)        lef_library
--------------------------------------------------
Metal1           H         0.00         0.060000  
Metal2           V         1.00         0.080000  
Metal3           H         1.00         0.080000  
Metal4           V         1.00         0.080000  
Metal5           H         1.00         0.080000  
Metal6           V         1.00         0.080000  
Metal7           H         1.00         0.080000  
Metal8           V         1.00         0.080000  
Metal9           H         1.00         0.080000  
Metal10          V         1.00         0.220000  
Metal11          H         1.00         0.220000  

Info    : Synthesizing. [SYNTH-1]
        : Synthesizing 'riscv_core' to generic gates using 'medium' effort.
Running Synthesis Turbo Flow Version 1.
PBS_Generic-Start - Elapsed_Time 0, CPU_Time 0.0
stamp 'PBS_Generic-Start' being created for table 'pbs_debug'

  Total Time (Wall) |  Stage Time (Wall)  |   % (Wall)   |    Date - Time     |  Memory   | Stage
--------------------+---------------------+--------------+--------------------+-----------+----------------------
 00:00:25(00:00:26) |  00:00:00(00:00:00) |   0.0(  0.0) |   13:05:35 (Dec02) |  711.1 MB | PBS_Generic-Start
--------------------+---------------------+--------------+--------------------+-----------+----------------------
Number of threads: 8 * 1   (id: pbs_debug, time_info v1.57)
Info: (*N*) indicates data that was populated from previously saved time_info database
Info: CPU time includes time of parent + longest thread
TNS Restructuring config: no_value at stage: generic applied.
Info    : Partition Based Synthesis execution skipped. [PHYS-752]
        : Design size is less than the partition size '100000' for distributed generic optimization to kick in.
Starting mux data reorder optimization [v1.0] (stage: pre_to_gen_setup, startdef: riscv_core, recur: true)
Completed mux data reorder optimization (accepts: 0, rejects: 0, runtime: 0.088s)

Stage: pre_to_gen_setup
------------------------------------------------------
| Transform       | Accepts | Rejects | Runtime (ms) | 
------------------------------------------------------
| hlo_mux_reorder |       0 |       0 |        88.00 | 
------------------------------------------------------
Info    : Deleting instances not driving any primary outputs. [GLO-34]
        : Deleting 4 hierarchical instances.
Starting mux data reorder optimization [v1.0] (stage: post_to_gen_setup, startdef: riscv_core, recur: true)
Completed mux data reorder optimization (accepts: 0, rejects: 0, runtime: 0.048s)

Stage: post_to_gen_setup
------------------------------------------------------
| Transform       | Accepts | Rejects | Runtime (ms) | 
------------------------------------------------------
| hlo_mux_reorder |       0 |       0 |        48.00 | 
------------------------------------------------------
Current PLE settings:

Aspect ratio        : 1.000
Shrink factor       : 1.000
Scale of res/length : 1.000
Scale of cap/length : 1.000
Net derating factor : 1.000
Thermal factor      : 1.324
Via Resistance      : 0.600 ohm (from qrc_tech_file)
Site size           : 1.910 um (from lef [tech+cell])

                                    Capacitance  
   Layer                             / Length         Data source:
 Name        Direction Utilization  (pF/micron)       qrc_tech_file
-------------------------------------------------
metal1_conn      H         0.00        0.000367  
metal2_conn      V         1.00        0.000317  
metal3_conn      H         1.00        0.000315  
metal4_conn      V         1.00        0.000317  
metal5_conn      H         1.00        0.000317  
metal6_conn      V         1.00        0.000318  
metal7_conn      H         1.00        0.000318  
metal8_conn      V         1.00        0.000315  
metal9_conn      H         1.00        0.001755  
metal10_conn     V         1.00        0.000854  
metal11_conn     H         1.00        0.000739  

                                     Resistance   
   Layer                              / Length         Data source:
 Name        Direction Utilization  (ohm/micron)       qrc_tech_file
--------------------------------------------------
metal1_conn      H         0.00         1.900028  
metal2_conn      V         1.00         1.183743  
metal3_conn      H         1.00         1.183743  
metal4_conn      V         1.00         1.183743  
metal5_conn      H         1.00         1.183743  
metal6_conn      V         1.00         1.183743  
metal7_conn      H         1.00         1.183743  
metal8_conn      V         1.00         0.432387  
metal9_conn      H         1.00         0.432387  
metal10_conn     V         1.00         0.157232  
metal11_conn     H         1.00         0.158932  

                                         Area     
   Layer                               / Length        Data source:
 Name        Direction Utilization     (micron)        lef_library
--------------------------------------------------
Metal1           H         0.00         0.060000  
Metal2           V         1.00         0.080000  
Metal3           H         1.00         0.080000  
Metal4           V         1.00         0.080000  
Metal5           H         1.00         0.080000  
Metal6           V         1.00         0.080000  
Metal7           H         1.00         0.080000  
Metal8           V         1.00         0.080000  
Metal9           H         1.00         0.080000  
Metal10          V         1.00         0.220000  
Metal11          H         1.00         0.220000  

Running Unified Mux Engine Tricks...
Completed Unified Mux Engine Tricks

Stage: pre_hlo_rtlopt
--------------------------------------------
| Trick | Accepts | Rejects | Runtime (ms) | 
--------------------------------------------
--------------------------------------------
Starting infer macro optimization [v1.0] (stage: pre_rtlopt, startdef: riscv_core, recur: true)
Info    : Deleting instances not driving any primary outputs. [GLO-34]
        : Deleting 64 sequential instances.
Info    : Deleting instances not driving any primary outputs. [GLO-34]
        : Deleting 8 hierarchical instances.
Completed infer macro optimization (accepts: 3, rejects: 188, runtime: 0.144s)
Starting decode mux sandwich optimization [v2.0] (stage: pre_rtlopt, startdef: riscv_core, recur: true)
Completed decode mux sandwich optimization (accepts: 0, rejects: 0, runtime: 0.001s)
Starting decode mux optimization [v1.0] (stage: pre_rtlopt, startdef: riscv_core, recur: true)
Completed decode mux optimization (accepts: 0, rejects: 0, runtime: 0.000s)
Starting chop wide muxes [v1.0] (stage: pre_rtlopt, startdef: riscv_core, recur: true)
Completed chop wide muxes (accepts: 0, rejects: 0, runtime: 0.001s)
Starting common data mux cascade opt [v1.0] (stage: pre_rtlopt, startdef: riscv_core, recur: true)
Completed common data mux cascade opt (accepts: 0, rejects: 0, runtime: 0.004s)
Starting mux input consolidation [v1.0] (stage: pre_rtlopt, startdef: riscv_core, recur: true)
Completed mux input consolidation (accepts: 0, rejects: 0, runtime: 0.008s)
Starting constant-data mux optimization [v1.0] (stage: pre_rtlopt, startdef: riscv_core, recur: true)
Completed constant-data mux optimization (accepts: 0, rejects: 0, runtime: 0.003s)
Starting chain-to-tree inequality transform [v2.0] (stage: pre_rtlopt, startdef: riscv_core, recur: true)
Completed chain-to-tree inequality transform (accepts: 0, rejects: 0, runtime: 0.126s)
Starting reconvergence optimization [v1.0] (stage: pre_rtlopt, startdef: riscv_core, recur: true)
Completed reconvergence optimization (accepts: 0, rejects: 0, runtime: 0.002s)
Starting logic restructure optimization [v1.0] (stage: pre_rtlopt, startdef: riscv_core, recur: true)
Completed logic restructure optimization (accepts: 0, rejects: 0, runtime: 0.011s)
Starting common select mux optimization [v1.0] (stage: pre_rtlopt, startdef: riscv_core, recur: true)
Completed common select mux optimization (accepts: 0, rejects: 2, runtime: 0.009s)
Starting identity transform [v3.0] (stage: pre_rtlopt, startdef: riscv_core, recur: true)
Completed identity transform (accepts: 0, rejects: 1, runtime: 0.012s)
Starting reduce operator chain [v1.0] (stage: pre_rtlopt, startdef: riscv_core, recur: true)
Completed reduce operator chain (accepts: 0, rejects: 0, runtime: 0.001s)
Starting common data mux cascade opt [v1.0] (stage: pre_rtlopt, startdef: riscv_core, recur: true)
Completed common data mux cascade opt (accepts: 0, rejects: 0, runtime: 0.003s)
Starting mux input consolidation [v1.0] (stage: pre_rtlopt, startdef: riscv_core, recur: true)
Completed mux input consolidation (accepts: 0, rejects: 0, runtime: 0.008s)
Starting optimize datapath elements [v1.0] (stage: pre_rtlopt, startdef: riscv_core, recur: true)
Completed optimize datapath elements (accepts: 100, rejects: 0, runtime: 0.102s)
Starting datapath recasting [v1.0] (stage: pre_rtlopt, startdef: riscv_core, recur: true)
Completed datapath recasting (accepts: 0, rejects: 0, runtime: 0.001s)
Starting clip mux common data inputs [v1.0] (stage: pre_rtlopt, startdef: riscv_core, recur: true)
Completed clip mux common data inputs (accepts: 9, rejects: 0, runtime: 0.007s)
Starting clip the non-user hierarchies [v2.0] (stage: pre_rtlopt, startdef: riscv_core, recur: true)
Completed clip the non-user hierarchies (accepts: 0, rejects: 0, runtime: 0.001s)

Stage: pre_rtlopt
----------------------------------------------------------------
| Transform                 | Accepts | Rejects | Runtime (ms) | 
----------------------------------------------------------------
| hlo_infer_macro           |       3 |     188 |       144.00 | 
| hlo_decode_mux_sandwich   |       0 |       0 |         1.00 | 
| hlo_mux_decode            |       0 |       0 |         0.00 | 
| hlo_chop_mux              |       0 |       0 |         1.00 | 
| hlo_mux_cascade_opt       |       0 |       0 |         4.00 | 
| hlo_mux_consolidation     |       0 |       0 |         8.00 | 
| hlo_constant_mux_opt      |       0 |       0 |         3.00 | 
| hlo_inequality_transform  |       0 |       0 |       126.00 | 
| hlo_reconv_opt            |       0 |       0 |         2.00 | 
| hlo_restructure           |       0 |       0 |        11.00 | 
| hlo_common_select_muxopto |       0 |       2 |         9.00 | 
| hlo_identity_transform    |       0 |       1 |        12.00 | 
| hlo_reduce_operator_chain |       0 |       0 |         1.00 | 
| hlo_mux_cascade_opt       |       0 |       0 |         3.00 | 
| hlo_mux_consolidation     |       0 |       0 |         8.00 | 
| hlo_optimize_datapath     |     100 |       0 |       102.00 | 
| hlo_datapath_recast       |       0 |       0 |         1.00 | 
| hlo_clip_mux_input        |       9 |       0 |         7.00 | 
| hlo_clip                  |       0 |       0 |         1.00 | 
----------------------------------------------------------------
Running Unified Mux Engine Tricks...
Completed Unified Mux Engine Tricks

Stage: post_hlo_rtlopt
--------------------------------------------------
| Trick       | Accepts | Rejects | Runtime (ms) | 
--------------------------------------------------
| ume_runtime |       0 |       0 |         1.00 | 
--------------------------------------------------
Number of big hc bmuxes before = 10
Number of non-ctl's : 23
g43 g44 g410 g411 g412 g413 mux_alu_func_r_95_26 mux_alu_func_r_155_31 mux_alu_func_r_191_31 mux_alu_func_r_209_31 mux_alu_input_a_r_95_26 mux_alu_input_a_r_155_31 mux_alu_input_a_r_191_31 mux_alu_input_a_r_209_31 mux_alu_input_b_r_95_26 mux_alu_input_b_r_155_31 mux_alu_input_b_r_191_31 mux_alu_input_b_r_209_31 mux_branch_r_318_31 mux_alu_func_r_155_51 mux_alu_func_r_219_418 mux_branch_r_310_420 mux_branch_taken_r_310_422 
SOP DEBUG : Module= biriscv_exec, Cluster= ctl_95_26, ctl= 9, Non-ctl= 23
implTypeToString() API needs to be updated for implementation 105
Selected impl_type 105 (Unknown) for sop cluster ctl_95_26.
Number of non-ctl's : 9
mux_mem_data_r_193_15 mux_mem_data_r_208_15 mux_mem_wr_r_193_15 mux_mem_wr_r_208_15 mux_mem_data_r_191_1588 mux_mem_wr_r_191_1594 mux_mem_data_r_206_1590 mux_mem_wr_r_206_1596 mux_mem_wr_r_186_1592 
SOP DEBUG : Module= biriscv_lsu_MEM_CACHE_ADDR_MIN32h80000000_MEM_CACHE_ADDR_MAX32h8fffffff, Cluster= ctl_mem_addr_r_193_15, ctl= 7, Non-ctl= 9
implTypeToString() API needs to be updated for implementation 105
Selected impl_type 105 (Unknown) for sop cluster ctl_mem_addr_r_193_15.
Number of non-ctl's : 2
mux_cmbsop_ext_A_s_95_19 mux_upper_s_93_3056 
SOP DEBUG : Module= biriscv_multiplier, Cluster= ctl_95_19, ctl= 2, Non-ctl= 2
Selected impl_type 0 (ctl + 1-hot mux form) for sop cluster ctl_95_19.
Info    : Deleting instances not driving any primary outputs. [GLO-34]
        : Deleting 42 sequential instances.
Info    : Pre-processed datapath logic. [DPOPT-6]
        : Pre-processing optimizations applied to datapath logic in 'riscv_core':
          live_trim(32) sop(3) mux_reduce(1) output_trim(4) 
Info    : Deleting instances not driving any primary outputs. [GLO-34]
        : Deleting 31 sequential instances.
Info    : Deleting instances not driving any primary outputs. [GLO-34]
        : Deleting 1 hierarchical instance.
Info    : Optimizing datapath logic. [DPOPT-1]
        : Optimizing datapath logic in 'riscv_core'.
Info    : Implementing datapath configurations. [DPOPT-3]
        : Implementing datapath configurations for 'CDN_DP_region_3_9'
Info    : Accepted resource sharing opportunity. [RTLOPT-30]
        : Merged the following sets of instances in 'CDN_DP_region_3_9_c1 in riscv_core':
	  (u_exec0_lt_351_46, u_exec0_gte_356_46)

Info    : Accepted resource sharing opportunity. [RTLOPT-30]
        : Merged the following sets of instances in 'CDN_DP_region_3_9_c1 in riscv_core':
	  (u_exec1_lt_351_46, u_exec1_gte_356_46)

Info    : Accepted resource sharing opportunity. [RTLOPT-30]
        : Merged the following sets of instances in 'CDN_DP_region_3_9_c1 in riscv_core':
	  (u_exec0_add_322_51, u_exec0_add_308_35, u_exec0_add_314_39)

Info    : Accepted resource sharing opportunity. [RTLOPT-30]
        : Merged the following sets of instances in 'CDN_DP_region_3_9_c1 in riscv_core':
	  (u_exec1_add_322_51, u_exec1_add_308_35, u_exec1_add_314_39)

PORT: <0> {
  4  : 1'b0
  3  : 1'b0
  2  : 1'b0
  1  : 1'b0
  0  : 1'b0
}
PORT: <0> {
  4  : 1'b0
  3  : 1'b0
  2  : 1'b0
  1  : 1'b0
  0  : 1'b0
}
PORT: <0> {
  4  : 1'b0
  3  : 1'b0
  2  : 1'b0
  1  : 1'b0
  0  : 1'b0
}
PORT: <0> {
  4  : 1'b0
  3  : 1'b0
  2  : 1'b0
  1  : 1'b0
  0  : 1'b0
}
PORT: <0> {
  4  : 1'b0
  3  : 1'b0
  2  : 1'b0
  1  : 1'b0
  0  : 1'b0
}
PORT: <0> {
  4  : 1'b0
  3  : 1'b0
  2  : 1'b0
  1  : 1'b0
  0  : 1'b0
}
Number of non-ctl's : 2
g3933 u_exec0_mux_branch_taken_r_318_31 
SOP DEBUG : Module= CDN_DP_region_3_9_c1, Cluster= u_exec0_ctl_318_31_create, ctl= 1, Non-ctl= 2
Selected impl_type 0 (ctl + 1-hot mux form) for sop cluster u_exec0_ctl_318_31_create.
Number of non-ctl's : 2
g3935 u_exec1_mux_branch_taken_r_318_31 
SOP DEBUG : Module= CDN_DP_region_3_9_c1, Cluster= u_exec1_ctl_318_31_create, ctl= 1, Non-ctl= 2
Selected impl_type 0 (ctl + 1-hot mux form) for sop cluster u_exec1_ctl_318_31_create.
Info    : Accepted resource sharing opportunity. [RTLOPT-30]
        : Merged the following sets of instances in 'CDN_DP_region_3_9_c2 in riscv_core':
	  (u_exec0_lt_351_46, u_exec0_gte_356_46)

Info    : Accepted resource sharing opportunity. [RTLOPT-30]
        : Merged the following sets of instances in 'CDN_DP_region_3_9_c2 in riscv_core':
	  (u_exec1_lt_351_46, u_exec1_gte_356_46)

Info    : Accepted resource sharing opportunity. [RTLOPT-30]
        : Merged the following sets of instances in 'CDN_DP_region_3_9_c2 in riscv_core':
	  (u_exec0_add_322_51, u_exec0_add_308_35, u_exec0_add_314_39)

Info    : Accepted resource sharing opportunity. [RTLOPT-30]
        : Merged the following sets of instances in 'CDN_DP_region_3_9_c2 in riscv_core':
	  (u_exec1_add_322_51, u_exec1_add_308_35, u_exec1_add_314_39)

Info    : Accepted resource sharing opportunity. [RTLOPT-30]
        : Merged the following sets of instances in 'CDN_DP_region_3_9_c2 in riscv_core':
	  (u_issue_add_214_22, u_issue_add_212_22)

Info    : Accepted resource sharing opportunity. [RTLOPT-30]
        : Merged the following sets of instances in 'CDN_DP_region_3_9_c2 in riscv_core':
	  (u_lsu_add_177_42, u_lsu_add_175_42)

Number of non-ctl's : 2
g3933 u_exec0_mux_branch_taken_r_318_31 
SOP DEBUG : Module= CDN_DP_region_3_9_c2, Cluster= u_exec0_ctl_318_31_create, ctl= 1, Non-ctl= 2
Selected impl_type 0 (ctl + 1-hot mux form) for sop cluster u_exec0_ctl_318_31_create.
Number of non-ctl's : 2
g3935 u_exec1_mux_branch_taken_r_318_31 
SOP DEBUG : Module= CDN_DP_region_3_9_c2, Cluster= u_exec1_ctl_318_31_create, ctl= 1, Non-ctl= 2
Selected impl_type 0 (ctl + 1-hot mux form) for sop cluster u_exec1_ctl_318_31_create.
Info    : Accepted resource sharing opportunity. [RTLOPT-30]
        : Merged the following sets of instances in 'CDN_DP_region_3_9_c3 in riscv_core':
	  (u_exec0_lt_351_46, u_exec0_gte_356_46)

Info    : Accepted resource sharing opportunity. [RTLOPT-30]
        : Merged the following sets of instances in 'CDN_DP_region_3_9_c3 in riscv_core':
	  (u_exec1_lt_351_46, u_exec1_gte_356_46)

Info    : Accepted resource sharing opportunity. [RTLOPT-30]
        : Merged the following sets of instances in 'CDN_DP_region_3_9_c3 in riscv_core':
	  (u_exec0_add_322_51, u_exec0_add_308_35, u_exec0_add_314_39)

Info    : Accepted resource sharing opportunity. [RTLOPT-30]
        : Merged the following sets of instances in 'CDN_DP_region_3_9_c3 in riscv_core':
	  (u_exec1_add_322_51, u_exec1_add_308_35, u_exec1_add_314_39)

PORT: <0> {
  4  : 1'b0
  3  : 1'b0
  2  : 1'b0
  1  : 1'b0
  0  : 1'b0
}
PORT: <0> {
  4  : 1'b0
  3  : 1'b0
  2  : 1'b0
  1  : 1'b0
  0  : 1'b0
}
PORT: <0> {
  4  : 1'b0
  3  : 1'b0
  2  : 1'b0
  1  : 1'b0
  0  : 1'b0
}
PORT: <0> {
  4  : 1'b0
  3  : 1'b0
  2  : 1'b0
  1  : 1'b0
  0  : 1'b0
}
PORT: <0> {
  4  : 1'b0
  3  : 1'b0
  2  : 1'b0
  1  : 1'b0
  0  : 1'b0
}
PORT: <0> {
  4  : 1'b0
  3  : 1'b0
  2  : 1'b0
  1  : 1'b0
  0  : 1'b0
}
PORT: <0> {
  2  : 1'b0
  1  : 1'b0
  0  : 1'b0
}
PORT: <0> {
  2  : 1'b0
  1  : 1'b0
  0  : 1'b0
}
PORT: <0> {
  2  : 1'b0
  1  : 1'b0
  0  : 1'b0
}
PORT: <0> {
  2  : 1'b0
  1  : 1'b0
  0  : 1'b0
}
PORT: <0> {
  2  : 1'b0
  1  : 1'b0
  0  : 1'b0
}
PORT: <0> {
  2  : 1'b0
  1  : 1'b0
  0  : 1'b0
}
PORT: <0> {
  2  : 1'b0
  1  : 1'b0
  0  : 1'b0
}
PORT: <0> {
  2  : 1'b0
  1  : 1'b0
  0  : 1'b0
}
PORT: <0> {
  2  : 1'b0
  1  : 1'b0
  0  : 1'b0
}
PORT: <0> {
  2  : 1'b0
  1  : 1'b0
  0  : 1'b0
}
PORT: <0> {
  2  : 1'b0
  1  : 1'b0
  0  : 1'b0
}
PORT: <0> {
  2  : 1'b0
  1  : 1'b0
  0  : 1'b0
}
PORT: <0> {
  2  : 1'b0
  1  : 1'b0
  0  : 1'b0
}
PORT: <0> {
  2  : 1'b0
  1  : 1'b0
  0  : 1'b0
}
PORT: <0> {
  2  : 1'b0
  1  : 1'b0
  0  : 1'b0
}
PORT: <0> {
  2  : 1'b0
  1  : 1'b0
  0  : 1'b0
}
PORT: <0> {
  4  : 1'b0
  3  : 1'b0
  2  : 1'b0
  1  : 1'b0
  0  : 1'b0
}
PORT: <0> {
  4  : 1'b0
  3  : 1'b0
  2  : 1'b0
  1  : 1'b0
  0  : 1'b0
}
PORT: <0> {
  4  : 1'b0
  3  : 1'b0
  2  : 1'b0
  1  : 1'b0
  0  : 1'b0
}
PORT: <0> {
  4  : 1'b0
  3  : 1'b0
  2  : 1'b0
  1  : 1'b0
  0  : 1'b0
}
PORT: <0> {
  4  : 1'b0
  3  : 1'b0
  2  : 1'b0
  1  : 1'b0
  0  : 1'b0
}
PORT: <0> {
  4  : 1'b0
  3  : 1'b0
  2  : 1'b0
  1  : 1'b0
  0  : 1'b0
}
PORT: <0> {
  2  : 1'b0
  1  : 1'b0
  0  : 1'b0
}
PORT: <0> {
  2  : 1'b0
  1  : 1'b0
  0  : 1'b0
}
PORT: <0> {
  2  : 1'b0
  1  : 1'b0
  0  : 1'b0
}
PORT: <0> {
  2  : 1'b0
  1  : 1'b0
  0  : 1'b0
}
PORT: <0> {
  2  : 1'b0
  1  : 1'b0
  0  : 1'b0
}
PORT: <0> {
  2  : 1'b0
  1  : 1'b0
  0  : 1'b0
}
PORT: <0> {
  2  : 1'b0
  1  : 1'b0
  0  : 1'b0
}
PORT: <0> {
  2  : 1'b0
  1  : 1'b0
  0  : 1'b0
}
PORT: <0> {
  2  : 1'b0
  1  : 1'b0
  0  : 1'b0
}
PORT: <0> {
  2  : 1'b0
  1  : 1'b0
  0  : 1'b0
}
PORT: <0> {
  2  : 1'b0
  1  : 1'b0
  0  : 1'b0
}
PORT: <0> {
  2  : 1'b0
  1  : 1'b0
  0  : 1'b0
}
PORT: <0> {
  2  : 1'b0
  1  : 1'b0
  0  : 1'b0
}
PORT: <0> {
  2  : 1'b0
  1  : 1'b0
  0  : 1'b0
}
PORT: <0> {
  2  : 1'b0
  1  : 1'b0
  0  : 1'b0
}
PORT: <0> {
  2  : 1'b0
  1  : 1'b0
  0  : 1'b0
}
PORT: <0> {
  4  : 1'b0
  3  : 1'b0
  2  : 1'b0
  1  : 1'b0
  0  : 1'b0
}
PORT: <0> {
  4  : 1'b0
  3  : 1'b0
  2  : 1'b0
  1  : 1'b0
  0  : 1'b0
}
PORT: <0> {
  4  : 1'b0
  3  : 1'b0
  2  : 1'b0
  1  : 1'b0
  0  : 1'b0
}
PORT: <0> {
  4  : 1'b0
  3  : 1'b0
  2  : 1'b0
  1  : 1'b0
  0  : 1'b0
}
PORT: <0> {
  4  : 1'b0
  3  : 1'b0
  2  : 1'b0
  1  : 1'b0
  0  : 1'b0
}
PORT: <0> {
  4  : 1'b0
  3  : 1'b0
  2  : 1'b0
  1  : 1'b0
  0  : 1'b0
}
PORT: <0> {
  2  : 1'b0
  1  : 1'b0
  0  : 1'b0
}
PORT: <0> {
  2  : 1'b0
  1  : 1'b0
  0  : 1'b0
}
PORT: <0> {
  2  : 1'b0
  1  : 1'b0
  0  : 1'b0
}
PORT: <0> {
  2  : 1'b0
  1  : 1'b0
  0  : 1'b0
}
PORT: <0> {
  2  : 1'b0
  1  : 1'b0
  0  : 1'b0
}
PORT: <0> {
  2  : 1'b0
  1  : 1'b0
  0  : 1'b0
}
PORT: <0> {
  2  : 1'b0
  1  : 1'b0
  0  : 1'b0
}
PORT: <0> {
  2  : 1'b0
  1  : 1'b0
  0  : 1'b0
}
PORT: <0> {
  2  : 1'b0
  1  : 1'b0
  0  : 1'b0
}
PORT: <0> {
  2  : 1'b0
  1  : 1'b0
  0  : 1'b0
}
PORT: <0> {
  2  : 1'b0
  1  : 1'b0
  0  : 1'b0
}
PORT: <0> {
  2  : 1'b0
  1  : 1'b0
  0  : 1'b0
}
PORT: <0> {
  2  : 1'b0
  1  : 1'b0
  0  : 1'b0
}
PORT: <0> {
  2  : 1'b0
  1  : 1'b0
  0  : 1'b0
}
PORT: <0> {
  2  : 1'b0
  1  : 1'b0
  0  : 1'b0
}
PORT: <0> {
  2  : 1'b0
  1  : 1'b0
  0  : 1'b0
}
PORT: <0> {
  4  : 1'b0
  3  : 1'b0
  2  : 1'b0
  1  : 1'b0
  0  : 1'b0
}
PORT: <0> {
  4  : 1'b0
  3  : 1'b0
  2  : 1'b0
  1  : 1'b0
  0  : 1'b0
}
PORT: <0> {
  4  : 1'b0
  3  : 1'b0
  2  : 1'b0
  1  : 1'b0
  0  : 1'b0
}
PORT: <0> {
  4  : 1'b0
  3  : 1'b0
  2  : 1'b0
  1  : 1'b0
  0  : 1'b0
}
PORT: <0> {
  4  : 1'b0
  3  : 1'b0
  2  : 1'b0
  1  : 1'b0
  0  : 1'b0
}
PORT: <0> {
  4  : 1'b0
  3  : 1'b0
  2  : 1'b0
  1  : 1'b0
  0  : 1'b0
}
PORT: <0> {
  2  : 1'b0
  1  : 1'b0
  0  : 1'b0
}
PORT: <0> {
  2  : 1'b0
  1  : 1'b0
  0  : 1'b0
}
PORT: <0> {
  2  : 1'b0
  1  : 1'b0
  0  : 1'b0
}
PORT: <0> {
  2  : 1'b0
  1  : 1'b0
  0  : 1'b0
}
PORT: <0> {
  2  : 1'b0
  1  : 1'b0
  0  : 1'b0
}
PORT: <0> {
  2  : 1'b0
  1  : 1'b0
  0  : 1'b0
}
PORT: <0> {
  2  : 1'b0
  1  : 1'b0
  0  : 1'b0
}
PORT: <0> {
  2  : 1'b0
  1  : 1'b0
  0  : 1'b0
}
PORT: <0> {
  2  : 1'b0
  1  : 1'b0
  0  : 1'b0
}
PORT: <0> {
  2  : 1'b0
  1  : 1'b0
  0  : 1'b0
}
PORT: <0> {
  2  : 1'b0
  1  : 1'b0
  0  : 1'b0
}
PORT: <0> {
  2  : 1'b0
  1  : 1'b0
  0  : 1'b0
}
PORT: <0> {
  2  : 1'b0
  1  : 1'b0
  0  : 1'b0
}
PORT: <0> {
  2  : 1'b0
  1  : 1'b0
  0  : 1'b0
}
PORT: <0> {
  2  : 1'b0
  1  : 1'b0
  0  : 1'b0
}
PORT: <0> {
  2  : 1'b0
  1  : 1'b0
  0  : 1'b0
}
Number of non-ctl's : 2
g3933 u_exec0_mux_branch_taken_r_318_31 
SOP DEBUG : Module= CDN_DP_region_3_9_c3, Cluster= u_exec0_ctl_318_31_create, ctl= 1, Non-ctl= 2
Selected impl_type 0 (ctl + 1-hot mux form) for sop cluster u_exec0_ctl_318_31_create.
Number of non-ctl's : 2
g3935 u_exec1_mux_branch_taken_r_318_31 
SOP DEBUG : Module= CDN_DP_region_3_9_c3, Cluster= u_exec1_ctl_318_31_create, ctl= 1, Non-ctl= 2
Selected impl_type 0 (ctl + 1-hot mux form) for sop cluster u_exec1_ctl_318_31_create.
Info    : Accepted resource sharing opportunity. [RTLOPT-30]
        : Merged the following sets of instances in 'CDN_DP_region_3_9_c4 in riscv_core':
	  (u_exec0_lt_351_46, u_exec0_gte_356_46)

Info    : Accepted resource sharing opportunity. [RTLOPT-30]
        : Merged the following sets of instances in 'CDN_DP_region_3_9_c4 in riscv_core':
	  (u_exec1_lt_351_46, u_exec1_gte_356_46)

Info    : Accepted resource sharing opportunity. [RTLOPT-30]
        : Merged the following sets of instances in 'CDN_DP_region_3_9_c4 in riscv_core':
	  (u_exec0_add_322_51, u_exec0_add_308_35, u_exec0_add_314_39)

Info    : Accepted resource sharing opportunity. [RTLOPT-30]
        : Merged the following sets of instances in 'CDN_DP_region_3_9_c4 in riscv_core':
	  (u_exec1_add_322_51, u_exec1_add_308_35, u_exec1_add_314_39)

PORT: <0> {
  4  : 1'b0
  3  : 1'b0
  2  : 1'b0
  1  : 1'b0
  0  : 1'b0
}
PORT: <0> {
  4  : 1'b0
  3  : 1'b0
  2  : 1'b0
  1  : 1'b0
  0  : 1'b0
}
PORT: <0> {
  4  : 1'b0
  3  : 1'b0
  2  : 1'b0
  1  : 1'b0
  0  : 1'b0
}
PORT: <0> {
  4  : 1'b0
  3  : 1'b0
  2  : 1'b0
  1  : 1'b0
  0  : 1'b0
}
PORT: <0> {
  4  : 1'b0
  3  : 1'b0
  2  : 1'b0
  1  : 1'b0
  0  : 1'b0
}
PORT: <0> {
  4  : 1'b0
  3  : 1'b0
  2  : 1'b0
  1  : 1'b0
  0  : 1'b0
}
PORT: <0> {
  2  : 1'b0
  1  : 1'b0
  0  : 1'b0
}
PORT: <0> {
  2  : 1'b0
  1  : 1'b0
  0  : 1'b0
}
PORT: <0> {
  2  : 1'b0
  1  : 1'b0
  0  : 1'b0
}
PORT: <0> {
  2  : 1'b0
  1  : 1'b0
  0  : 1'b0
}
PORT: <0> {
  2  : 1'b0
  1  : 1'b0
  0  : 1'b0
}
PORT: <0> {
  2  : 1'b0
  1  : 1'b0
  0  : 1'b0
}
PORT: <0> {
  2  : 1'b0
  1  : 1'b0
  0  : 1'b0
}
PORT: <0> {
  2  : 1'b0
  1  : 1'b0
  0  : 1'b0
}
PORT: <0> {
  2  : 1'b0
  1  : 1'b0
  0  : 1'b0
}
PORT: <0> {
  2  : 1'b0
  1  : 1'b0
  0  : 1'b0
}
PORT: <0> {
  2  : 1'b0
  1  : 1'b0
  0  : 1'b0
}
PORT: <0> {
  2  : 1'b0
  1  : 1'b0
  0  : 1'b0
}
PORT: <0> {
  2  : 1'b0
  1  : 1'b0
  0  : 1'b0
}
PORT: <0> {
  2  : 1'b0
  1  : 1'b0
  0  : 1'b0
}
PORT: <0> {
  2  : 1'b0
  1  : 1'b0
  0  : 1'b0
}
PORT: <0> {
  2  : 1'b0
  1  : 1'b0
  0  : 1'b0
}
PORT: <0> {
  4  : 1'b0
  3  : 1'b0
  2  : 1'b0
  1  : 1'b0
  0  : 1'b0
}
PORT: <0> {
  4  : 1'b0
  3  : 1'b0
  2  : 1'b0
  1  : 1'b0
  0  : 1'b0
}
PORT: <0> {
  4  : 1'b0
  3  : 1'b0
  2  : 1'b0
  1  : 1'b0
  0  : 1'b0
}
PORT: <0> {
  4  : 1'b0
  3  : 1'b0
  2  : 1'b0
  1  : 1'b0
  0  : 1'b0
}
PORT: <0> {
  4  : 1'b0
  3  : 1'b0
  2  : 1'b0
  1  : 1'b0
  0  : 1'b0
}
PORT: <0> {
  4  : 1'b0
  3  : 1'b0
  2  : 1'b0
  1  : 1'b0
  0  : 1'b0
}
PORT: <0> {
  2  : 1'b0
  1  : 1'b0
  0  : 1'b0
}
PORT: <0> {
  2  : 1'b0
  1  : 1'b0
  0  : 1'b0
}
PORT: <0> {
  2  : 1'b0
  1  : 1'b0
  0  : 1'b0
}
PORT: <0> {
  2  : 1'b0
  1  : 1'b0
  0  : 1'b0
}
PORT: <0> {
  2  : 1'b0
  1  : 1'b0
  0  : 1'b0
}
PORT: <0> {
  2  : 1'b0
  1  : 1'b0
  0  : 1'b0
}
PORT: <0> {
  2  : 1'b0
  1  : 1'b0
  0  : 1'b0
}
PORT: <0> {
  2  : 1'b0
  1  : 1'b0
  0  : 1'b0
}
PORT: <0> {
  2  : 1'b0
  1  : 1'b0
  0  : 1'b0
}
PORT: <0> {
  2  : 1'b0
  1  : 1'b0
  0  : 1'b0
}
PORT: <0> {
  2  : 1'b0
  1  : 1'b0
  0  : 1'b0
}
PORT: <0> {
  2  : 1'b0
  1  : 1'b0
  0  : 1'b0
}
PORT: <0> {
  2  : 1'b0
  1  : 1'b0
  0  : 1'b0
}
PORT: <0> {
  2  : 1'b0
  1  : 1'b0
  0  : 1'b0
}
PORT: <0> {
  2  : 1'b0
  1  : 1'b0
  0  : 1'b0
}
PORT: <0> {
  2  : 1'b0
  1  : 1'b0
  0  : 1'b0
}
PORT: <0> {
  4  : 1'b0
  3  : 1'b0
  2  : 1'b0
  1  : 1'b0
  0  : 1'b0
}
PORT: <0> {
  4  : 1'b0
  3  : 1'b0
  2  : 1'b0
  1  : 1'b0
  0  : 1'b0
}
PORT: <0> {
  4  : 1'b0
  3  : 1'b0
  2  : 1'b0
  1  : 1'b0
  0  : 1'b0
}
PORT: <0> {
  4  : 1'b0
  3  : 1'b0
  2  : 1'b0
  1  : 1'b0
  0  : 1'b0
}
PORT: <0> {
  4  : 1'b0
  3  : 1'b0
  2  : 1'b0
  1  : 1'b0
  0  : 1'b0
}
PORT: <0> {
  4  : 1'b0
  3  : 1'b0
  2  : 1'b0
  1  : 1'b0
  0  : 1'b0
}
PORT: <0> {
  2  : 1'b0
  1  : 1'b0
  0  : 1'b0
}
PORT: <0> {
  2  : 1'b0
  1  : 1'b0
  0  : 1'b0
}
PORT: <0> {
  2  : 1'b0
  1  : 1'b0
  0  : 1'b0
}
PORT: <0> {
  2  : 1'b0
  1  : 1'b0
  0  : 1'b0
}
PORT: <0> {
  2  : 1'b0
  1  : 1'b0
  0  : 1'b0
}
PORT: <0> {
  2  : 1'b0
  1  : 1'b0
  0  : 1'b0
}
PORT: <0> {
  2  : 1'b0
  1  : 1'b0
  0  : 1'b0
}
PORT: <0> {
  2  : 1'b0
  1  : 1'b0
  0  : 1'b0
}
PORT: <0> {
  2  : 1'b0
  1  : 1'b0
  0  : 1'b0
}
PORT: <0> {
  2  : 1'b0
  1  : 1'b0
  0  : 1'b0
}
PORT: <0> {
  2  : 1'b0
  1  : 1'b0
  0  : 1'b0
}
PORT: <0> {
  2  : 1'b0
  1  : 1'b0
  0  : 1'b0
}
PORT: <0> {
  2  : 1'b0
  1  : 1'b0
  0  : 1'b0
}
PORT: <0> {
  2  : 1'b0
  1  : 1'b0
  0  : 1'b0
}
PORT: <0> {
  2  : 1'b0
  1  : 1'b0
  0  : 1'b0
}
PORT: <0> {
  2  : 1'b0
  1  : 1'b0
  0  : 1'b0
}
PORT: <0> {
  4  : 1'b0
  3  : 1'b0
  2  : 1'b0
  1  : 1'b0
  0  : 1'b0
}
PORT: <0> {
  4  : 1'b0
  3  : 1'b0
  2  : 1'b0
  1  : 1'b0
  0  : 1'b0
}
PORT: <0> {
  4  : 1'b0
  3  : 1'b0
  2  : 1'b0
  1  : 1'b0
  0  : 1'b0
}
PORT: <0> {
  4  : 1'b0
  3  : 1'b0
  2  : 1'b0
  1  : 1'b0
  0  : 1'b0
}
PORT: <0> {
  4  : 1'b0
  3  : 1'b0
  2  : 1'b0
  1  : 1'b0
  0  : 1'b0
}
PORT: <0> {
  4  : 1'b0
  3  : 1'b0
  2  : 1'b0
  1  : 1'b0
  0  : 1'b0
}
PORT: <0> {
  2  : 1'b0
  1  : 1'b0
  0  : 1'b0
}
PORT: <0> {
  2  : 1'b0
  1  : 1'b0
  0  : 1'b0
}
PORT: <0> {
  2  : 1'b0
  1  : 1'b0
  0  : 1'b0
}
PORT: <0> {
  2  : 1'b0
  1  : 1'b0
  0  : 1'b0
}
PORT: <0> {
  2  : 1'b0
  1  : 1'b0
  0  : 1'b0
}
PORT: <0> {
  2  : 1'b0
  1  : 1'b0
  0  : 1'b0
}
PORT: <0> {
  2  : 1'b0
  1  : 1'b0
  0  : 1'b0
}
PORT: <0> {
  2  : 1'b0
  1  : 1'b0
  0  : 1'b0
}
PORT: <0> {
  2  : 1'b0
  1  : 1'b0
  0  : 1'b0
}
PORT: <0> {
  2  : 1'b0
  1  : 1'b0
  0  : 1'b0
}
PORT: <0> {
  2  : 1'b0
  1  : 1'b0
  0  : 1'b0
}
PORT: <0> {
  2  : 1'b0
  1  : 1'b0
  0  : 1'b0
}
PORT: <0> {
  2  : 1'b0
  1  : 1'b0
  0  : 1'b0
}
PORT: <0> {
  2  : 1'b0
  1  : 1'b0
  0  : 1'b0
}
PORT: <0> {
  2  : 1'b0
  1  : 1'b0
  0  : 1'b0
}
PORT: <0> {
  2  : 1'b0
  1  : 1'b0
  0  : 1'b0
}
Number of non-ctl's : 2
g3933 u_exec0_mux_branch_taken_r_318_31 
SOP DEBUG : Module= CDN_DP_region_3_9_c4, Cluster= u_exec0_ctl_318_31_create, ctl= 1, Non-ctl= 2
Selected impl_type 0 (ctl + 1-hot mux form) for sop cluster u_exec0_ctl_318_31_create.
Number of non-ctl's : 2
g3935 u_exec1_mux_branch_taken_r_318_31 
SOP DEBUG : Module= CDN_DP_region_3_9_c4, Cluster= u_exec1_ctl_318_31_create, ctl= 1, Non-ctl= 2
Selected impl_type 0 (ctl + 1-hot mux form) for sop cluster u_exec1_ctl_318_31_create.
PORT: <0> {
  4  : 1'b0
  3  : 1'b0
  2  : 1'b0
  1  : 1'b0
  0  : 1'b0
}
PORT: <0> {
  4  : 1'b0
  3  : 1'b0
  2  : 1'b0
  1  : 1'b0
  0  : 1'b0
}
PORT: <0> {
  4  : 1'b0
  3  : 1'b0
  2  : 1'b0
  1  : 1'b0
  0  : 1'b0
}
PORT: <0> {
  4  : 1'b0
  3  : 1'b0
  2  : 1'b0
  1  : 1'b0
  0  : 1'b0
}
PORT: <0> {
  4  : 1'b0
  3  : 1'b0
  2  : 1'b0
  1  : 1'b0
  0  : 1'b0
}
PORT: <0> {
  4  : 1'b0
  3  : 1'b0
  2  : 1'b0
  1  : 1'b0
  0  : 1'b0
}
PORT: <0> {
  2  : 1'b0
  1  : 1'b0
  0  : 1'b0
}
PORT: <0> {
  2  : 1'b0
  1  : 1'b0
  0  : 1'b0
}
PORT: <0> {
  2  : 1'b0
  1  : 1'b0
  0  : 1'b0
}
PORT: <0> {
  2  : 1'b0
  1  : 1'b0
  0  : 1'b0
}
PORT: <0> {
  2  : 1'b0
  1  : 1'b0
  0  : 1'b0
}
PORT: <0> {
  2  : 1'b0
  1  : 1'b0
  0  : 1'b0
}
PORT: <0> {
  2  : 1'b0
  1  : 1'b0
  0  : 1'b0
}
PORT: <0> {
  2  : 1'b0
  1  : 1'b0
  0  : 1'b0
}
PORT: <0> {
  2  : 1'b0
  1  : 1'b0
  0  : 1'b0
}
PORT: <0> {
  2  : 1'b0
  1  : 1'b0
  0  : 1'b0
}
PORT: <0> {
  2  : 1'b0
  1  : 1'b0
  0  : 1'b0
}
PORT: <0> {
  2  : 1'b0
  1  : 1'b0
  0  : 1'b0
}
PORT: <0> {
  2  : 1'b0
  1  : 1'b0
  0  : 1'b0
}
PORT: <0> {
  2  : 1'b0
  1  : 1'b0
  0  : 1'b0
}
PORT: <0> {
  2  : 1'b0
  1  : 1'b0
  0  : 1'b0
}
PORT: <0> {
  2  : 1'b0
  1  : 1'b0
  0  : 1'b0
}
Info    : Accepted resource sharing opportunity. [RTLOPT-30]
        : Merged the following sets of instances in 'CDN_DP_region_3_9_c5 in riscv_core':
	  (u_exec0_lt_351_46, u_exec0_gte_356_46)

Info    : Accepted resource sharing opportunity. [RTLOPT-30]
        : Merged the following sets of instances in 'CDN_DP_region_3_9_c5 in riscv_core':
	  (u_exec1_lt_351_46, u_exec1_gte_356_46)

Warning : Maximum message print count reached. [MESG-11]
        : Maximum print count of '20' reached for message 'RTLOPT-30'.
PORT: <0> {
  4  : 1'b0
  3  : 1'b0
  2  : 1'b0
  1  : 1'b0
  0  : 1'b0
}
PORT: <0> {
  4  : 1'b0
  3  : 1'b0
  2  : 1'b0
  1  : 1'b0
  0  : 1'b0
}
PORT: <0> {
  4  : 1'b0
  3  : 1'b0
  2  : 1'b0
  1  : 1'b0
  0  : 1'b0
}
PORT: <0> {
  4  : 1'b0
  3  : 1'b0
  2  : 1'b0
  1  : 1'b0
  0  : 1'b0
}
PORT: <0> {
  4  : 1'b0
  3  : 1'b0
  2  : 1'b0
  1  : 1'b0
  0  : 1'b0
}
PORT: <0> {
  4  : 1'b0
  3  : 1'b0
  2  : 1'b0
  1  : 1'b0
  0  : 1'b0
}
PORT: <0> {
  2  : 1'b0
  1  : 1'b0
  0  : 1'b0
}
PORT: <0> {
  2  : 1'b0
  1  : 1'b0
  0  : 1'b0
}
PORT: <0> {
  2  : 1'b0
  1  : 1'b0
  0  : 1'b0
}
PORT: <0> {
  2  : 1'b0
  1  : 1'b0
  0  : 1'b0
}
PORT: <0> {
  2  : 1'b0
  1  : 1'b0
  0  : 1'b0
}
PORT: <0> {
  2  : 1'b0
  1  : 1'b0
  0  : 1'b0
}
PORT: <0> {
  2  : 1'b0
  1  : 1'b0
  0  : 1'b0
}
PORT: <0> {
  2  : 1'b0
  1  : 1'b0
  0  : 1'b0
}
PORT: <0> {
  2  : 1'b0
  1  : 1'b0
  0  : 1'b0
}
PORT: <0> {
  2  : 1'b0
  1  : 1'b0
  0  : 1'b0
}
PORT: <0> {
  2  : 1'b0
  1  : 1'b0
  0  : 1'b0
}
PORT: <0> {
  2  : 1'b0
  1  : 1'b0
  0  : 1'b0
}
PORT: <0> {
  2  : 1'b0
  1  : 1'b0
  0  : 1'b0
}
PORT: <0> {
  2  : 1'b0
  1  : 1'b0
  0  : 1'b0
}
PORT: <0> {
  2  : 1'b0
  1  : 1'b0
  0  : 1'b0
}
PORT: <0> {
  2  : 1'b0
  1  : 1'b0
  0  : 1'b0
}
PORT: <0> {
  4  : 1'b0
  3  : 1'b0
  2  : 1'b0
  1  : 1'b0
  0  : 1'b0
}
PORT: <0> {
  4  : 1'b0
  3  : 1'b0
  2  : 1'b0
  1  : 1'b0
  0  : 1'b0
}
PORT: <0> {
  4  : 1'b0
  3  : 1'b0
  2  : 1'b0
  1  : 1'b0
  0  : 1'b0
}
PORT: <0> {
  4  : 1'b0
  3  : 1'b0
  2  : 1'b0
  1  : 1'b0
  0  : 1'b0
}
PORT: <0> {
  4  : 1'b0
  3  : 1'b0
  2  : 1'b0
  1  : 1'b0
  0  : 1'b0
}
PORT: <0> {
  4  : 1'b0
  3  : 1'b0
  2  : 1'b0
  1  : 1'b0
  0  : 1'b0
}
PORT: <0> {
  2  : 1'b0
  1  : 1'b0
  0  : 1'b0
}
PORT: <0> {
  2  : 1'b0
  1  : 1'b0
  0  : 1'b0
}
PORT: <0> {
  2  : 1'b0
  1  : 1'b0
  0  : 1'b0
}
PORT: <0> {
  2  : 1'b0
  1  : 1'b0
  0  : 1'b0
}
PORT: <0> {
  2  : 1'b0
  1  : 1'b0
  0  : 1'b0
}
PORT: <0> {
  2  : 1'b0
  1  : 1'b0
  0  : 1'b0
}
PORT: <0> {
  2  : 1'b0
  1  : 1'b0
  0  : 1'b0
}
PORT: <0> {
  2  : 1'b0
  1  : 1'b0
  0  : 1'b0
}
PORT: <0> {
  2  : 1'b0
  1  : 1'b0
  0  : 1'b0
}
PORT: <0> {
  2  : 1'b0
  1  : 1'b0
  0  : 1'b0
}
PORT: <0> {
  2  : 1'b0
  1  : 1'b0
  0  : 1'b0
}
PORT: <0> {
  2  : 1'b0
  1  : 1'b0
  0  : 1'b0
}
PORT: <0> {
  2  : 1'b0
  1  : 1'b0
  0  : 1'b0
}
PORT: <0> {
  2  : 1'b0
  1  : 1'b0
  0  : 1'b0
}
PORT: <0> {
  2  : 1'b0
  1  : 1'b0
  0  : 1'b0
}
PORT: <0> {
  2  : 1'b0
  1  : 1'b0
  0  : 1'b0
}
PORT: <0> {
  4  : 1'b0
  3  : 1'b0
  2  : 1'b0
  1  : 1'b0
  0  : 1'b0
}
PORT: <0> {
  4  : 1'b0
  3  : 1'b0
  2  : 1'b0
  1  : 1'b0
  0  : 1'b0
}
PORT: <0> {
  4  : 1'b0
  3  : 1'b0
  2  : 1'b0
  1  : 1'b0
  0  : 1'b0
}
PORT: <0> {
  4  : 1'b0
  3  : 1'b0
  2  : 1'b0
  1  : 1'b0
  0  : 1'b0
}
PORT: <0> {
  4  : 1'b0
  3  : 1'b0
  2  : 1'b0
  1  : 1'b0
  0  : 1'b0
}
PORT: <0> {
  4  : 1'b0
  3  : 1'b0
  2  : 1'b0
  1  : 1'b0
  0  : 1'b0
}
PORT: <0> {
  2  : 1'b0
  1  : 1'b0
  0  : 1'b0
}
PORT: <0> {
  2  : 1'b0
  1  : 1'b0
  0  : 1'b0
}
PORT: <0> {
  2  : 1'b0
  1  : 1'b0
  0  : 1'b0
}
PORT: <0> {
  2  : 1'b0
  1  : 1'b0
  0  : 1'b0
}
PORT: <0> {
  2  : 1'b0
  1  : 1'b0
  0  : 1'b0
}
PORT: <0> {
  2  : 1'b0
  1  : 1'b0
  0  : 1'b0
}
PORT: <0> {
  2  : 1'b0
  1  : 1'b0
  0  : 1'b0
}
PORT: <0> {
  2  : 1'b0
  1  : 1'b0
  0  : 1'b0
}
PORT: <0> {
  2  : 1'b0
  1  : 1'b0
  0  : 1'b0
}
PORT: <0> {
  2  : 1'b0
  1  : 1'b0
  0  : 1'b0
}
PORT: <0> {
  2  : 1'b0
  1  : 1'b0
  0  : 1'b0
}
PORT: <0> {
  2  : 1'b0
  1  : 1'b0
  0  : 1'b0
}
PORT: <0> {
  2  : 1'b0
  1  : 1'b0
  0  : 1'b0
}
PORT: <0> {
  2  : 1'b0
  1  : 1'b0
  0  : 1'b0
}
PORT: <0> {
  2  : 1'b0
  1  : 1'b0
  0  : 1'b0
}
PORT: <0> {
  2  : 1'b0
  1  : 1'b0
  0  : 1'b0
}
PORT: <0> {
  4  : 1'b0
  3  : 1'b0
  2  : 1'b0
  1  : 1'b0
  0  : 1'b0
}
PORT: <0> {
  4  : 1'b0
  3  : 1'b0
  2  : 1'b0
  1  : 1'b0
  0  : 1'b0
}
PORT: <0> {
  4  : 1'b0
  3  : 1'b0
  2  : 1'b0
  1  : 1'b0
  0  : 1'b0
}
PORT: <0> {
  4  : 1'b0
  3  : 1'b0
  2  : 1'b0
  1  : 1'b0
  0  : 1'b0
}
PORT: <0> {
  4  : 1'b0
  3  : 1'b0
  2  : 1'b0
  1  : 1'b0
  0  : 1'b0
}
PORT: <0> {
  4  : 1'b0
  3  : 1'b0
  2  : 1'b0
  1  : 1'b0
  0  : 1'b0
}
PORT: <0> {
  2  : 1'b0
  1  : 1'b0
  0  : 1'b0
}
PORT: <0> {
  2  : 1'b0
  1  : 1'b0
  0  : 1'b0
}
PORT: <0> {
  2  : 1'b0
  1  : 1'b0
  0  : 1'b0
}
PORT: <0> {
  2  : 1'b0
  1  : 1'b0
  0  : 1'b0
}
PORT: <0> {
  2  : 1'b0
  1  : 1'b0
  0  : 1'b0
}
PORT: <0> {
  2  : 1'b0
  1  : 1'b0
  0  : 1'b0
}
PORT: <0> {
  2  : 1'b0
  1  : 1'b0
  0  : 1'b0
}
PORT: <0> {
  2  : 1'b0
  1  : 1'b0
  0  : 1'b0
}
PORT: <0> {
  2  : 1'b0
  1  : 1'b0
  0  : 1'b0
}
PORT: <0> {
  2  : 1'b0
  1  : 1'b0
  0  : 1'b0
}
PORT: <0> {
  2  : 1'b0
  1  : 1'b0
  0  : 1'b0
}
PORT: <0> {
  2  : 1'b0
  1  : 1'b0
  0  : 1'b0
}
PORT: <0> {
  2  : 1'b0
  1  : 1'b0
  0  : 1'b0
}
PORT: <0> {
  2  : 1'b0
  1  : 1'b0
  0  : 1'b0
}
PORT: <0> {
  2  : 1'b0
  1  : 1'b0
  0  : 1'b0
}
PORT: <0> {
  2  : 1'b0
  1  : 1'b0
  0  : 1'b0
}
Number of non-ctl's : 2
g3933 u_exec0_mux_branch_taken_r_318_31 
SOP DEBUG : Module= CDN_DP_region_3_9_c5, Cluster= u_exec0_ctl_318_31_create, ctl= 1, Non-ctl= 2
Selected impl_type 0 (ctl + 1-hot mux form) for sop cluster u_exec0_ctl_318_31_create.
Number of non-ctl's : 2
g3935 u_exec1_mux_branch_taken_r_318_31 
SOP DEBUG : Module= CDN_DP_region_3_9_c5, Cluster= u_exec1_ctl_318_31_create, ctl= 1, Non-ctl= 2
Selected impl_type 0 (ctl + 1-hot mux form) for sop cluster u_exec1_ctl_318_31_create.
Number of non-ctl's : 2
g3933 u_exec0_mux_branch_taken_r_318_31 
SOP DEBUG : Module= CDN_DP_region_3_9_c6, Cluster= u_exec0_ctl_318_31_create, ctl= 1, Non-ctl= 2
Selected impl_type 0 (ctl + 1-hot mux form) for sop cluster u_exec0_ctl_318_31_create.
Number of non-ctl's : 2
g3935 u_exec1_mux_branch_taken_r_318_31 
SOP DEBUG : Module= CDN_DP_region_3_9_c6, Cluster= u_exec1_ctl_318_31_create, ctl= 1, Non-ctl= 2
Selected impl_type 0 (ctl + 1-hot mux form) for sop cluster u_exec1_ctl_318_31_create.
CDN_DP_region_3_9 level = 1 loads = 5 drivers = 1 is driven by : CDN_DP_region_3_2 
CDN_DP_region_3_9_c0 in riscv_core: area: 318906229320 ,dp = 90 mux = 379 sg = slow         worst_clk_period: -1.0000 
    wns: 19297  norm_wns:  -1.0000 
    fail_endp: -1 
    tns:  12148101  tns_per_endp:  -1.0000   norm_tns_per_endp:  -1.0000 
    tns_sense_max:  -1.0000  tns_sense_avg:  -1.0000   tns_sense_num: -1
    power:  -9223372036854775808  
 skipped
CDN_DP_region_3_9_c1 in riscv_core: area: 298272188655 ,dp = 60 mux = 380 sg = fast         worst_clk_period: -1.0000 
    wns: 18850  norm_wns:  -1.0000 
    fail_endp: -1 
    tns:  12290364  tns_per_endp:  -1.0000   norm_tns_per_endp:  -1.0000 
    tns_sense_max:  -1.0000  tns_sense_avg:  -1.0000   tns_sense_num: -1
    power:  -9223372036854775808  
 is current best
CDN_DP_region_3_9_c2 in riscv_core: area: 292823904555 ,dp = 58 mux = 380 sg = very_slow    worst_clk_period: -1.0000 
    wns: 30577  norm_wns:  -1.0000 
    fail_endp: -1 
    tns:  13057721  tns_per_endp:  -1.0000   norm_tns_per_endp:  -1.0000 
    tns_sense_max:  -1.0000  tns_sense_avg:  -1.0000   tns_sense_num: -1
    power:  -9223372036854775808  

CDN_DP_region_3_9_c3 in riscv_core: area: 303645692385 ,dp = 62 mux = 382 sg = very_fast    worst_clk_period: -1.0000 
    wns: 18850  norm_wns:  -1.0000 
    fail_endp: -1 
    tns:  7799549  tns_per_endp:  -1.0000   norm_tns_per_endp:  -1.0000 
    tns_sense_max:  -1.0000  tns_sense_avg:  -1.0000   tns_sense_num: -1
    power:  -9223372036854775808  
 is current best
CDN_DP_region_3_9_c4 in riscv_core: area: 303645692385 ,dp = 62 mux = 382 sg = very_fast    worst_clk_period: -1.0000 
    wns: 18850  norm_wns:  -1.0000 
    fail_endp: -1 
    tns:  7799549  tns_per_endp:  -1.0000   norm_tns_per_endp:  -1.0000 
    tns_sense_max:  -1.0000  tns_sense_avg:  -1.0000   tns_sense_num: -1
    power:  -9223372036854775808  
 is current best
CDN_DP_region_3_9_c5 in riscv_core: area: 303645692385 ,dp = 62 mux = 382 sg = very_fast    worst_clk_period: -1.0000 
    wns: 18850  norm_wns:  -1.0000 
    fail_endp: -1 
    tns:  7799549  tns_per_endp:  -1.0000   norm_tns_per_endp:  -1.0000 
    tns_sense_max:  -1.0000  tns_sense_avg:  -1.0000   tns_sense_num: -1
    power:  -9223372036854775808  
 is current best
CDN_DP_region_3_9_c6 in riscv_core: area: 292813221645 ,dp = 59 mux = 381 sg = very_fast    worst_clk_period: -1.0000 
    wns: 30417  norm_wns:  -1.0000 
    fail_endp: -1 
    tns:  13053496  tns_per_endp:  -1.0000   norm_tns_per_endp:  -1.0000 
    tns_sense_max:  -1.0000  tns_sense_avg:  -1.0000   tns_sense_num: -1
    power:  -9223372036854775808  

Best config: CDN_DP_region_3_9_c5 in riscv_core: area: 303645692385 ,dp = 62 mux = 382 sg = very_fast    worst_clk_period: -1.0000 
    wns: 18850  norm_wns:  -1.0000 
    fail_endp: -1 
    tns:  7799549  tns_per_endp:  -1.0000   norm_tns_per_endp:  -1.0000 
    tns_sense_max:  -1.0000  tns_sense_avg:  -1.0000   tns_sense_num: -1
    power:  -9223372036854775808  
  Smallest config area : 292813221645.  Fastest config wns;  18850
##>+----------------------------------------------------------------------------------------------------------------------------------------------------------------+
##>Summary table of configs (Best config is CDN_DP_region_3_9_c5)
##>+----------------------------------------------------------------------------------------------------------------------------------------------------------------+
##>                     0                  1                  2                  3                  4                  5                  6            
##>+----------------------------------------------------------------------------------------------------------------------------------------------------------------+
##>           Area     318906229320       298272188655       292823904555       303645692385       303645692385       303645692385       292813221645  
##>            WNS         -1929.70           -1885.00           -3057.70           -1885.00           -1885.00           -1885.00           -3041.70  
##>            TNS         12148101           12290364           13057721            7799549            7799549            7799549           13053496  
##>    Num Rewrite                0                  0                  1                  0                  0                  0                  1  
##>     Num Factor                0                  0                  0                  0                  0                  0                  0  
##>      Num Share                0                  5                  7                  5                  5                  5                  7  
##>   Num CmultCse                0                  0                  0                  0                  0                  0                  0  
##>   Num Downsize                0                  0                  0                  0                  0                  0                  0  
##>  Num Speculate                0                  0                  0                  4                  4                  4                  0  
##>     Runtime(s)                0                  6                  5                 15                 15                 13                  5  
+----------------------------------------------------------------------------------------------------------------------------------------------------------------+
##>
##>
##>+-----------------------------------------------------------------------------------------------------------------------------------------------------------------------------------------------------+
##>Optimization Step DEBUG Table for config CDN_DP_region_3_9_c5
##>
##>                          Step                        Area   (  % Chg)         WNS (Change)          TNS (Change)                Power   (  % Chg)        Runtime (s)        Comment                   
##>+-----------------------------------------------------------------------------------------------------------------------------------------------------------------------------------------------------+
##>createMaxCarrySave              START           318906229320 (       )    -1929.70 (        )   12148101 (        )                    0 (       )              
##> datapath_rewrite_one_def       START           318906229320 (  +0.00)    -1929.70 (   +0.00)   12148101 (       0)                    0 (  +0.00)              
##>  fast_cse_elim                 START           318906229320 (  +0.00)    -1929.70 (   +0.00)   12148101 (       0)                    0 (  +0.00)              
##>                                  END           317896694325 (  -0.32)    -1913.70 (  +16.00)   11982283 ( -165818)                    0 (  +0.00)           0  
##>  fast_cse_elim                 START           317896694325 (  +0.00)    -1913.70 (   +0.00)   11982283 (       0)                    0 (  +0.00)              
##>                                  END           317896694325 (  +0.00)    -1913.70 (   +0.00)   11982283 (       0)                    0 (  +0.00)           0  
##>                                  END           317896694325 (  -0.32)    -1913.70 (  +16.00)   11982283 ( -165818)                    0 (  +0.00)           0  
##> speculate_in_gdef              START           317896694325 (  +0.00)    -1913.70 (   +0.00)   11982283 (       0)                    0 (  +0.00)              
##>  pre_speculate_mux_merge       START           317896694325 (  +0.00)    -1913.70 (   +0.00)   11982283 (       0)                    0 (  +0.00)              
##>                                  END           317896694325 (  +0.00)    -1913.70 (   +0.00)   11982283 (       0)                    0 (  +0.00)           0  
##>                                  END           318623132205 (  +0.23)    -1913.70 (   +0.00)   11398743 ( -583540)                    0 (  +0.00)           1  
##> csa_opto                       START           318623132205 (  +0.00)    -1913.70 (   +0.00)   11398743 (       0)                    0 (  +0.00)              
##>                                  END           318291961995 (  -0.10)    -1913.70 (   +0.00)   11398743 (       0)                    0 (  +0.00)           0  
##>                                  END           318291961995 (  -0.19)    -1913.70 (  +16.00)   11398743 ( -749358)                    0 (  +0.00)           1  
##>canonicalize_by_names           START           318291961995 (  +0.00)    -1913.70 (   +0.00)   11398743 (       0)                    0 (  +0.00)              
##>                                  END           318291961995 (  +0.00)    -1913.70 (   +0.00)   11398743 (       0)                    0 (  +0.00)           0  
##>datapath_rewrite_post_csa_one_  START           318291961995 (  +0.00)    -1913.70 (   +0.00)   11398743 (       0)                    0 (  +0.00)              
##>                                  END           318291961995 (  +0.00)    -1913.70 (   +0.00)   11398743 (       0)                    0 (  +0.00)           0  
##>datapath_csa_factoring_one_gde  START           318291961995 (  +0.00)    -1913.70 (   +0.00)   11398743 (       0)                    0 (  +0.00)              
##>                                  END           318291961995 (  +0.00)    -1913.70 (   +0.00)   11398743 (       0)                    0 (  +0.00)           0  
##>dpopt_share_one_def             START           318291961995 (  +0.00)    -1913.70 (   +0.00)   11398743 (       0)                    0 (  +0.00)              
##>                                  END           301712085675 (  -5.21)    -1913.70 (   +0.00)   11396605 (   -2138)                    0 (  +0.00)           0  
##>datapath_rewrite_post_share     START           301712085675 (  +0.00)    -1913.70 (   +0.00)   11396605 (       0)                    0 (  +0.00)              
##>                                  END           301712085675 (  +0.00)    -1913.70 (   +0.00)   11396605 (       0)                    0 (  +0.00)           0  
##>dp_combine_const_mult_with_com  START           301712085675 (  +0.00)    -1913.70 (   +0.00)   11396605 (       0)                    0 (  +0.00)              
##>                                  END           301712085675 (  +0.00)    -1913.70 (   +0.00)   11396605 (       0)                    0 (  +0.00)           0  
##>speculate_in_gdef               START           301712085675 (  +0.00)    -1913.70 (   +0.00)   11396605 (       0)                    0 (  +0.00)              
##> pre_speculate_mux_merge        START           301712085675 (  +0.00)    -1913.70 (   +0.00)   11396605 (       0)                    0 (  +0.00)              
##>                                  END           301712085675 (  +0.00)    -1913.70 (   +0.00)   11396605 (       0)                    0 (  +0.00)           0  
##>                                  END           304746032115 (  +1.01)    -1913.70 (   +0.00)   10431532 ( -965073)                    0 (  +0.00)           1  
##>dp_operator_level_decompositio  START           304746032115 (  +0.00)    -1913.70 (   +0.00)   10431532 (       0)                    0 (  +0.00)              
##>                                  END           304746032115 (  +0.00)    -1913.70 (   +0.00)   10431532 (       0)                    0 (  +0.00)           0  
##>selective_flatten_dp_config     START           304746032115 (  +0.00)    -1913.70 (   +0.00)   10431532 (       0)                    0 (  +0.00)              
##>                                  END           304537715370 (  -0.07)    -1944.80 (  -31.10)   10775758 (  344226)                    0 (  +0.00)           0  
##>createMaxCarrySave              START           304537715370 (  +0.00)    -1944.80 (   +0.00)   10775758 (       0)                    0 (  +0.00)              
##> datapath_rewrite_one_def       START           304537715370 (  +0.00)    -1944.80 (   +0.00)   10775758 (       0)                    0 (  +0.00)              
##>  fast_cse_elim                 START           304537715370 (  +0.00)    -1944.80 (   +0.00)   10775758 (       0)                    0 (  +0.00)              
##>                                  END           304537715370 (  +0.00)    -1944.80 (   +0.00)   10775758 (       0)                    0 (  +0.00)           0  
##>  fast_cse_elim                 START           304537715370 (  +0.00)    -1944.80 (   +0.00)   10775758 (       0)                    0 (  +0.00)              
##>                                  END           304537715370 (  +0.00)    -1944.80 (   +0.00)   10775758 (       0)                    0 (  +0.00)           0  
##>                                  END           304537715370 (  +0.00)    -1944.80 (   +0.00)   10775758 (       0)                    0 (  +0.00)           0  
##> speculate_in_gdef              START           304537715370 (  +0.00)    -1944.80 (   +0.00)   10775758 (       0)                    0 (  +0.00)              
##>  pre_speculate_mux_merge       START           304537715370 (  +0.00)    -1944.80 (   +0.00)   10775758 (       0)                    0 (  +0.00)              
##>                                  END           304537715370 (  +0.00)    -1944.80 (   +0.00)   10775758 (       0)                    0 (  +0.00)           0  
##>                                  END           306845223930 (  +0.76)    -1944.80 (   +0.00)    7987771 (-2787987)                    0 (  +0.00)           1  
##> csa_opto                       START           306845223930 (  +0.00)    -1944.80 (   +0.00)    7987771 (       0)                    0 (  +0.00)              
##>                                  END           306845223930 (  +0.00)    -1944.80 (   +0.00)    7987771 (       0)                    0 (  +0.00)           0  
##>                                  END           306845223930 (  +0.76)    -1944.80 (   +0.00)    7987771 (-2787987)                    0 (  +0.00)           1  
##>datapath_rewrite_post_csa_one_  START           306845223930 (  +0.00)    -1944.80 (   +0.00)    7987771 (       0)                    0 (  +0.00)              
##>                                  END           306845223930 (  +0.00)    -1944.80 (   +0.00)    7987771 (       0)                    0 (  +0.00)           0  
##>datapath_csa_factoring_one_gde  START           306845223930 (  +0.00)    -1944.80 (   +0.00)    7987771 (       0)                    0 (  +0.00)              
##>                                  END           306845223930 (  +0.00)    -1944.80 (   +0.00)    7987771 (       0)                    0 (  +0.00)           0  
##>dpopt_share_one_def             START           306845223930 (  +0.00)    -1944.80 (   +0.00)    7987771 (       0)                    0 (  +0.00)              
##>                                  END           306845223930 (  +0.00)    -1944.80 (   +0.00)    7987771 (       0)                    0 (  +0.00)           0  
##>datapath_rewrite_post_share     START           306845223930 (  +0.00)    -1944.80 (   +0.00)    7987771 (       0)                    0 (  +0.00)              
##>                                  END           306845223930 (  +0.00)    -1944.80 (   +0.00)    7987771 (       0)                    0 (  +0.00)           0  
##>dp_combine_const_mult_with_com  START           306845223930 (  +0.00)    -1944.80 (   +0.00)    7987771 (       0)                    0 (  +0.00)              
##>                                  END           306845223930 (  +0.00)    -1944.80 (   +0.00)    7987771 (       0)                    0 (  +0.00)           0  
##>speculate_in_gdef               START           306845223930 (  +0.00)    -1944.80 (   +0.00)    7987771 (       0)                    0 (  +0.00)              
##> pre_speculate_mux_merge        START           306845223930 (  +0.00)    -1944.80 (   +0.00)    7987771 (       0)                    0 (  +0.00)              
##>                                  END           306845223930 (  +0.00)    -1944.80 (   +0.00)    7987771 (       0)                    0 (  +0.00)           0  
##>                                  END           306845223930 (  +0.00)    -1944.80 (   +0.00)    7987771 (       0)                    0 (  +0.00)           1  
##>dp_operator_level_decompositio  START           306845223930 (  +0.00)    -1944.80 (   +0.00)    7987771 (       0)                    0 (  +0.00)              
##>                                  END           306845223930 (  +0.00)    -1944.80 (   +0.00)    7987771 (       0)                    0 (  +0.00)           0  
##>selective_flatten_dp_config     START           306845223930 (  +0.00)    -1944.80 (   +0.00)    7987771 (       0)                    0 (  +0.00)              
##>                                  END           306845223930 (  +0.00)    -1944.80 (   +0.00)    7987771 (       0)                    0 (  +0.00)           0  
##>createMaxCarrySave              START           306845223930 (  +0.00)    -1944.80 (   +0.00)    7987771 (       0)                    0 (  +0.00)              
##> datapath_rewrite_one_def       START           306845223930 (  +0.00)    -1944.80 (   +0.00)    7987771 (       0)                    0 (  +0.00)              
##>  fast_cse_elim                 START           306845223930 (  +0.00)    -1944.80 (   +0.00)    7987771 (       0)                    0 (  +0.00)              
##>                                  END           306845223930 (  +0.00)    -1944.80 (   +0.00)    7987771 (       0)                    0 (  +0.00)           0  
##>  fast_cse_elim                 START           306845223930 (  +0.00)    -1944.80 (   +0.00)    7987771 (       0)                    0 (  +0.00)              
##>                                  END           306845223930 (  +0.00)    -1944.80 (   +0.00)    7987771 (       0)                    0 (  +0.00)           0  
##>                                  END           306845223930 (  +0.00)    -1944.80 (   +0.00)    7987771 (       0)                    0 (  +0.00)           0  
##> speculate_in_gdef              START           306845223930 (  +0.00)    -1944.80 (   +0.00)    7987771 (       0)                    0 (  +0.00)              
##>  pre_speculate_mux_merge       START           306845223930 (  +0.00)    -1944.80 (   +0.00)    7987771 (       0)                    0 (  +0.00)              
##>                                  END           306845223930 (  +0.00)    -1944.80 (   +0.00)    7987771 (       0)                    0 (  +0.00)           0  
##>                                  END           306845223930 (  +0.00)    -1944.80 (   +0.00)    7987771 (       0)                    0 (  +0.00)           1  
##> csa_opto                       START           306845223930 (  +0.00)    -1944.80 (   +0.00)    7987771 (       0)                    0 (  +0.00)              
##>                                  END           306845223930 (  +0.00)    -1944.80 (   +0.00)    7987771 (       0)                    0 (  +0.00)           0  
##>                                  END           306845223930 (  +0.00)    -1944.80 (   +0.00)    7987771 (       0)                    0 (  +0.00)           1  
##>context_based_simplify          START           305712835470 (  -0.37)    -1944.80 (   +0.00)    7948579 (  -39192)                    0 (  +0.00)              
##>                                  END           304340081535 (  -0.45)    -1885.00 (  +59.80)    7947517 (   -1062)                    0 (  +0.00)           0  
##>group_csa_final_adder_dp        START           304340081535 (  +0.00)    -1885.00 (   +0.00)    7947517 (       0)                    0 (  +0.00)              
##>                                  END           304340081535 (  +0.00)    -1885.00 (   +0.00)    7947517 (       0)                    0 (  +0.00)           0  
##>dpopt_flatten_critical_muxes_i  START           304340081535 (  +0.00)    -1885.00 (   +0.00)    7947517 (       0)                    0 (  +0.00)              
##>                                  END           303645692385 (  -0.23)    -1885.00 (   +0.00)    7799549 ( -147968)                    0 (  +0.00)           0  
##>speculate_in_gdef               START           303645692385 (  +0.00)    -1885.00 (   +0.00)    7799549 (       0)                    0 (  +0.00)              
##> pre_speculate_mux_merge        START           303645692385 (  +0.00)    -1885.00 (   +0.00)    7799549 (       0)                    0 (  +0.00)              
##>                                  END           303645692385 (  +0.00)    -1885.00 (   +0.00)    7799549 (       0)                    0 (  +0.00)           0  
##>                                  END           303645692385 (  +0.00)    -1885.00 (   +0.00)    7799549 (       0)                    0 (  +0.00)           0  
##>create_score                    START           303645692385 (  +0.00)    -1885.00 (   +0.00)    7799549 (       0)                    0 (  +0.00)              
##>                                  END           303645692385 (  +0.00)    -1885.00 (   +0.00)    7799549 (       0)                    0 (  +0.00)           0  
##>+-----------------------------------------------------------------------------------------------------------------------------------------------------------------------------------------------------+
Committed config: CDN_DP_region_3_9_c5
Info    : Done implementing datapath configurations. [DPOPT-4]
        : Selected 'very_fast' configuration 5 for module 'CDN_DP_region_3_9_c5'.
          Optimizations applied to 'very_fast' configuration:
            rewriting(0), factoring(0), sharing(5), cmultcse(0), downsizing(0), speculation(4)
Info    : Implementing datapath configurations. [DPOPT-3]
        : Implementing datapath configurations for 'CDN_DP_region_3_0'
CSAGen Prep Share:0 Re-Write:0 Speculation: 0
MaxCSA: Successfully built Maximal CSA Expression Expr0
CDN_DP_region_3_0 level = 0 loads = 0 drivers = 0
CDN_DP_region_3_0_c0 in riscv_core: area: 33186459915 ,dp = 4 mux = 1 sg = slow         worst_clk_period: -1.0000 
    wns: 0  norm_wns:  -1.0000 
    fail_endp: -1 
    tns:  0  tns_per_endp:  -1.0000   norm_tns_per_endp:  -1.0000 
    tns_sense_max:  -1.0000  tns_sense_avg:  -1.0000   tns_sense_num: -1
    power:  -9223372036854775808  
 skipped
CDN_DP_region_3_0_c1 in riscv_core: area: 21023966880 ,dp = 1 mux = 1 sg = fast         worst_clk_period: -1.0000 
    wns: 0  norm_wns:  -1.0000 
    fail_endp: -1 
    tns:  0  tns_per_endp:  -1.0000   norm_tns_per_endp:  -1.0000 
    tns_sense_max:  -1.0000  tns_sense_avg:  -1.0000   tns_sense_num: -1
    power:  -9223372036854775808  
 is current best
CDN_DP_region_3_0_c2 in riscv_core: area: 21023966880 ,dp = 1 mux = 1 sg = very_slow    worst_clk_period: -1.0000 
    wns: 0  norm_wns:  -1.0000 
    fail_endp: -1 
    tns:  0  tns_per_endp:  -1.0000   norm_tns_per_endp:  -1.0000 
    tns_sense_max:  -1.0000  tns_sense_avg:  -1.0000   tns_sense_num: -1
    power:  -9223372036854775808  
 is current best
CDN_DP_region_3_0_c3 in riscv_core: area: 21023966880 ,dp = 1 mux = 1 sg = very_fast    worst_clk_period: -1.0000 
    wns: 0  norm_wns:  -1.0000 
    fail_endp: -1 
    tns:  0  tns_per_endp:  -1.0000   norm_tns_per_endp:  -1.0000 
    tns_sense_max:  -1.0000  tns_sense_avg:  -1.0000   tns_sense_num: -1
    power:  -9223372036854775808  
 is current best
CDN_DP_region_3_0_c4 in riscv_core: area: 21023966880 ,dp = 1 mux = 1 sg = very_fast    worst_clk_period: -1.0000 
    wns: 0  norm_wns:  -1.0000 
    fail_endp: -1 
    tns:  0  tns_per_endp:  -1.0000   norm_tns_per_endp:  -1.0000 
    tns_sense_max:  -1.0000  tns_sense_avg:  -1.0000   tns_sense_num: -1
    power:  -9223372036854775808  
 is current best
CDN_DP_region_3_0_c5 in riscv_core: area: 21023966880 ,dp = 1 mux = 1 sg = very_fast    worst_clk_period: -1.0000 
    wns: 0  norm_wns:  -1.0000 
    fail_endp: -1 
    tns:  0  tns_per_endp:  -1.0000   norm_tns_per_endp:  -1.0000 
    tns_sense_max:  -1.0000  tns_sense_avg:  -1.0000   tns_sense_num: -1
    power:  -9223372036854775808  
 is current best
CDN_DP_region_3_0_c6 in riscv_core: area: 21023966880 ,dp = 1 mux = 1 sg = very_fast    worst_clk_period: -1.0000 
    wns: 0  norm_wns:  -1.0000 
    fail_endp: -1 
    tns:  0  tns_per_endp:  -1.0000   norm_tns_per_endp:  -1.0000 
    tns_sense_max:  -1.0000  tns_sense_avg:  -1.0000   tns_sense_num: -1
    power:  -9223372036854775808  
 is current best
CDN_DP_region_3_0_c7 in riscv_core: area: 20906454870 ,dp = 1 mux = 1 sg = very_fast    worst_clk_period: -1.0000 
    wns: 0  norm_wns:  -1.0000 
    fail_endp: -1 
    tns:  0  tns_per_endp:  -1.0000   norm_tns_per_endp:  -1.0000 
    tns_sense_max:  -1.0000  tns_sense_avg:  -1.0000   tns_sense_num: -1
    power:  -9223372036854775808  
 is current best
Best config: CDN_DP_region_3_0_c7 in riscv_core: area: 20906454870 ,dp = 1 mux = 1 sg = very_fast    worst_clk_period: -1.0000 
    wns: 0  norm_wns:  -1.0000 
    fail_endp: -1 
    tns:  0  tns_per_endp:  -1.0000   norm_tns_per_endp:  -1.0000 
    tns_sense_max:  -1.0000  tns_sense_avg:  -1.0000   tns_sense_num: -1
    power:  -9223372036854775808  
  Smallest config area : 20906454870.  Fastest config wns;  0
##>+----------------------------------------------------------------------------------------------------------------------------------------------------------------+
##>Summary table of configs (Best config is CDN_DP_region_3_0_c7)
##>+----------------------------------------------------------------------------------------------------------------------------------------------------------------+
##>                     0                  1                  2                  3                  4                  5                  6                  7            
##>+----------------------------------------------------------------------------------------------------------------------------------------------------------------+
##>           Area      33186459915        21023966880        21023966880        21023966880        21023966880        21023966880        21023966880        20906454870  
##>            WNS         +1279.90           +3225.90           +3225.90           +3225.90           +3225.90           +3225.90           +3225.90           +3225.90  
##>            TNS                0                  0                  0                  0                  0                  0                  0                  0  
##>    Num Rewrite                0                  1                  1                  1                  1                  1                  1                  0  
##>     Num Factor                0                  0                  0                  0                  0                  0                  0                  0  
##>      Num Share                0                  0                  0                  0                  0                  0                  0                  0  
##>   Num CmultCse                0                  0                  0                  0                  0                  0                  0                  0  
##>   Num Downsize                0                  0                  0                  0                  0                  0                  0                  0  
##>  Num Speculate                0                  0                  0                  0                  0                  0                  0                  0  
##>     Runtime(s)                0                  1                  0                  0                  0                  0                  0                  2  
+----------------------------------------------------------------------------------------------------------------------------------------------------------------+
##>
##>
##>+-----------------------------------------------------------------------------------------------------------------------------------------------------------------------------------------------------+
##>Optimization Step DEBUG Table for config CDN_DP_region_3_0_c7
##>
##>                          Step                        Area   (  % Chg)         WNS (Change)          TNS (Change)                Power   (  % Chg)        Runtime (s)        Comment                   
##>+-----------------------------------------------------------------------------------------------------------------------------------------------------------------------------------------------------+
##>EquationExtraction              START            33186459915 (       )     1279.90 (        )          0 (        )                    0 (       )              
##> rewrite                        START            57954786750 ( +74.63)     1892.10 ( +612.20)          0 (       0)                    0 (  +0.00)              (a,ar) Expr0_from --> Expr0_to
##>                                  END            80191263915 ( +38.37)      726.90 (-1165.20)          0 (       0)                    0 (  +0.00)           0  
##>                                  END            47693851695 ( +43.71)      173.30 (-1106.60)          0 (       0)                    0 (  +0.00)           1  
##>createMaxCarrySave              START            47693851695 (  +0.00)      173.30 (   +0.00)          0 (       0)                    0 (  +0.00)              
##> datapath_rewrite_one_def       START            47693851695 (  +0.00)      173.30 (   +0.00)          0 (       0)                    0 (  +0.00)              
##>                                  END            47693851695 (  +0.00)      173.30 (   +0.00)          0 (       0)                    0 (  +0.00)           0  
##> csa_opto                       START            47693851695 (  +0.00)      173.30 (   +0.00)          0 (       0)                    0 (  +0.00)              
##>                                  END            20906454870 ( -56.17)     3254.90 (+3081.60)          0 (       0)                    0 (  +0.00)           0  
##>                                  END            20906454870 ( -56.17)     3254.90 (+3081.60)          0 (       0)                    0 (  +0.00)           0  
##>canonicalize_by_names           START            20906454870 (  +0.00)     3254.90 (   +0.00)          0 (       0)                    0 (  +0.00)              
##>                                  END            20906454870 (  +0.00)     3254.90 (   +0.00)          0 (       0)                    0 (  +0.00)           0  
##>datapath_rewrite_post_csa_one_  START            20906454870 (  +0.00)     3254.90 (   +0.00)          0 (       0)                    0 (  +0.00)              
##>                                  END            20906454870 (  +0.00)     3254.90 (   +0.00)          0 (       0)                    0 (  +0.00)           0  
##>datapath_csa_factoring_one_gde  START            20906454870 (  +0.00)     3254.90 (   +0.00)          0 (       0)                    0 (  +0.00)              
##>                                  END            20906454870 (  +0.00)     3254.90 (   +0.00)          0 (       0)                    0 (  +0.00)           0  
##>dpopt_share_one_def             START            20906454870 (  +0.00)     3254.90 (   +0.00)          0 (       0)                    0 (  +0.00)              
##>                                  END            20906454870 (  +0.00)     3254.90 (   +0.00)          0 (       0)                    0 (  +0.00)           0  
##>datapath_rewrite_post_share     START            20906454870 (  +0.00)     3254.90 (   +0.00)          0 (       0)                    0 (  +0.00)              
##>                                  END            20906454870 (  +0.00)     3254.90 (   +0.00)          0 (       0)                    0 (  +0.00)           0  
##>dp_combine_const_mult_with_com  START            20906454870 (  +0.00)     3254.90 (   +0.00)          0 (       0)                    0 (  +0.00)              
##>                                  END            20906454870 (  +0.00)     3254.90 (   +0.00)          0 (       0)                    0 (  +0.00)           0  
##>dp_operator_level_decompositio  START            20906454870 (  +0.00)     3254.90 (   +0.00)          0 (       0)                    0 (  +0.00)              
##>                                  END            20906454870 (  +0.00)     3254.90 (   +0.00)          0 (       0)                    0 (  +0.00)           0  
##>selective_flatten_dp_config     START            20906454870 (  +0.00)     3254.90 (   +0.00)          0 (       0)                    0 (  +0.00)              
##>                                  END            20906454870 (  +0.00)     3254.90 (   +0.00)          0 (       0)                    0 (  +0.00)           0  
##>createMaxCarrySave              START            20906454870 (  +0.00)     3254.90 (   +0.00)          0 (       0)                    0 (  +0.00)              
##> datapath_rewrite_one_def       START            20906454870 (  +0.00)     3254.90 (   +0.00)          0 (       0)                    0 (  +0.00)              
##>  fast_cse_elim                 START            20906454870 (  +0.00)     3254.90 (   +0.00)          0 (       0)                    0 (  +0.00)              
##>                                  END            20906454870 (  +0.00)     3254.90 (   +0.00)          0 (       0)                    0 (  +0.00)           0  
##>  fast_cse_elim                 START            20906454870 (  +0.00)     3254.90 (   +0.00)          0 (       0)                    0 (  +0.00)              
##>                                  END            20906454870 (  +0.00)     3254.90 (   +0.00)          0 (       0)                    0 (  +0.00)           0  
##>                                  END            20906454870 (  +0.00)     3254.90 (   +0.00)          0 (       0)                    0 (  +0.00)           0  
##> csa_opto                       START            20906454870 (  +0.00)     3254.90 (   +0.00)          0 (       0)                    0 (  +0.00)              
##>                                  END            20906454870 (  +0.00)     3254.90 (   +0.00)          0 (       0)                    0 (  +0.00)           0  
##>                                  END            20906454870 (  +0.00)     3254.90 (   +0.00)          0 (       0)                    0 (  +0.00)           0  
##>context_based_simplify          START            20906454870 (  +0.00)     3254.90 (   +0.00)          0 (       0)                    0 (  +0.00)              
##>                                  END            20906454870 (  +0.00)     3254.90 (   +0.00)          0 (       0)                    0 (  +0.00)           0  
##>group_csa_final_adder_dp        START            20906454870 (  +0.00)     3254.90 (   +0.00)          0 (       0)                    0 (  +0.00)              
##>                                  END            23096451420 ( +10.48)     3127.40 ( -127.50)          0 (       0)                    0 (  +0.00)           0  
##>dpopt_flatten_critical_muxes_i  START            23096451420 (  +0.00)     3127.40 (   +0.00)          0 (       0)                    0 (  +0.00)              
##>                                  END            23096451420 (  +0.00)     3127.40 (   +0.00)          0 (       0)                    0 (  +0.00)           0  
##>create_score                    START            20906454870 (  -9.48)     3225.90 (  +98.50)          0 (       0)                    0 (  +0.00)              
##>                                  END            20906454870 (  +0.00)     3225.90 (   +0.00)          0 (       0)                    0 (  +0.00)           0  
##>+-----------------------------------------------------------------------------------------------------------------------------------------------------------------------------------------------------+
Committed config: CDN_DP_region_3_0_c7
Info    : Done implementing datapath configurations. [DPOPT-4]
        : Selected 'very_fast' configuration 7 for module 'CDN_DP_region_3_0_c7'.
          Optimizations applied to 'very_fast' configuration:
            rewriting(0), factoring(0), sharing(0), cmultcse(0), downsizing(0), speculation(0)
Info    : Implementing datapath configurations. [DPOPT-3]
        : Implementing datapath configurations for 'CDN_DP_region_3_12'
CSAGen Prep Share:0 Re-Write:1 Speculation: 0
MaxCSA: Successfully built Maximal CSA Expression Expr1
MaxCSA: Successfully built Maximal CSA Expression Expr2
MaxCSA: Successfully built Maximal CSA Expression Expr3
MaxCSA: Successfully built Maximal CSA Expression Expr4
CDN_DP_region_3_12 level = 2 loads = 0 drivers = 1 is driven by : CDN_DP_region_3_9 
CDN_DP_region_3_12_c0 in riscv_core: area: 28667588985 ,dp = 14 mux = 11 sg = slow         worst_clk_period: -1.0000 
    wns: 0  norm_wns:  -1.0000 
    fail_endp: -1 
    tns:  0  tns_per_endp:  -1.0000   norm_tns_per_endp:  -1.0000 
    tns_sense_max:  -1.0000  tns_sense_avg:  -1.0000   tns_sense_num: -1
    power:  -9223372036854775808  
 skipped
CDN_DP_region_3_12_c1 in riscv_core: area: 23732084565 ,dp = 6 mux = 12 sg = fast         worst_clk_period: -1.0000 
    wns: 0  norm_wns:  -1.0000 
    fail_endp: -1 
    tns:  0  tns_per_endp:  -1.0000   norm_tns_per_endp:  -1.0000 
    tns_sense_max:  -1.0000  tns_sense_avg:  -1.0000   tns_sense_num: -1
    power:  -9223372036854775808  
 is current best
CDN_DP_region_3_12_c2 in riscv_core: area: 23732084565 ,dp = 6 mux = 12 sg = very_slow    worst_clk_period: -1.0000 
    wns: 0  norm_wns:  -1.0000 
    fail_endp: -1 
    tns:  0  tns_per_endp:  -1.0000   norm_tns_per_endp:  -1.0000 
    tns_sense_max:  -1.0000  tns_sense_avg:  -1.0000   tns_sense_num: -1
    power:  -9223372036854775808  
 is current best
CDN_DP_region_3_12_c3 in riscv_core: area: 23732084565 ,dp = 6 mux = 12 sg = very_fast    worst_clk_period: -1.0000 
    wns: 0  norm_wns:  -1.0000 
    fail_endp: -1 
    tns:  0  tns_per_endp:  -1.0000   norm_tns_per_endp:  -1.0000 
    tns_sense_max:  -1.0000  tns_sense_avg:  -1.0000   tns_sense_num: -1
    power:  -9223372036854775808  
 is current best
CDN_DP_region_3_12_c4 in riscv_core: area: 23732084565 ,dp = 6 mux = 12 sg = very_fast    worst_clk_period: -1.0000 
    wns: 0  norm_wns:  -1.0000 
    fail_endp: -1 
    tns:  0  tns_per_endp:  -1.0000   norm_tns_per_endp:  -1.0000 
    tns_sense_max:  -1.0000  tns_sense_avg:  -1.0000   tns_sense_num: -1
    power:  -9223372036854775808  
 is current best
CDN_DP_region_3_12_c5 in riscv_core: area: 23732084565 ,dp = 6 mux = 12 sg = very_fast    worst_clk_period: -1.0000 
    wns: 0  norm_wns:  -1.0000 
    fail_endp: -1 
    tns:  0  tns_per_endp:  -1.0000   norm_tns_per_endp:  -1.0000 
    tns_sense_max:  -1.0000  tns_sense_avg:  -1.0000   tns_sense_num: -1
    power:  -9223372036854775808  
 is current best
CDN_DP_region_3_12_c6 in riscv_core: area: 23732084565 ,dp = 6 mux = 12 sg = very_fast    worst_clk_period: -1.0000 
    wns: 0  norm_wns:  -1.0000 
    fail_endp: -1 
    tns:  0  tns_per_endp:  -1.0000   norm_tns_per_endp:  -1.0000 
    tns_sense_max:  -1.0000  tns_sense_avg:  -1.0000   tns_sense_num: -1
    power:  -9223372036854775808  
 is current best
CDN_DP_region_3_12_c7 in riscv_core: area: 27818297640 ,dp = 7 mux = 11 sg = very_fast    worst_clk_period: -1.0000 
    wns: 0  norm_wns:  -1.0000 
    fail_endp: -1 
    tns:  0  tns_per_endp:  -1.0000   norm_tns_per_endp:  -1.0000 
    tns_sense_max:  -1.0000  tns_sense_avg:  -1.0000   tns_sense_num: -1
    power:  -9223372036854775808  

Best config: CDN_DP_region_3_12_c6 in riscv_core: area: 23732084565 ,dp = 6 mux = 12 sg = very_fast    worst_clk_period: -1.0000 
    wns: 0  norm_wns:  -1.0000 
    fail_endp: -1 
    tns:  0  tns_per_endp:  -1.0000   norm_tns_per_endp:  -1.0000 
    tns_sense_max:  -1.0000  tns_sense_avg:  -1.0000   tns_sense_num: -1
    power:  -9223372036854775808  
  Smallest config area : 23732084565.  Fastest config wns;  0
##>+----------------------------------------------------------------------------------------------------------------------------------------------------------------+
##>Summary table of configs (Best config is CDN_DP_region_3_12_c6)
##>+----------------------------------------------------------------------------------------------------------------------------------------------------------------+
##>                     0                  1                  2                  3                  4                  5                  6                  7            
##>+----------------------------------------------------------------------------------------------------------------------------------------------------------------+
##>           Area      28667588985        23732084565        23732084565        23732084565        23732084565        23732084565        23732084565        27818297640  
##>            WNS          +676.20            +676.20            +676.20            +676.20            +676.20            +676.20            +676.20            +676.20  
##>            TNS                0                  0                  0                  0                  0                  0                  0                  0  
##>    Num Rewrite                0                  0                  0                  0                  0                  0                  0                  1  
##>     Num Factor                0                  0                  0                  0                  0                  0                  0                  0  
##>      Num Share                0                  2                  2                  2                  2                  2                  2                  1  
##>   Num CmultCse                0                  0                  0                  0                  0                  0                  0                  0  
##>   Num Downsize                0                  0                  0                  0                  0                  0                  0                  0  
##>  Num Speculate                0                  0                  0                  0                  0                  0                  0                  0  
##>     Runtime(s)                0                  0                  0                  0                  0                  0                  0                  1  
+----------------------------------------------------------------------------------------------------------------------------------------------------------------+
##>
##>
##>+-----------------------------------------------------------------------------------------------------------------------------------------------------------------------------------------------------+
##>Optimization Step DEBUG Table for config CDN_DP_region_3_12_c6
##>
##>                          Step                        Area   (  % Chg)         WNS (Change)          TNS (Change)                Power   (  % Chg)        Runtime (s)        Comment                   
##>+-----------------------------------------------------------------------------------------------------------------------------------------------------------------------------------------------------+
##>createMaxCarrySave              START            28667588985 (       )    107374858.60 (        )          0 (        )                    0 (       )              
##> datapath_rewrite_one_def       START            28667588985 (  +0.00)    107374858.60 (   +0.00)          0 (       0)                    0 (  +0.00)              
##>  fast_cse_elim                 START            28667588985 (  +0.00)    107374858.60 (   +0.00)          0 (       0)                    0 (  +0.00)              
##>                                  END            28656906075 (  -0.04)    107374858.60 (   +0.00)          0 (       0)                    0 (  +0.00)           0  
##>  fast_cse_elim                 START            28656906075 (  +0.00)    107374858.60 (   +0.00)          0 (       0)                    0 (  +0.00)              
##>                                  END            28656906075 (  +0.00)    107374858.60 (   +0.00)          0 (       0)                    0 (  +0.00)           0  
##>                                  END            28656906075 (  -0.04)    107374858.60 (   +0.00)          0 (       0)                    0 (  +0.00)           0  
##> dpopt_share_one_def            START            28656906075 (  +0.00)    107374858.60 (   +0.00)          0 (       0)                    0 (  +0.00)              
##>                                  END            25569545085 ( -10.77)    107374858.60 (   +0.00)          0 (       0)                    0 (  +0.00)           0  
##> csa_opto                       START            25569545085 (  +0.00)    214748364.70 (+107373506.10)          0 (       0)                    0 (  +0.00)              
##>                                  END            25569545085 (  +0.00)    214748364.70 (   +0.00)          0 (       0)                    0 (  +0.00)           0  
##>                                  END            25569545085 ( -10.81)    214748364.70 (+107373506.10)          0 (       0)                    0 (  +0.00)           0  
##>canonicalize_by_names           START            25569545085 (  +0.00)    214748364.70 (   +0.00)          0 (       0)                    0 (  +0.00)              
##>                                  END            25569545085 (  +0.00)    214748364.70 (   +0.00)          0 (       0)                    0 (  +0.00)           0  
##>datapath_rewrite_post_csa_one_  START            25569545085 (  +0.00)    214748364.70 (   +0.00)          0 (       0)                    0 (  +0.00)              
##>                                  END            25569545085 (  +0.00)    214748364.70 (   +0.00)          0 (       0)                    0 (  +0.00)           0  
##>datapath_csa_factoring_one_gde  START            25569545085 (  +0.00)    214748364.70 (   +0.00)          0 (       0)                    0 (  +0.00)              
##>                                  END            25569545085 (  +0.00)    214748364.70 (   +0.00)          0 (       0)                    0 (  +0.00)           0  
##>dpopt_share_one_def             START            25569545085 (  +0.00)    214748364.70 (   +0.00)          0 (       0)                    0 (  +0.00)              
##>                                  END            25569545085 (  +0.00)    214748364.70 (   +0.00)          0 (       0)                    0 (  +0.00)           0  
##>datapath_rewrite_post_share     START            25569545085 (  +0.00)    214748364.70 (   +0.00)          0 (       0)                    0 (  +0.00)              
##>                                  END            25569545085 (  +0.00)    214748364.70 (   +0.00)          0 (       0)                    0 (  +0.00)           0  
##>dp_combine_const_mult_with_com  START            25569545085 (  +0.00)    214748364.70 (   +0.00)          0 (       0)                    0 (  +0.00)              
##>                                  END            25569545085 (  +0.00)    214748364.70 (   +0.00)          0 (       0)                    0 (  +0.00)           0  
##>speculate_in_gdef               START            25569545085 (  +0.00)    214748364.70 (   +0.00)          0 (       0)                    0 (  +0.00)              
##> pre_speculate_mux_merge        START            25569545085 (  +0.00)    214748364.70 (   +0.00)          0 (       0)                    0 (  +0.00)              
##>                                  END            25569545085 (  +0.00)    214748364.70 (   +0.00)          0 (       0)                    0 (  +0.00)           0  
##>                                  END            25569545085 (  +0.00)    214748364.70 (   +0.00)          0 (       0)                    0 (  +0.00)           0  
##>dp_operator_level_decompositio  START            25569545085 (  +0.00)    214748364.70 (   +0.00)          0 (       0)                    0 (  +0.00)              
##>                                  END            25569545085 (  +0.00)    214748364.70 (   +0.00)          0 (       0)                    0 (  +0.00)           0  
##>selective_flatten_dp_config     START            25569545085 (  +0.00)    214748364.70 (   +0.00)          0 (       0)                    0 (  +0.00)              
##>                                  END            24522619905 (  -4.09)    214748364.70 (   +0.00)          0 (       0)                    0 (  +0.00)           0  
##>createMaxCarrySave              START            24522619905 (  +0.00)    214748364.70 (   +0.00)          0 (       0)                    0 (  +0.00)              
##> datapath_rewrite_one_def       START            24522619905 (  +0.00)    214748364.70 (   +0.00)          0 (       0)                    0 (  +0.00)              
##>  fast_cse_elim                 START            24522619905 (  +0.00)    214748364.70 (   +0.00)          0 (       0)                    0 (  +0.00)              
##>                                  END            24522619905 (  +0.00)    214748364.70 (   +0.00)          0 (       0)                    0 (  +0.00)           0  
##>  fast_cse_elim                 START            24522619905 (  +0.00)    214748364.70 (   +0.00)          0 (       0)                    0 (  +0.00)              
##>                                  END            24522619905 (  +0.00)    214748364.70 (   +0.00)          0 (       0)                    0 (  +0.00)           0  
##>                                  END            24522619905 (  +0.00)    214748364.70 (   +0.00)          0 (       0)                    0 (  +0.00)           0  
##> dpopt_share_one_def            START            24522619905 (  +0.00)    214748364.70 (   +0.00)          0 (       0)                    0 (  +0.00)              
##>                                  END            24522619905 (  +0.00)    214748364.70 (   +0.00)          0 (       0)                    0 (  +0.00)           0  
##> csa_opto                       START            24522619905 (  +0.00)    214748364.70 (   +0.00)          0 (       0)                    0 (  +0.00)              
##>                                  END            24522619905 (  +0.00)    214748364.70 (   +0.00)          0 (       0)                    0 (  +0.00)           0  
##>                                  END            24522619905 (  +0.00)    214748364.70 (   +0.00)          0 (       0)                    0 (  +0.00)           0  
##>context_based_simplify          START            24522619905 (  +0.00)    214748364.70 (   +0.00)          0 (       0)                    0 (  +0.00)              
##>                                  END            23732084565 (  -3.22)    214748364.70 (   +0.00)          0 (       0)                    0 (  +0.00)           0  
##>group_csa_final_adder_dp        START            23732084565 (  +0.00)    214748364.70 (   +0.00)          0 (       0)                    0 (  +0.00)              
##>                                  END            23732084565 (  +0.00)    214748364.70 (   +0.00)          0 (       0)                    0 (  +0.00)           0  
##>dpopt_flatten_critical_muxes_i  START            23732084565 (  +0.00)    214748364.70 (   +0.00)          0 (       0)                    0 (  +0.00)              
##>                                  END            23732084565 (  +0.00)    214748364.70 (   +0.00)          0 (       0)                    0 (  +0.00)           0  
##>speculate_in_gdef               START            23732084565 (  +0.00)    214748364.70 (   +0.00)          0 (       0)                    0 (  +0.00)              
##> pre_speculate_mux_merge        START            23732084565 (  +0.00)    214748364.70 (   +0.00)          0 (       0)                    0 (  +0.00)              
##>                                  END            23732084565 (  +0.00)    214748364.70 (   +0.00)          0 (       0)                    0 (  +0.00)           0  
##>                                  END            23732084565 (  +0.00)    214748364.70 (   +0.00)          0 (       0)                    0 (  +0.00)           0  
##>create_score                    START            23732084565 (  +0.00)      676.20 (-214747688.50)          0 (       0)                    0 (  +0.00)              
##>                                  END            23732084565 (  +0.00)      676.20 (   +0.00)          0 (       0)                    0 (  +0.00)           0  
##>+-----------------------------------------------------------------------------------------------------------------------------------------------------------------------------------------------------+
Committed config: CDN_DP_region_3_12_c6
Info    : Done implementing datapath configurations. [DPOPT-4]
        : Selected 'very_fast' configuration 6 for module 'CDN_DP_region_3_12_c6'.
          Optimizations applied to 'very_fast' configuration:
            rewriting(0), factoring(0), sharing(2), cmultcse(0), downsizing(0), speculation(0)
Info    : Implementing datapath configurations. [DPOPT-3]
        : Implementing datapath configurations for 'CDN_DP_region_3_6'
CSAGen Prep Share:0 Re-Write:0 Speculation: 0
MaxCSA: Successfully built Maximal CSA Expression Expr5
CDN_DP_region_3_6 level = 0 loads = 0 drivers = 0
CDN_DP_region_3_6_c0 in riscv_core: area: 27973199835 ,dp = 3 mux = 0 sg = slow         worst_clk_period: -1.0000 
    wns: 0  norm_wns:  -1.0000 
    fail_endp: -1 
    tns:  0  tns_per_endp:  -1.0000   norm_tns_per_endp:  -1.0000 
    tns_sense_max:  -1.0000  tns_sense_avg:  -1.0000   tns_sense_num: -1
    power:  -9223372036854775808  
 skipped
CDN_DP_region_3_6_c1 in riscv_core: area: 17343704385 ,dp = 1 mux = 0 sg = fast         worst_clk_period: -1.0000 
    wns: 0  norm_wns:  -1.0000 
    fail_endp: -1 
    tns:  0  tns_per_endp:  -1.0000   norm_tns_per_endp:  -1.0000 
    tns_sense_max:  -1.0000  tns_sense_avg:  -1.0000   tns_sense_num: -1
    power:  -9223372036854775808  
 is current best
CDN_DP_region_3_6_c2 in riscv_core: area: 17343704385 ,dp = 1 mux = 0 sg = very_slow    worst_clk_period: -1.0000 
    wns: 0  norm_wns:  -1.0000 
    fail_endp: -1 
    tns:  0  tns_per_endp:  -1.0000   norm_tns_per_endp:  -1.0000 
    tns_sense_max:  -1.0000  tns_sense_avg:  -1.0000   tns_sense_num: -1
    power:  -9223372036854775808  
 is current best
CDN_DP_region_3_6_c3 in riscv_core: area: 17343704385 ,dp = 1 mux = 0 sg = very_fast    worst_clk_period: -1.0000 
    wns: 0  norm_wns:  -1.0000 
    fail_endp: -1 
    tns:  0  tns_per_endp:  -1.0000   norm_tns_per_endp:  -1.0000 
    tns_sense_max:  -1.0000  tns_sense_avg:  -1.0000   tns_sense_num: -1
    power:  -9223372036854775808  
 is current best
CDN_DP_region_3_6_c4 in riscv_core: area: 17343704385 ,dp = 1 mux = 0 sg = very_fast    worst_clk_period: -1.0000 
    wns: 0  norm_wns:  -1.0000 
    fail_endp: -1 
    tns:  0  tns_per_endp:  -1.0000   norm_tns_per_endp:  -1.0000 
    tns_sense_max:  -1.0000  tns_sense_avg:  -1.0000   tns_sense_num: -1
    power:  -9223372036854775808  
 is current best
CDN_DP_region_3_6_c5 in riscv_core: area: 17343704385 ,dp = 1 mux = 0 sg = very_fast    worst_clk_period: -1.0000 
    wns: 0  norm_wns:  -1.0000 
    fail_endp: -1 
    tns:  0  tns_per_endp:  -1.0000   norm_tns_per_endp:  -1.0000 
    tns_sense_max:  -1.0000  tns_sense_avg:  -1.0000   tns_sense_num: -1
    power:  -9223372036854775808  
 is current best
CDN_DP_region_3_6_c6 in riscv_core: area: 17343704385 ,dp = 1 mux = 0 sg = very_fast    worst_clk_period: -1.0000 
    wns: 0  norm_wns:  -1.0000 
    fail_endp: -1 
    tns:  0  tns_per_endp:  -1.0000   norm_tns_per_endp:  -1.0000 
    tns_sense_max:  -1.0000  tns_sense_avg:  -1.0000   tns_sense_num: -1
    power:  -9223372036854775808  
 is current best
CDN_DP_region_3_6_c7 in riscv_core: area: 17354387295 ,dp = 1 mux = 0 sg = very_fast    worst_clk_period: -1.0000 
    wns: 0  norm_wns:  -1.0000 
    fail_endp: -1 
    tns:  0  tns_per_endp:  -1.0000   norm_tns_per_endp:  -1.0000 
    tns_sense_max:  -1.0000  tns_sense_avg:  -1.0000   tns_sense_num: -1
    power:  -9223372036854775808  

Best config: CDN_DP_region_3_6_c6 in riscv_core: area: 17343704385 ,dp = 1 mux = 0 sg = very_fast    worst_clk_period: -1.0000 
    wns: 0  norm_wns:  -1.0000 
    fail_endp: -1 
    tns:  0  tns_per_endp:  -1.0000   norm_tns_per_endp:  -1.0000 
    tns_sense_max:  -1.0000  tns_sense_avg:  -1.0000   tns_sense_num: -1
    power:  -9223372036854775808  
  Smallest config area : 17343704385.  Fastest config wns;  0
##>+----------------------------------------------------------------------------------------------------------------------------------------------------------------+
##>Summary table of configs (Best config is CDN_DP_region_3_6_c6)
##>+----------------------------------------------------------------------------------------------------------------------------------------------------------------+
##>                     0                  1                  2                  3                  4                  5                  6                  7            
##>+----------------------------------------------------------------------------------------------------------------------------------------------------------------+
##>           Area      27973199835        17343704385        17343704385        17343704385        17343704385        17343704385        17343704385        17354387295  
##>            WNS         +2608.10           +3379.60           +3379.60           +3379.60           +3379.60           +3379.60           +3379.60           +3379.60  
##>            TNS                0                  0                  0                  0                  0                  0                  0                  0  
##>    Num Rewrite                0                  1                  1                  1                  1                  1                  1                  0  
##>     Num Factor                0                  0                  0                  0                  0                  0                  0                  0  
##>      Num Share                0                  0                  0                  0                  0                  0                  0                  0  
##>   Num CmultCse                0                  0                  0                  0                  0                  0                  0                  0  
##>   Num Downsize                0                  0                  0                  0                  0                  0                  0                  0  
##>  Num Speculate                0                  0                  0                  0                  0                  0                  0                  0  
##>     Runtime(s)                0                  1                  0                  0                  0                  0                  0                  2  
+----------------------------------------------------------------------------------------------------------------------------------------------------------------+
##>
##>
##>+-----------------------------------------------------------------------------------------------------------------------------------------------------------------------------------------------------+
##>Optimization Step DEBUG Table for config CDN_DP_region_3_6_c6
##>
##>                          Step                        Area   (  % Chg)         WNS (Change)          TNS (Change)                Power   (  % Chg)        Runtime (s)        Comment                   
##>+-----------------------------------------------------------------------------------------------------------------------------------------------------------------------------------------------------+
##>createMaxCarrySave              START            27973199835 (       )    107376790.50 (        )          0 (        )                    0 (       )              
##> datapath_rewrite_one_def       START            27973199835 (  +0.00)    107376790.50 (   +0.00)          0 (       0)                    0 (  +0.00)              
##>  fast_cse_elim                 START            27973199835 (  +0.00)    107376790.50 (   +0.00)          0 (       0)                    0 (  +0.00)              
##>                                  END            27973199835 (  +0.00)    107376790.50 (   +0.00)          0 (       0)                    0 (  +0.00)           0  
##>  fast_cse_elim                 START            27973199835 (  +0.00)    107376790.50 (   +0.00)          0 (       0)                    0 (  +0.00)              
##>                                  END            27973199835 (  +0.00)    107376790.50 (   +0.00)          0 (       0)                    0 (  +0.00)           0  
##>                                  END            27973199835 (  +0.00)    107376790.50 (   +0.00)          0 (       0)                    0 (  +0.00)           0  
##> dpopt_share_one_def            START            27973199835 (  +0.00)    107376790.50 (   +0.00)          0 (       0)                    0 (  +0.00)              
##>                                  END            27973199835 (  +0.00)    107376790.50 (   +0.00)          0 (       0)                    0 (  +0.00)           0  
##> csa_opto                       START            27973199835 (  +0.00)    214748364.70 (+107371574.20)          0 (       0)                    0 (  +0.00)              
##>                                  END            17530655310 ( -37.33)    214748364.70 (   +0.00)          0 (       0)                    0 (  +0.00)           0  
##>                                  END            17530655310 ( -37.33)    214748364.70 (+107371574.20)          0 (       0)                    0 (  +0.00)           0  
##>canonicalize_by_names           START            17530655310 (  +0.00)    214748364.70 (   +0.00)          0 (       0)                    0 (  +0.00)              
##>                                  END            17530655310 (  +0.00)    214748364.70 (   +0.00)          0 (       0)                    0 (  +0.00)           0  
##>datapath_rewrite_post_csa_one_  START            17530655310 (  +0.00)    214748364.70 (   +0.00)          0 (       0)                    0 (  +0.00)              
##> rewrite                        START            17530655310 (  +0.00)    214748364.70 (   +0.00)          0 (       0)                    0 (  +0.00)              (a,ar) csa_add_and_inc_v2 --> csa_add_ci
##>                                  END            17343704385 (  -1.07)    214748364.70 (   +0.00)          0 (       0)                    0 (  +0.00)           0  
##>                                  END            17343704385 (  -1.07)    214748364.70 (   +0.00)          0 (       0)                    0 (  +0.00)           0  
##>datapath_csa_factoring_one_gde  START            17343704385 (  +0.00)    214748364.70 (   +0.00)          0 (       0)                    0 (  +0.00)              
##>                                  END            17343704385 (  +0.00)    214748364.70 (   +0.00)          0 (       0)                    0 (  +0.00)           0  
##>dpopt_share_one_def             START            17343704385 (  +0.00)    214748364.70 (   +0.00)          0 (       0)                    0 (  +0.00)              
##>                                  END            17343704385 (  +0.00)    214748364.70 (   +0.00)          0 (       0)                    0 (  +0.00)           0  
##>datapath_rewrite_post_share     START            17343704385 (  +0.00)    214748364.70 (   +0.00)          0 (       0)                    0 (  +0.00)              
##>                                  END            17343704385 (  +0.00)    214748364.70 (   +0.00)          0 (       0)                    0 (  +0.00)           0  
##>dp_combine_const_mult_with_com  START            17343704385 (  +0.00)    214748364.70 (   +0.00)          0 (       0)                    0 (  +0.00)              
##>                                  END            17343704385 (  +0.00)    214748364.70 (   +0.00)          0 (       0)                    0 (  +0.00)           0  
##>dp_operator_level_decompositio  START            17343704385 (  +0.00)    214748364.70 (   +0.00)          0 (       0)                    0 (  +0.00)              
##>                                  END            17343704385 (  +0.00)    214748364.70 (   +0.00)          0 (       0)                    0 (  +0.00)           0  
##>selective_flatten_dp_config     START            17343704385 (  +0.00)    214748364.70 (   +0.00)          0 (       0)                    0 (  +0.00)              
##>                                  END            17343704385 (  +0.00)    214748364.70 (   +0.00)          0 (       0)                    0 (  +0.00)           0  
##>createMaxCarrySave              START            17343704385 (  +0.00)    214748364.70 (   +0.00)          0 (       0)                    0 (  +0.00)              
##> datapath_rewrite_one_def       START            17343704385 (  +0.00)    214748364.70 (   +0.00)          0 (       0)                    0 (  +0.00)              
##>  fast_cse_elim                 START            17343704385 (  +0.00)    214748364.70 (   +0.00)          0 (       0)                    0 (  +0.00)              
##>                                  END            17343704385 (  +0.00)    214748364.70 (   +0.00)          0 (       0)                    0 (  +0.00)           0  
##>  fast_cse_elim                 START            17343704385 (  +0.00)    214748364.70 (   +0.00)          0 (       0)                    0 (  +0.00)              
##>                                  END            17343704385 (  +0.00)    214748364.70 (   +0.00)          0 (       0)                    0 (  +0.00)           0  
##>                                  END            17343704385 (  +0.00)    214748364.70 (   +0.00)          0 (       0)                    0 (  +0.00)           0  
##> dpopt_share_one_def            START            17343704385 (  +0.00)    214748364.70 (   +0.00)          0 (       0)                    0 (  +0.00)              
##>                                  END            17343704385 (  +0.00)    214748364.70 (   +0.00)          0 (       0)                    0 (  +0.00)           0  
##> csa_opto                       START            17343704385 (  +0.00)    214748364.70 (   +0.00)          0 (       0)                    0 (  +0.00)              
##>                                  END            17343704385 (  +0.00)    214748364.70 (   +0.00)          0 (       0)                    0 (  +0.00)           0  
##>                                  END            17343704385 (  +0.00)    214748364.70 (   +0.00)          0 (       0)                    0 (  +0.00)           0  
##>datapath_rewrite_post_csa_one_  START            17343704385 (  +0.00)    214748364.70 (   +0.00)          0 (       0)                    0 (  +0.00)              
##>                                  END            17343704385 (  +0.00)    214748364.70 (   +0.00)          0 (       0)                    0 (  +0.00)           0  
##>datapath_csa_factoring_one_gde  START            17343704385 (  +0.00)    214748364.70 (   +0.00)          0 (       0)                    0 (  +0.00)              
##>                                  END            17343704385 (  +0.00)    214748364.70 (   +0.00)          0 (       0)                    0 (  +0.00)           0  
##>dpopt_share_one_def             START            17343704385 (  +0.00)    214748364.70 (   +0.00)          0 (       0)                    0 (  +0.00)              
##>                                  END            17343704385 (  +0.00)    214748364.70 (   +0.00)          0 (       0)                    0 (  +0.00)           0  
##>datapath_rewrite_post_share     START            17343704385 (  +0.00)    214748364.70 (   +0.00)          0 (       0)                    0 (  +0.00)              
##>                                  END            17343704385 (  +0.00)    214748364.70 (   +0.00)          0 (       0)                    0 (  +0.00)           0  
##>dp_combine_const_mult_with_com  START            17343704385 (  +0.00)    214748364.70 (   +0.00)          0 (       0)                    0 (  +0.00)              
##>                                  END            17343704385 (  +0.00)    214748364.70 (   +0.00)          0 (       0)                    0 (  +0.00)           0  
##>dp_operator_level_decompositio  START            17343704385 (  +0.00)    214748364.70 (   +0.00)          0 (       0)                    0 (  +0.00)              
##>                                  END            17343704385 (  +0.00)    214748364.70 (   +0.00)          0 (       0)                    0 (  +0.00)           0  
##>selective_flatten_dp_config     START            17343704385 (  +0.00)    214748364.70 (   +0.00)          0 (       0)                    0 (  +0.00)              
##>                                  END            17343704385 (  +0.00)    214748364.70 (   +0.00)          0 (       0)                    0 (  +0.00)           0  
##>createMaxCarrySave              START            17343704385 (  +0.00)    214748364.70 (   +0.00)          0 (       0)                    0 (  +0.00)              
##> datapath_rewrite_one_def       START            17343704385 (  +0.00)    214748364.70 (   +0.00)          0 (       0)                    0 (  +0.00)              
##>  fast_cse_elim                 START            17343704385 (  +0.00)    214748364.70 (   +0.00)          0 (       0)                    0 (  +0.00)              
##>                                  END            17343704385 (  +0.00)    214748364.70 (   +0.00)          0 (       0)                    0 (  +0.00)           0  
##>  fast_cse_elim                 START            17343704385 (  +0.00)    214748364.70 (   +0.00)          0 (       0)                    0 (  +0.00)              
##>                                  END            17343704385 (  +0.00)    214748364.70 (   +0.00)          0 (       0)                    0 (  +0.00)           0  
##>                                  END            17343704385 (  +0.00)    214748364.70 (   +0.00)          0 (       0)                    0 (  +0.00)           0  
##> dpopt_share_one_def            START            17343704385 (  +0.00)    214748364.70 (   +0.00)          0 (       0)                    0 (  +0.00)              
##>                                  END            17343704385 (  +0.00)    214748364.70 (   +0.00)          0 (       0)                    0 (  +0.00)           0  
##> csa_opto                       START            17343704385 (  +0.00)    214748364.70 (   +0.00)          0 (       0)                    0 (  +0.00)              
##>                                  END            17343704385 (  +0.00)    214748364.70 (   +0.00)          0 (       0)                    0 (  +0.00)           0  
##>                                  END            17343704385 (  +0.00)    214748364.70 (   +0.00)          0 (       0)                    0 (  +0.00)           0  
##>context_based_simplify          START            17343704385 (  +0.00)    214748364.70 (   +0.00)          0 (       0)                    0 (  +0.00)              
##>                                  END            17343704385 (  +0.00)    214748364.70 (   +0.00)          0 (       0)                    0 (  +0.00)           0  
##>group_csa_final_adder_dp        START            17343704385 (  +0.00)    214748364.70 (   +0.00)          0 (       0)                    0 (  +0.00)              
##>                                  END            18160947000 (  +4.71)    214748364.70 (   +0.00)          0 (       0)                    0 (  +0.00)           0  
##>dpopt_flatten_critical_muxes_i  START            18160947000 (  +0.00)    214748364.70 (   +0.00)          0 (       0)                    0 (  +0.00)              
##>                                  END            18160947000 (  +0.00)    214748364.70 (   +0.00)          0 (       0)                    0 (  +0.00)           0  
##>create_score                    START            17343704385 (  -4.50)     3379.60 (-214744985.10)          0 (       0)                    0 (  +0.00)              
##>                                  END            17343704385 (  +0.00)     3379.60 (   +0.00)          0 (       0)                    0 (  +0.00)           0  
##>+-----------------------------------------------------------------------------------------------------------------------------------------------------------------------------------------------------+
Committed config: CDN_DP_region_3_6_c6
Info    : Done implementing datapath configurations. [DPOPT-4]
        : Selected 'very_fast' configuration 6 for module 'CDN_DP_region_3_6_c6'.
          Optimizations applied to 'very_fast' configuration:
            rewriting(1), factoring(0), sharing(0), cmultcse(0), downsizing(0), speculation(0)
Info    : Implementing datapath configurations. [DPOPT-3]
        : Implementing datapath configurations for 'CDN_DP_region_3_5'
CSAGen Prep Share:0 Re-Write:0 Speculation: 0
MaxCSA: Successfully built Maximal CSA Expression Expr6
CDN_DP_region_3_5 level = 0 loads = 0 drivers = 0
CDN_DP_region_3_5_c0 in riscv_core: area: 25948788390 ,dp = 3 mux = 0 sg = slow         worst_clk_period: -1.0000 
    wns: 0  norm_wns:  -1.0000 
    fail_endp: -1 
    tns:  0  tns_per_endp:  -1.0000   norm_tns_per_endp:  -1.0000 
    tns_sense_max:  -1.0000  tns_sense_avg:  -1.0000   tns_sense_num: -1
    power:  -9223372036854775808  
 skipped
CDN_DP_region_3_5_c1 in riscv_core: area: 15239171115 ,dp = 1 mux = 0 sg = fast         worst_clk_period: -1.0000 
    wns: 0  norm_wns:  -1.0000 
    fail_endp: -1 
    tns:  0  tns_per_endp:  -1.0000   norm_tns_per_endp:  -1.0000 
    tns_sense_max:  -1.0000  tns_sense_avg:  -1.0000   tns_sense_num: -1
    power:  -9223372036854775808  
 is current best
CDN_DP_region_3_5_c2 in riscv_core: area: 15239171115 ,dp = 1 mux = 0 sg = very_slow    worst_clk_period: -1.0000 
    wns: 0  norm_wns:  -1.0000 
    fail_endp: -1 
    tns:  0  tns_per_endp:  -1.0000   norm_tns_per_endp:  -1.0000 
    tns_sense_max:  -1.0000  tns_sense_avg:  -1.0000   tns_sense_num: -1
    power:  -9223372036854775808  
 is current best
CDN_DP_region_3_5_c3 in riscv_core: area: 15239171115 ,dp = 1 mux = 0 sg = very_fast    worst_clk_period: -1.0000 
    wns: 0  norm_wns:  -1.0000 
    fail_endp: -1 
    tns:  0  tns_per_endp:  -1.0000   norm_tns_per_endp:  -1.0000 
    tns_sense_max:  -1.0000  tns_sense_avg:  -1.0000   tns_sense_num: -1
    power:  -9223372036854775808  
 is current best
CDN_DP_region_3_5_c4 in riscv_core: area: 15239171115 ,dp = 1 mux = 0 sg = very_fast    worst_clk_period: -1.0000 
    wns: 0  norm_wns:  -1.0000 
    fail_endp: -1 
    tns:  0  tns_per_endp:  -1.0000   norm_tns_per_endp:  -1.0000 
    tns_sense_max:  -1.0000  tns_sense_avg:  -1.0000   tns_sense_num: -1
    power:  -9223372036854775808  
 is current best
CDN_DP_region_3_5_c5 in riscv_core: area: 15239171115 ,dp = 1 mux = 0 sg = very_fast    worst_clk_period: -1.0000 
    wns: 0  norm_wns:  -1.0000 
    fail_endp: -1 
    tns:  0  tns_per_endp:  -1.0000   norm_tns_per_endp:  -1.0000 
    tns_sense_max:  -1.0000  tns_sense_avg:  -1.0000   tns_sense_num: -1
    power:  -9223372036854775808  
 is current best
CDN_DP_region_3_5_c6 in riscv_core: area: 15239171115 ,dp = 1 mux = 0 sg = very_fast    worst_clk_period: -1.0000 
    wns: 0  norm_wns:  -1.0000 
    fail_endp: -1 
    tns:  0  tns_per_endp:  -1.0000   norm_tns_per_endp:  -1.0000 
    tns_sense_max:  -1.0000  tns_sense_avg:  -1.0000   tns_sense_num: -1
    power:  -9223372036854775808  
 is current best
CDN_DP_region_3_5_c7 in riscv_core: area: 15249854025 ,dp = 1 mux = 0 sg = very_fast    worst_clk_period: -1.0000 
    wns: 0  norm_wns:  -1.0000 
    fail_endp: -1 
    tns:  0  tns_per_endp:  -1.0000   norm_tns_per_endp:  -1.0000 
    tns_sense_max:  -1.0000  tns_sense_avg:  -1.0000   tns_sense_num: -1
    power:  -9223372036854775808  

Best config: CDN_DP_region_3_5_c6 in riscv_core: area: 15239171115 ,dp = 1 mux = 0 sg = very_fast    worst_clk_period: -1.0000 
    wns: 0  norm_wns:  -1.0000 
    fail_endp: -1 
    tns:  0  tns_per_endp:  -1.0000   norm_tns_per_endp:  -1.0000 
    tns_sense_max:  -1.0000  tns_sense_avg:  -1.0000   tns_sense_num: -1
    power:  -9223372036854775808  
  Smallest config area : 15239171115.  Fastest config wns;  0
##>+----------------------------------------------------------------------------------------------------------------------------------------------------------------+
##>Summary table of configs (Best config is CDN_DP_region_3_5_c6)
##>+----------------------------------------------------------------------------------------------------------------------------------------------------------------+
##>                     0                  1                  2                  3                  4                  5                  6                  7            
##>+----------------------------------------------------------------------------------------------------------------------------------------------------------------+
##>           Area      25948788390        15239171115        15239171115        15239171115        15239171115        15239171115        15239171115        15249854025  
##>            WNS         +2669.40           +3405.70           +3405.70           +3405.70           +3405.70           +3405.70           +3405.70           +3405.70  
##>            TNS                0                  0                  0                  0                  0                  0                  0                  0  
##>    Num Rewrite                0                  1                  1                  1                  1                  1                  1                  0  
##>     Num Factor                0                  0                  0                  0                  0                  0                  0                  0  
##>      Num Share                0                  0                  0                  0                  0                  0                  0                  0  
##>   Num CmultCse                0                  0                  0                  0                  0                  0                  0                  0  
##>   Num Downsize                0                  0                  0                  0                  0                  0                  0                  0  
##>  Num Speculate                0                  0                  0                  0                  0                  0                  0                  0  
##>     Runtime(s)                0                  1                  0                  0                  0                  0                  0                  2  
+----------------------------------------------------------------------------------------------------------------------------------------------------------------+
##>
##>
##>+-----------------------------------------------------------------------------------------------------------------------------------------------------------------------------------------------------+
##>Optimization Step DEBUG Table for config CDN_DP_region_3_5_c6
##>
##>                          Step                        Area   (  % Chg)         WNS (Change)          TNS (Change)                Power   (  % Chg)        Runtime (s)        Comment                   
##>+-----------------------------------------------------------------------------------------------------------------------------------------------------------------------------------------------------+
##>createMaxCarrySave              START            25948788390 (       )    107376851.80 (        )          0 (        )                    0 (       )              
##> datapath_rewrite_one_def       START            25948788390 (  +0.00)    107376851.80 (   +0.00)          0 (       0)                    0 (  +0.00)              
##>  fast_cse_elim                 START            25948788390 (  +0.00)    107376851.80 (   +0.00)          0 (       0)                    0 (  +0.00)              
##>                                  END            25948788390 (  +0.00)    107376851.80 (   +0.00)          0 (       0)                    0 (  +0.00)           0  
##>  fast_cse_elim                 START            25948788390 (  +0.00)    107376851.80 (   +0.00)          0 (       0)                    0 (  +0.00)              
##>                                  END            25948788390 (  +0.00)    107376851.80 (   +0.00)          0 (       0)                    0 (  +0.00)           0  
##>                                  END            25948788390 (  +0.00)    107376851.80 (   +0.00)          0 (       0)                    0 (  +0.00)           0  
##> dpopt_share_one_def            START            25948788390 (  +0.00)    107376851.80 (   +0.00)          0 (       0)                    0 (  +0.00)              
##>                                  END            25948788390 (  +0.00)    107376851.80 (   +0.00)          0 (       0)                    0 (  +0.00)           0  
##> csa_opto                       START            25948788390 (  +0.00)    214748364.70 (+107371512.90)          0 (       0)                    0 (  +0.00)              
##>                                  END            16419632670 ( -36.72)    214748364.70 (   +0.00)          0 (       0)                    0 (  +0.00)           0  
##>                                  END            16419632670 ( -36.72)    214748364.70 (+107371512.90)          0 (       0)                    0 (  +0.00)           0  
##>canonicalize_by_names           START            16419632670 (  +0.00)    214748364.70 (   +0.00)          0 (       0)                    0 (  +0.00)              
##>                                  END            16419632670 (  +0.00)    214748364.70 (   +0.00)          0 (       0)                    0 (  +0.00)           0  
##>datapath_rewrite_post_csa_one_  START            16419632670 (  +0.00)    214748364.70 (   +0.00)          0 (       0)                    0 (  +0.00)              
##> rewrite                        START            16419632670 (  +0.00)    214748364.70 (   +0.00)          0 (       0)                    0 (  +0.00)              (a,ar) csa_add_and_inc_v2 --> csa_add_ci
##>                                  END            15239171115 (  -7.19)    214748364.70 (   +0.00)          0 (       0)                    0 (  +0.00)           0  
##>                                  END            15239171115 (  -7.19)    214748364.70 (   +0.00)          0 (       0)                    0 (  +0.00)           0  
##>datapath_csa_factoring_one_gde  START            15239171115 (  +0.00)    214748364.70 (   +0.00)          0 (       0)                    0 (  +0.00)              
##>                                  END            15239171115 (  +0.00)    214748364.70 (   +0.00)          0 (       0)                    0 (  +0.00)           0  
##>dpopt_share_one_def             START            15239171115 (  +0.00)    214748364.70 (   +0.00)          0 (       0)                    0 (  +0.00)              
##>                                  END            15239171115 (  +0.00)    214748364.70 (   +0.00)          0 (       0)                    0 (  +0.00)           0  
##>datapath_rewrite_post_share     START            15239171115 (  +0.00)    214748364.70 (   +0.00)          0 (       0)                    0 (  +0.00)              
##>                                  END            15239171115 (  +0.00)    214748364.70 (   +0.00)          0 (       0)                    0 (  +0.00)           0  
##>dp_combine_const_mult_with_com  START            15239171115 (  +0.00)    214748364.70 (   +0.00)          0 (       0)                    0 (  +0.00)              
##>                                  END            15239171115 (  +0.00)    214748364.70 (   +0.00)          0 (       0)                    0 (  +0.00)           0  
##>dp_operator_level_decompositio  START            15239171115 (  +0.00)    214748364.70 (   +0.00)          0 (       0)                    0 (  +0.00)              
##>                                  END            15239171115 (  +0.00)    214748364.70 (   +0.00)          0 (       0)                    0 (  +0.00)           0  
##>selective_flatten_dp_config     START            15239171115 (  +0.00)    214748364.70 (   +0.00)          0 (       0)                    0 (  +0.00)              
##>                                  END            15239171115 (  +0.00)    214748364.70 (   +0.00)          0 (       0)                    0 (  +0.00)           0  
##>createMaxCarrySave              START            15239171115 (  +0.00)    214748364.70 (   +0.00)          0 (       0)                    0 (  +0.00)              
##> datapath_rewrite_one_def       START            15239171115 (  +0.00)    214748364.70 (   +0.00)          0 (       0)                    0 (  +0.00)              
##>  fast_cse_elim                 START            15239171115 (  +0.00)    214748364.70 (   +0.00)          0 (       0)                    0 (  +0.00)              
##>                                  END            15239171115 (  +0.00)    214748364.70 (   +0.00)          0 (       0)                    0 (  +0.00)           0  
##>  fast_cse_elim                 START            15239171115 (  +0.00)    214748364.70 (   +0.00)          0 (       0)                    0 (  +0.00)              
##>                                  END            15239171115 (  +0.00)    214748364.70 (   +0.00)          0 (       0)                    0 (  +0.00)           0  
##>                                  END            15239171115 (  +0.00)    214748364.70 (   +0.00)          0 (       0)                    0 (  +0.00)           0  
##> dpopt_share_one_def            START            15239171115 (  +0.00)    214748364.70 (   +0.00)          0 (       0)                    0 (  +0.00)              
##>                                  END            15239171115 (  +0.00)    214748364.70 (   +0.00)          0 (       0)                    0 (  +0.00)           0  
##> csa_opto                       START            15239171115 (  +0.00)    214748364.70 (   +0.00)          0 (       0)                    0 (  +0.00)              
##>                                  END            15239171115 (  +0.00)    214748364.70 (   +0.00)          0 (       0)                    0 (  +0.00)           0  
##>                                  END            15239171115 (  +0.00)    214748364.70 (   +0.00)          0 (       0)                    0 (  +0.00)           0  
##>datapath_rewrite_post_csa_one_  START            15239171115 (  +0.00)    214748364.70 (   +0.00)          0 (       0)                    0 (  +0.00)              
##>                                  END            15239171115 (  +0.00)    214748364.70 (   +0.00)          0 (       0)                    0 (  +0.00)           0  
##>datapath_csa_factoring_one_gde  START            15239171115 (  +0.00)    214748364.70 (   +0.00)          0 (       0)                    0 (  +0.00)              
##>                                  END            15239171115 (  +0.00)    214748364.70 (   +0.00)          0 (       0)                    0 (  +0.00)           0  
##>dpopt_share_one_def             START            15239171115 (  +0.00)    214748364.70 (   +0.00)          0 (       0)                    0 (  +0.00)              
##>                                  END            15239171115 (  +0.00)    214748364.70 (   +0.00)          0 (       0)                    0 (  +0.00)           0  
##>datapath_rewrite_post_share     START            15239171115 (  +0.00)    214748364.70 (   +0.00)          0 (       0)                    0 (  +0.00)              
##>                                  END            15239171115 (  +0.00)    214748364.70 (   +0.00)          0 (       0)                    0 (  +0.00)           0  
##>dp_combine_const_mult_with_com  START            15239171115 (  +0.00)    214748364.70 (   +0.00)          0 (       0)                    0 (  +0.00)              
##>                                  END            15239171115 (  +0.00)    214748364.70 (   +0.00)          0 (       0)                    0 (  +0.00)           0  
##>dp_operator_level_decompositio  START            15239171115 (  +0.00)    214748364.70 (   +0.00)          0 (       0)                    0 (  +0.00)              
##>                                  END            15239171115 (  +0.00)    214748364.70 (   +0.00)          0 (       0)                    0 (  +0.00)           0  
##>selective_flatten_dp_config     START            15239171115 (  +0.00)    214748364.70 (   +0.00)          0 (       0)                    0 (  +0.00)              
##>                                  END            15239171115 (  +0.00)    214748364.70 (   +0.00)          0 (       0)                    0 (  +0.00)           0  
##>createMaxCarrySave              START            15239171115 (  +0.00)    214748364.70 (   +0.00)          0 (       0)                    0 (  +0.00)              
##> datapath_rewrite_one_def       START            15239171115 (  +0.00)    214748364.70 (   +0.00)          0 (       0)                    0 (  +0.00)              
##>  fast_cse_elim                 START            15239171115 (  +0.00)    214748364.70 (   +0.00)          0 (       0)                    0 (  +0.00)              
##>                                  END            15239171115 (  +0.00)    214748364.70 (   +0.00)          0 (       0)                    0 (  +0.00)           0  
##>  fast_cse_elim                 START            15239171115 (  +0.00)    214748364.70 (   +0.00)          0 (       0)                    0 (  +0.00)              
##>                                  END            15239171115 (  +0.00)    214748364.70 (   +0.00)          0 (       0)                    0 (  +0.00)           0  
##>                                  END            15239171115 (  +0.00)    214748364.70 (   +0.00)          0 (       0)                    0 (  +0.00)           0  
##> dpopt_share_one_def            START            15239171115 (  +0.00)    214748364.70 (   +0.00)          0 (       0)                    0 (  +0.00)              
##>                                  END            15239171115 (  +0.00)    214748364.70 (   +0.00)          0 (       0)                    0 (  +0.00)           0  
##> csa_opto                       START            15239171115 (  +0.00)    214748364.70 (   +0.00)          0 (       0)                    0 (  +0.00)              
##>                                  END            15239171115 (  +0.00)    214748364.70 (   +0.00)          0 (       0)                    0 (  +0.00)           0  
##>                                  END            15239171115 (  +0.00)    214748364.70 (   +0.00)          0 (       0)                    0 (  +0.00)           0  
##>context_based_simplify          START            15239171115 (  +0.00)    214748364.70 (   +0.00)          0 (       0)                    0 (  +0.00)              
##>                                  END            15239171115 (  +0.00)    214748364.70 (   +0.00)          0 (       0)                    0 (  +0.00)           0  
##>group_csa_final_adder_dp        START            15239171115 (  +0.00)    214748364.70 (   +0.00)          0 (       0)                    0 (  +0.00)              
##>                                  END            18160947000 ( +19.17)    214748364.70 (   +0.00)          0 (       0)                    0 (  +0.00)           0  
##>dpopt_flatten_critical_muxes_i  START            18160947000 (  +0.00)    214748364.70 (   +0.00)          0 (       0)                    0 (  +0.00)              
##>                                  END            18160947000 (  +0.00)    214748364.70 (   +0.00)          0 (       0)                    0 (  +0.00)           0  
##>create_score                    START            15239171115 ( -16.09)     3405.70 (-214744959.00)          0 (       0)                    0 (  +0.00)              
##>                                  END            15239171115 (  +0.00)     3405.70 (   +0.00)          0 (       0)                    0 (  +0.00)           0  
##>+-----------------------------------------------------------------------------------------------------------------------------------------------------------------------------------------------------+
Committed config: CDN_DP_region_3_5_c6
Info    : Done implementing datapath configurations. [DPOPT-4]
        : Selected 'very_fast' configuration 6 for module 'CDN_DP_region_3_5_c6'.
          Optimizations applied to 'very_fast' configuration:
            rewriting(1), factoring(0), sharing(0), cmultcse(0), downsizing(0), speculation(0)
Info    : Implementing datapath configurations. [DPOPT-3]
        : Implementing datapath configurations for 'CDN_DP_region_3_4'
CSAGen Prep Share:0 Re-Write:0 Speculation: 0
MaxCSA: Successfully built Maximal CSA Expression Expr7
CDN_DP_region_3_4 level = 0 loads = 0 drivers = 0
CDN_DP_region_3_4_c0 in riscv_core: area: 23352841260 ,dp = 3 mux = 0 sg = slow         worst_clk_period: -1.0000 
    wns: 0  norm_wns:  -1.0000 
    fail_endp: -1 
    tns:  0  tns_per_endp:  -1.0000   norm_tns_per_endp:  -1.0000 
    tns_sense_max:  -1.0000  tns_sense_avg:  -1.0000   tns_sense_num: -1
    power:  -9223372036854775808  
 skipped
CDN_DP_region_3_4_c1 in riscv_core: area: 12830174910 ,dp = 1 mux = 0 sg = fast         worst_clk_period: -1.0000 
    wns: 0  norm_wns:  -1.0000 
    fail_endp: -1 
    tns:  0  tns_per_endp:  -1.0000   norm_tns_per_endp:  -1.0000 
    tns_sense_max:  -1.0000  tns_sense_avg:  -1.0000   tns_sense_num: -1
    power:  -9223372036854775808  
 is current best
CDN_DP_region_3_4_c2 in riscv_core: area: 12830174910 ,dp = 1 mux = 0 sg = very_slow    worst_clk_period: -1.0000 
    wns: 0  norm_wns:  -1.0000 
    fail_endp: -1 
    tns:  0  tns_per_endp:  -1.0000   norm_tns_per_endp:  -1.0000 
    tns_sense_max:  -1.0000  tns_sense_avg:  -1.0000   tns_sense_num: -1
    power:  -9223372036854775808  
 is current best
CDN_DP_region_3_4_c3 in riscv_core: area: 12830174910 ,dp = 1 mux = 0 sg = very_fast    worst_clk_period: -1.0000 
    wns: 0  norm_wns:  -1.0000 
    fail_endp: -1 
    tns:  0  tns_per_endp:  -1.0000   norm_tns_per_endp:  -1.0000 
    tns_sense_max:  -1.0000  tns_sense_avg:  -1.0000   tns_sense_num: -1
    power:  -9223372036854775808  
 is current best
CDN_DP_region_3_4_c4 in riscv_core: area: 12830174910 ,dp = 1 mux = 0 sg = very_fast    worst_clk_period: -1.0000 
    wns: 0  norm_wns:  -1.0000 
    fail_endp: -1 
    tns:  0  tns_per_endp:  -1.0000   norm_tns_per_endp:  -1.0000 
    tns_sense_max:  -1.0000  tns_sense_avg:  -1.0000   tns_sense_num: -1
    power:  -9223372036854775808  
 is current best
CDN_DP_region_3_4_c5 in riscv_core: area: 12830174910 ,dp = 1 mux = 0 sg = very_fast    worst_clk_period: -1.0000 
    wns: 0  norm_wns:  -1.0000 
    fail_endp: -1 
    tns:  0  tns_per_endp:  -1.0000   norm_tns_per_endp:  -1.0000 
    tns_sense_max:  -1.0000  tns_sense_avg:  -1.0000   tns_sense_num: -1
    power:  -9223372036854775808  
 is current best
CDN_DP_region_3_4_c6 in riscv_core: area: 12830174910 ,dp = 1 mux = 0 sg = very_fast    worst_clk_period: -1.0000 
    wns: 0  norm_wns:  -1.0000 
    fail_endp: -1 
    tns:  0  tns_per_endp:  -1.0000   norm_tns_per_endp:  -1.0000 
    tns_sense_max:  -1.0000  tns_sense_avg:  -1.0000   tns_sense_num: -1
    power:  -9223372036854775808  
 is current best
CDN_DP_region_3_4_c7 in riscv_core: area: 12840857820 ,dp = 1 mux = 0 sg = very_fast    worst_clk_period: -1.0000 
    wns: 0  norm_wns:  -1.0000 
    fail_endp: -1 
    tns:  0  tns_per_endp:  -1.0000   norm_tns_per_endp:  -1.0000 
    tns_sense_max:  -1.0000  tns_sense_avg:  -1.0000   tns_sense_num: -1
    power:  -9223372036854775808  

Best config: CDN_DP_region_3_4_c6 in riscv_core: area: 12830174910 ,dp = 1 mux = 0 sg = very_fast    worst_clk_period: -1.0000 
    wns: 0  norm_wns:  -1.0000 
    fail_endp: -1 
    tns:  0  tns_per_endp:  -1.0000   norm_tns_per_endp:  -1.0000 
    tns_sense_max:  -1.0000  tns_sense_avg:  -1.0000   tns_sense_num: -1
    power:  -9223372036854775808  
  Smallest config area : 12830174910.  Fastest config wns;  0
##>+----------------------------------------------------------------------------------------------------------------------------------------------------------------+
##>Summary table of configs (Best config is CDN_DP_region_3_4_c6)
##>+----------------------------------------------------------------------------------------------------------------------------------------------------------------+
##>                     0                  1                  2                  3                  4                  5                  6                  7            
##>+----------------------------------------------------------------------------------------------------------------------------------------------------------------+
##>           Area      23352841260        12830174910        12830174910        12830174910        12830174910        12830174910        12830174910        12840857820  
##>            WNS         +2773.50           +3405.70           +3405.70           +3405.70           +3405.70           +3405.70           +3405.70           +3405.70  
##>            TNS                0                  0                  0                  0                  0                  0                  0                  0  
##>    Num Rewrite                0                  1                  1                  1                  1                  1                  1                  0  
##>     Num Factor                0                  0                  0                  0                  0                  0                  0                  0  
##>      Num Share                0                  0                  0                  0                  0                  0                  0                  0  
##>   Num CmultCse                0                  0                  0                  0                  0                  0                  0                  0  
##>   Num Downsize                0                  0                  0                  0                  0                  0                  0                  0  
##>  Num Speculate                0                  0                  0                  0                  0                  0                  0                  0  
##>     Runtime(s)                0                  0                  0                  0                  0                  0                  0                  2  
+----------------------------------------------------------------------------------------------------------------------------------------------------------------+
##>
##>
##>+-----------------------------------------------------------------------------------------------------------------------------------------------------------------------------------------------------+
##>Optimization Step DEBUG Table for config CDN_DP_region_3_4_c6
##>
##>                          Step                        Area   (  % Chg)         WNS (Change)          TNS (Change)                Power   (  % Chg)        Runtime (s)        Comment                   
##>+-----------------------------------------------------------------------------------------------------------------------------------------------------------------------------------------------------+
##>createMaxCarrySave              START            23352841260 (       )    107376955.90 (        )          0 (        )                    0 (       )              
##> datapath_rewrite_one_def       START            23352841260 (  +0.00)    107376955.90 (   +0.00)          0 (       0)                    0 (  +0.00)              
##>  fast_cse_elim                 START            23352841260 (  +0.00)    107376955.90 (   +0.00)          0 (       0)                    0 (  +0.00)              
##>                                  END            23352841260 (  +0.00)    107376955.90 (   +0.00)          0 (       0)                    0 (  +0.00)           0  
##>  fast_cse_elim                 START            23352841260 (  +0.00)    107376955.90 (   +0.00)          0 (       0)                    0 (  +0.00)              
##>                                  END            23352841260 (  +0.00)    107376955.90 (   +0.00)          0 (       0)                    0 (  +0.00)           0  
##>                                  END            23352841260 (  +0.00)    107376955.90 (   +0.00)          0 (       0)                    0 (  +0.00)           0  
##> dpopt_share_one_def            START            23352841260 (  +0.00)    107376955.90 (   +0.00)          0 (       0)                    0 (  +0.00)              
##>                                  END            23352841260 (  +0.00)    107376955.90 (   +0.00)          0 (       0)                    0 (  +0.00)           0  
##> csa_opto                       START            23352841260 (  +0.00)    214748364.70 (+107371408.80)          0 (       0)                    0 (  +0.00)              
##>                                  END            15308610030 ( -34.45)    214748364.70 (   +0.00)          0 (       0)                    0 (  +0.00)           0  
##>                                  END            15308610030 ( -34.45)    214748364.70 (+107371408.80)          0 (       0)                    0 (  +0.00)           0  
##>canonicalize_by_names           START            15308610030 (  +0.00)    214748364.70 (   +0.00)          0 (       0)                    0 (  +0.00)              
##>                                  END            15308610030 (  +0.00)    214748364.70 (   +0.00)          0 (       0)                    0 (  +0.00)           0  
##>datapath_rewrite_post_csa_one_  START            15308610030 (  +0.00)    214748364.70 (   +0.00)          0 (       0)                    0 (  +0.00)              
##> rewrite                        START            15308610030 (  +0.00)    214748364.70 (   +0.00)          0 (       0)                    0 (  +0.00)              (a,ar) csa_add_and_inc_v2 --> csa_add_ci
##>                                  END            12830174910 ( -16.19)    214748364.70 (   +0.00)          0 (       0)                    0 (  +0.00)           0  
##>                                  END            12830174910 ( -16.19)    214748364.70 (   +0.00)          0 (       0)                    0 (  +0.00)           0  
##>datapath_csa_factoring_one_gde  START            12830174910 (  +0.00)    214748364.70 (   +0.00)          0 (       0)                    0 (  +0.00)              
##>                                  END            12830174910 (  +0.00)    214748364.70 (   +0.00)          0 (       0)                    0 (  +0.00)           0  
##>dpopt_share_one_def             START            12830174910 (  +0.00)    214748364.70 (   +0.00)          0 (       0)                    0 (  +0.00)              
##>                                  END            12830174910 (  +0.00)    214748364.70 (   +0.00)          0 (       0)                    0 (  +0.00)           0  
##>datapath_rewrite_post_share     START            12830174910 (  +0.00)    214748364.70 (   +0.00)          0 (       0)                    0 (  +0.00)              
##>                                  END            12830174910 (  +0.00)    214748364.70 (   +0.00)          0 (       0)                    0 (  +0.00)           0  
##>dp_combine_const_mult_with_com  START            12830174910 (  +0.00)    214748364.70 (   +0.00)          0 (       0)                    0 (  +0.00)              
##>                                  END            12830174910 (  +0.00)    214748364.70 (   +0.00)          0 (       0)                    0 (  +0.00)           0  
##>dp_operator_level_decompositio  START            12830174910 (  +0.00)    214748364.70 (   +0.00)          0 (       0)                    0 (  +0.00)              
##>                                  END            12830174910 (  +0.00)    214748364.70 (   +0.00)          0 (       0)                    0 (  +0.00)           0  
##>selective_flatten_dp_config     START            12830174910 (  +0.00)    214748364.70 (   +0.00)          0 (       0)                    0 (  +0.00)              
##>                                  END            12830174910 (  +0.00)    214748364.70 (   +0.00)          0 (       0)                    0 (  +0.00)           0  
##>createMaxCarrySave              START            12830174910 (  +0.00)    214748364.70 (   +0.00)          0 (       0)                    0 (  +0.00)              
##> datapath_rewrite_one_def       START            12830174910 (  +0.00)    214748364.70 (   +0.00)          0 (       0)                    0 (  +0.00)              
##>  fast_cse_elim                 START            12830174910 (  +0.00)    214748364.70 (   +0.00)          0 (       0)                    0 (  +0.00)              
##>                                  END            12830174910 (  +0.00)    214748364.70 (   +0.00)          0 (       0)                    0 (  +0.00)           0  
##>  fast_cse_elim                 START            12830174910 (  +0.00)    214748364.70 (   +0.00)          0 (       0)                    0 (  +0.00)              
##>                                  END            12830174910 (  +0.00)    214748364.70 (   +0.00)          0 (       0)                    0 (  +0.00)           0  
##>                                  END            12830174910 (  +0.00)    214748364.70 (   +0.00)          0 (       0)                    0 (  +0.00)           0  
##> dpopt_share_one_def            START            12830174910 (  +0.00)    214748364.70 (   +0.00)          0 (       0)                    0 (  +0.00)              
##>                                  END            12830174910 (  +0.00)    214748364.70 (   +0.00)          0 (       0)                    0 (  +0.00)           0  
##> csa_opto                       START            12830174910 (  +0.00)    214748364.70 (   +0.00)          0 (       0)                    0 (  +0.00)              
##>                                  END            12830174910 (  +0.00)    214748364.70 (   +0.00)          0 (       0)                    0 (  +0.00)           0  
##>                                  END            12830174910 (  +0.00)    214748364.70 (   +0.00)          0 (       0)                    0 (  +0.00)           0  
##>datapath_rewrite_post_csa_one_  START            12830174910 (  +0.00)    214748364.70 (   +0.00)          0 (       0)                    0 (  +0.00)              
##>                                  END            12830174910 (  +0.00)    214748364.70 (   +0.00)          0 (       0)                    0 (  +0.00)           0  
##>datapath_csa_factoring_one_gde  START            12830174910 (  +0.00)    214748364.70 (   +0.00)          0 (       0)                    0 (  +0.00)              
##>                                  END            12830174910 (  +0.00)    214748364.70 (   +0.00)          0 (       0)                    0 (  +0.00)           0  
##>dpopt_share_one_def             START            12830174910 (  +0.00)    214748364.70 (   +0.00)          0 (       0)                    0 (  +0.00)              
##>                                  END            12830174910 (  +0.00)    214748364.70 (   +0.00)          0 (       0)                    0 (  +0.00)           0  
##>datapath_rewrite_post_share     START            12830174910 (  +0.00)    214748364.70 (   +0.00)          0 (       0)                    0 (  +0.00)              
##>                                  END            12830174910 (  +0.00)    214748364.70 (   +0.00)          0 (       0)                    0 (  +0.00)           0  
##>dp_combine_const_mult_with_com  START            12830174910 (  +0.00)    214748364.70 (   +0.00)          0 (       0)                    0 (  +0.00)              
##>                                  END            12830174910 (  +0.00)    214748364.70 (   +0.00)          0 (       0)                    0 (  +0.00)           0  
##>dp_operator_level_decompositio  START            12830174910 (  +0.00)    214748364.70 (   +0.00)          0 (       0)                    0 (  +0.00)              
##>                                  END            12830174910 (  +0.00)    214748364.70 (   +0.00)          0 (       0)                    0 (  +0.00)           0  
##>selective_flatten_dp_config     START            12830174910 (  +0.00)    214748364.70 (   +0.00)          0 (       0)                    0 (  +0.00)              
##>                                  END            12830174910 (  +0.00)    214748364.70 (   +0.00)          0 (       0)                    0 (  +0.00)           0  
##>createMaxCarrySave              START            12830174910 (  +0.00)    214748364.70 (   +0.00)          0 (       0)                    0 (  +0.00)              
##> datapath_rewrite_one_def       START            12830174910 (  +0.00)    214748364.70 (   +0.00)          0 (       0)                    0 (  +0.00)              
##>  fast_cse_elim                 START            12830174910 (  +0.00)    214748364.70 (   +0.00)          0 (       0)                    0 (  +0.00)              
##>                                  END            12830174910 (  +0.00)    214748364.70 (   +0.00)          0 (       0)                    0 (  +0.00)           0  
##>  fast_cse_elim                 START            12830174910 (  +0.00)    214748364.70 (   +0.00)          0 (       0)                    0 (  +0.00)              
##>                                  END            12830174910 (  +0.00)    214748364.70 (   +0.00)          0 (       0)                    0 (  +0.00)           0  
##>                                  END            12830174910 (  +0.00)    214748364.70 (   +0.00)          0 (       0)                    0 (  +0.00)           0  
##> dpopt_share_one_def            START            12830174910 (  +0.00)    214748364.70 (   +0.00)          0 (       0)                    0 (  +0.00)              
##>                                  END            12830174910 (  +0.00)    214748364.70 (   +0.00)          0 (       0)                    0 (  +0.00)           0  
##> csa_opto                       START            12830174910 (  +0.00)    214748364.70 (   +0.00)          0 (       0)                    0 (  +0.00)              
##>                                  END            12830174910 (  +0.00)    214748364.70 (   +0.00)          0 (       0)                    0 (  +0.00)           0  
##>                                  END            12830174910 (  +0.00)    214748364.70 (   +0.00)          0 (       0)                    0 (  +0.00)           0  
##>context_based_simplify          START            12830174910 (  +0.00)    214748364.70 (   +0.00)          0 (       0)                    0 (  +0.00)              
##>                                  END            12830174910 (  +0.00)    214748364.70 (   +0.00)          0 (       0)                    0 (  +0.00)           0  
##>group_csa_final_adder_dp        START            12830174910 (  +0.00)    214748364.70 (   +0.00)          0 (       0)                    0 (  +0.00)              
##>                                  END            18160947000 ( +41.55)    214748364.70 (   +0.00)          0 (       0)                    0 (  +0.00)           0  
##>dpopt_flatten_critical_muxes_i  START            18160947000 (  +0.00)    214748364.70 (   +0.00)          0 (       0)                    0 (  +0.00)              
##>                                  END            18160947000 (  +0.00)    214748364.70 (   +0.00)          0 (       0)                    0 (  +0.00)           0  
##>create_score                    START            12830174910 ( -29.35)     3405.70 (-214744959.00)          0 (       0)                    0 (  +0.00)              
##>                                  END            12830174910 (  +0.00)     3405.70 (   +0.00)          0 (       0)                    0 (  +0.00)           0  
##>+-----------------------------------------------------------------------------------------------------------------------------------------------------------------------------------------------------+
Committed config: CDN_DP_region_3_4_c6
Info    : Done implementing datapath configurations. [DPOPT-4]
        : Selected 'very_fast' configuration 6 for module 'CDN_DP_region_3_4_c6'.
          Optimizations applied to 'very_fast' configuration:
            rewriting(1), factoring(0), sharing(0), cmultcse(0), downsizing(0), speculation(0)
Info    : Implementing datapath configurations. [DPOPT-3]
        : Implementing datapath configurations for 'CDN_DP_region_3_3'
CSAGen Prep Share:0 Re-Write:0 Speculation: 0
MaxCSA: Successfully built Maximal CSA Expression Expr8
CDN_DP_region_3_3 level = 0 loads = 0 drivers = 0
CDN_DP_region_3_3_c0 in riscv_core: area: 21088064340 ,dp = 3 mux = 0 sg = slow         worst_clk_period: -1.0000 
    wns: 0  norm_wns:  -1.0000 
    fail_endp: -1 
    tns:  0  tns_per_endp:  -1.0000   norm_tns_per_endp:  -1.0000 
    tns_sense_max:  -1.0000  tns_sense_avg:  -1.0000   tns_sense_num: -1
    power:  -9223372036854775808  
 skipped
CDN_DP_region_3_3_c1 in riscv_core: area: 10586763810 ,dp = 1 mux = 0 sg = fast         worst_clk_period: -1.0000 
    wns: 0  norm_wns:  -1.0000 
    fail_endp: -1 
    tns:  0  tns_per_endp:  -1.0000   norm_tns_per_endp:  -1.0000 
    tns_sense_max:  -1.0000  tns_sense_avg:  -1.0000   tns_sense_num: -1
    power:  -9223372036854775808  
 is current best
CDN_DP_region_3_3_c2 in riscv_core: area: 10586763810 ,dp = 1 mux = 0 sg = very_slow    worst_clk_period: -1.0000 
    wns: 0  norm_wns:  -1.0000 
    fail_endp: -1 
    tns:  0  tns_per_endp:  -1.0000   norm_tns_per_endp:  -1.0000 
    tns_sense_max:  -1.0000  tns_sense_avg:  -1.0000   tns_sense_num: -1
    power:  -9223372036854775808  
 is current best
CDN_DP_region_3_3_c3 in riscv_core: area: 10586763810 ,dp = 1 mux = 0 sg = very_fast    worst_clk_period: -1.0000 
    wns: 0  norm_wns:  -1.0000 
    fail_endp: -1 
    tns:  0  tns_per_endp:  -1.0000   norm_tns_per_endp:  -1.0000 
    tns_sense_max:  -1.0000  tns_sense_avg:  -1.0000   tns_sense_num: -1
    power:  -9223372036854775808  
 is current best
CDN_DP_region_3_3_c4 in riscv_core: area: 10586763810 ,dp = 1 mux = 0 sg = very_fast    worst_clk_period: -1.0000 
    wns: 0  norm_wns:  -1.0000 
    fail_endp: -1 
    tns:  0  tns_per_endp:  -1.0000   norm_tns_per_endp:  -1.0000 
    tns_sense_max:  -1.0000  tns_sense_avg:  -1.0000   tns_sense_num: -1
    power:  -9223372036854775808  
 is current best
CDN_DP_region_3_3_c5 in riscv_core: area: 10586763810 ,dp = 1 mux = 0 sg = very_fast    worst_clk_period: -1.0000 
    wns: 0  norm_wns:  -1.0000 
    fail_endp: -1 
    tns:  0  tns_per_endp:  -1.0000   norm_tns_per_endp:  -1.0000 
    tns_sense_max:  -1.0000  tns_sense_avg:  -1.0000   tns_sense_num: -1
    power:  -9223372036854775808  
 is current best
CDN_DP_region_3_3_c6 in riscv_core: area: 10586763810 ,dp = 1 mux = 0 sg = very_fast    worst_clk_period: -1.0000 
    wns: 0  norm_wns:  -1.0000 
    fail_endp: -1 
    tns:  0  tns_per_endp:  -1.0000   norm_tns_per_endp:  -1.0000 
    tns_sense_max:  -1.0000  tns_sense_avg:  -1.0000   tns_sense_num: -1
    power:  -9223372036854775808  
 is current best
CDN_DP_region_3_3_c7 in riscv_core: area: 10597446720 ,dp = 1 mux = 0 sg = very_fast    worst_clk_period: -1.0000 
    wns: 0  norm_wns:  -1.0000 
    fail_endp: -1 
    tns:  0  tns_per_endp:  -1.0000   norm_tns_per_endp:  -1.0000 
    tns_sense_max:  -1.0000  tns_sense_avg:  -1.0000   tns_sense_num: -1
    power:  -9223372036854775808  

Best config: CDN_DP_region_3_3_c6 in riscv_core: area: 10586763810 ,dp = 1 mux = 0 sg = very_fast    worst_clk_period: -1.0000 
    wns: 0  norm_wns:  -1.0000 
    fail_endp: -1 
    tns:  0  tns_per_endp:  -1.0000   norm_tns_per_endp:  -1.0000 
    tns_sense_max:  -1.0000  tns_sense_avg:  -1.0000   tns_sense_num: -1
    power:  -9223372036854775808  
  Smallest config area : 10586763810.  Fastest config wns;  0
##>+----------------------------------------------------------------------------------------------------------------------------------------------------------------+
##>Summary table of configs (Best config is CDN_DP_region_3_3_c6)
##>+----------------------------------------------------------------------------------------------------------------------------------------------------------------+
##>                     0                  1                  2                  3                  4                  5                  6                  7            
##>+----------------------------------------------------------------------------------------------------------------------------------------------------------------+
##>           Area      21088064340        10586763810        10586763810        10586763810        10586763810        10586763810        10586763810        10597446720  
##>            WNS         +2793.20           +3405.70           +3405.70           +3405.70           +3405.70           +3405.70           +3405.70           +3405.70  
##>            TNS                0                  0                  0                  0                  0                  0                  0                  0  
##>    Num Rewrite                0                  1                  1                  1                  1                  1                  1                  0  
##>     Num Factor                0                  0                  0                  0                  0                  0                  0                  0  
##>      Num Share                0                  0                  0                  0                  0                  0                  0                  0  
##>   Num CmultCse                0                  0                  0                  0                  0                  0                  0                  0  
##>   Num Downsize                0                  0                  0                  0                  0                  0                  0                  0  
##>  Num Speculate                0                  0                  0                  0                  0                  0                  0                  0  
##>     Runtime(s)                0                  0                  0                  0                  0                  0                  0                  2  
+----------------------------------------------------------------------------------------------------------------------------------------------------------------+
##>
##>
##>+-----------------------------------------------------------------------------------------------------------------------------------------------------------------------------------------------------+
##>Optimization Step DEBUG Table for config CDN_DP_region_3_3_c6
##>
##>                          Step                        Area   (  % Chg)         WNS (Change)          TNS (Change)                Power   (  % Chg)        Runtime (s)        Comment                   
##>+-----------------------------------------------------------------------------------------------------------------------------------------------------------------------------------------------------+
##>createMaxCarrySave              START            21088064340 (       )    107376975.60 (        )          0 (        )                    0 (       )              
##> datapath_rewrite_one_def       START            21088064340 (  +0.00)    107376975.60 (   +0.00)          0 (       0)                    0 (  +0.00)              
##>  fast_cse_elim                 START            21088064340 (  +0.00)    107376975.60 (   +0.00)          0 (       0)                    0 (  +0.00)              
##>                                  END            21088064340 (  +0.00)    107376975.60 (   +0.00)          0 (       0)                    0 (  +0.00)           0  
##>  fast_cse_elim                 START            21088064340 (  +0.00)    107376975.60 (   +0.00)          0 (       0)                    0 (  +0.00)              
##>                                  END            21088064340 (  +0.00)    107376975.60 (   +0.00)          0 (       0)                    0 (  +0.00)           0  
##>                                  END            21088064340 (  +0.00)    107376975.60 (   +0.00)          0 (       0)                    0 (  +0.00)           0  
##> dpopt_share_one_def            START            21088064340 (  +0.00)    107376975.60 (   +0.00)          0 (       0)                    0 (  +0.00)              
##>                                  END            21088064340 (  +0.00)    107376975.60 (   +0.00)          0 (       0)                    0 (  +0.00)           0  
##> csa_opto                       START            21088064340 (  +0.00)    214748364.70 (+107371389.10)          0 (       0)                    0 (  +0.00)              
##>                                  END            14197587390 ( -32.67)    214748364.70 (   +0.00)          0 (       0)                    0 (  +0.00)           0  
##>                                  END            14197587390 ( -32.67)    214748364.70 (+107371389.10)          0 (       0)                    0 (  +0.00)           0  
##>canonicalize_by_names           START            14197587390 (  +0.00)    214748364.70 (   +0.00)          0 (       0)                    0 (  +0.00)              
##>                                  END            14197587390 (  +0.00)    214748364.70 (   +0.00)          0 (       0)                    0 (  +0.00)           0  
##>datapath_rewrite_post_csa_one_  START            14197587390 (  +0.00)    214748364.70 (   +0.00)          0 (       0)                    0 (  +0.00)              
##> rewrite                        START            14197587390 (  +0.00)    214748364.70 (   +0.00)          0 (       0)                    0 (  +0.00)              (a,ar) csa_add_and_inc_v2 --> csa_add_ci
##>                                  END            10586763810 ( -25.43)    214748364.70 (   +0.00)          0 (       0)                    0 (  +0.00)           0  
##>                                  END            10586763810 ( -25.43)    214748364.70 (   +0.00)          0 (       0)                    0 (  +0.00)           0  
##>datapath_csa_factoring_one_gde  START            10586763810 (  +0.00)    214748364.70 (   +0.00)          0 (       0)                    0 (  +0.00)              
##>                                  END            10586763810 (  +0.00)    214748364.70 (   +0.00)          0 (       0)                    0 (  +0.00)           0  
##>dpopt_share_one_def             START            10586763810 (  +0.00)    214748364.70 (   +0.00)          0 (       0)                    0 (  +0.00)              
##>                                  END            10586763810 (  +0.00)    214748364.70 (   +0.00)          0 (       0)                    0 (  +0.00)           0  
##>datapath_rewrite_post_share     START            10586763810 (  +0.00)    214748364.70 (   +0.00)          0 (       0)                    0 (  +0.00)              
##>                                  END            10586763810 (  +0.00)    214748364.70 (   +0.00)          0 (       0)                    0 (  +0.00)           0  
##>dp_combine_const_mult_with_com  START            10586763810 (  +0.00)    214748364.70 (   +0.00)          0 (       0)                    0 (  +0.00)              
##>                                  END            10586763810 (  +0.00)    214748364.70 (   +0.00)          0 (       0)                    0 (  +0.00)           0  
##>dp_operator_level_decompositio  START            10586763810 (  +0.00)    214748364.70 (   +0.00)          0 (       0)                    0 (  +0.00)              
##>                                  END            10586763810 (  +0.00)    214748364.70 (   +0.00)          0 (       0)                    0 (  +0.00)           0  
##>selective_flatten_dp_config     START            10586763810 (  +0.00)    214748364.70 (   +0.00)          0 (       0)                    0 (  +0.00)              
##>                                  END            10586763810 (  +0.00)    214748364.70 (   +0.00)          0 (       0)                    0 (  +0.00)           0  
##>createMaxCarrySave              START            10586763810 (  +0.00)    214748364.70 (   +0.00)          0 (       0)                    0 (  +0.00)              
##> datapath_rewrite_one_def       START            10586763810 (  +0.00)    214748364.70 (   +0.00)          0 (       0)                    0 (  +0.00)              
##>  fast_cse_elim                 START            10586763810 (  +0.00)    214748364.70 (   +0.00)          0 (       0)                    0 (  +0.00)              
##>                                  END            10586763810 (  +0.00)    214748364.70 (   +0.00)          0 (       0)                    0 (  +0.00)           0  
##>  fast_cse_elim                 START            10586763810 (  +0.00)    214748364.70 (   +0.00)          0 (       0)                    0 (  +0.00)              
##>                                  END            10586763810 (  +0.00)    214748364.70 (   +0.00)          0 (       0)                    0 (  +0.00)           0  
##>                                  END            10586763810 (  +0.00)    214748364.70 (   +0.00)          0 (       0)                    0 (  +0.00)           0  
##> dpopt_share_one_def            START            10586763810 (  +0.00)    214748364.70 (   +0.00)          0 (       0)                    0 (  +0.00)              
##>                                  END            10586763810 (  +0.00)    214748364.70 (   +0.00)          0 (       0)                    0 (  +0.00)           0  
##> csa_opto                       START            10586763810 (  +0.00)    214748364.70 (   +0.00)          0 (       0)                    0 (  +0.00)              
##>                                  END            10586763810 (  +0.00)    214748364.70 (   +0.00)          0 (       0)                    0 (  +0.00)           0  
##>                                  END            10586763810 (  +0.00)    214748364.70 (   +0.00)          0 (       0)                    0 (  +0.00)           0  
##>datapath_rewrite_post_csa_one_  START            10586763810 (  +0.00)    214748364.70 (   +0.00)          0 (       0)                    0 (  +0.00)              
##>                                  END            10586763810 (  +0.00)    214748364.70 (   +0.00)          0 (       0)                    0 (  +0.00)           0  
##>datapath_csa_factoring_one_gde  START            10586763810 (  +0.00)    214748364.70 (   +0.00)          0 (       0)                    0 (  +0.00)              
##>                                  END            10586763810 (  +0.00)    214748364.70 (   +0.00)          0 (       0)                    0 (  +0.00)           0  
##>dpopt_share_one_def             START            10586763810 (  +0.00)    214748364.70 (   +0.00)          0 (       0)                    0 (  +0.00)              
##>                                  END            10586763810 (  +0.00)    214748364.70 (   +0.00)          0 (       0)                    0 (  +0.00)           0  
##>datapath_rewrite_post_share     START            10586763810 (  +0.00)    214748364.70 (   +0.00)          0 (       0)                    0 (  +0.00)              
##>                                  END            10586763810 (  +0.00)    214748364.70 (   +0.00)          0 (       0)                    0 (  +0.00)           0  
##>dp_combine_const_mult_with_com  START            10586763810 (  +0.00)    214748364.70 (   +0.00)          0 (       0)                    0 (  +0.00)              
##>                                  END            10586763810 (  +0.00)    214748364.70 (   +0.00)          0 (       0)                    0 (  +0.00)           0  
##>dp_operator_level_decompositio  START            10586763810 (  +0.00)    214748364.70 (   +0.00)          0 (       0)                    0 (  +0.00)              
##>                                  END            10586763810 (  +0.00)    214748364.70 (   +0.00)          0 (       0)                    0 (  +0.00)           0  
##>selective_flatten_dp_config     START            10586763810 (  +0.00)    214748364.70 (   +0.00)          0 (       0)                    0 (  +0.00)              
##>                                  END            10586763810 (  +0.00)    214748364.70 (   +0.00)          0 (       0)                    0 (  +0.00)           0  
##>createMaxCarrySave              START            10586763810 (  +0.00)    214748364.70 (   +0.00)          0 (       0)                    0 (  +0.00)              
##> datapath_rewrite_one_def       START            10586763810 (  +0.00)    214748364.70 (   +0.00)          0 (       0)                    0 (  +0.00)              
##>  fast_cse_elim                 START            10586763810 (  +0.00)    214748364.70 (   +0.00)          0 (       0)                    0 (  +0.00)              
##>                                  END            10586763810 (  +0.00)    214748364.70 (   +0.00)          0 (       0)                    0 (  +0.00)           0  
##>  fast_cse_elim                 START            10586763810 (  +0.00)    214748364.70 (   +0.00)          0 (       0)                    0 (  +0.00)              
##>                                  END            10586763810 (  +0.00)    214748364.70 (   +0.00)          0 (       0)                    0 (  +0.00)           0  
##>                                  END            10586763810 (  +0.00)    214748364.70 (   +0.00)          0 (       0)                    0 (  +0.00)           0  
##> dpopt_share_one_def            START            10586763810 (  +0.00)    214748364.70 (   +0.00)          0 (       0)                    0 (  +0.00)              
##>                                  END            10586763810 (  +0.00)    214748364.70 (   +0.00)          0 (       0)                    0 (  +0.00)           0  
##> csa_opto                       START            10586763810 (  +0.00)    214748364.70 (   +0.00)          0 (       0)                    0 (  +0.00)              
##>                                  END            10586763810 (  +0.00)    214748364.70 (   +0.00)          0 (       0)                    0 (  +0.00)           0  
##>                                  END            10586763810 (  +0.00)    214748364.70 (   +0.00)          0 (       0)                    0 (  +0.00)           0  
##>context_based_simplify          START            10586763810 (  +0.00)    214748364.70 (   +0.00)          0 (       0)                    0 (  +0.00)              
##>                                  END            10586763810 (  +0.00)    214748364.70 (   +0.00)          0 (       0)                    0 (  +0.00)           0  
##>group_csa_final_adder_dp        START            10586763810 (  +0.00)    214748364.70 (   +0.00)          0 (       0)                    0 (  +0.00)              
##>                                  END            18160947000 ( +71.54)    214748364.70 (   +0.00)          0 (       0)                    0 (  +0.00)           0  
##>dpopt_flatten_critical_muxes_i  START            18160947000 (  +0.00)    214748364.70 (   +0.00)          0 (       0)                    0 (  +0.00)              
##>                                  END            18160947000 (  +0.00)    214748364.70 (   +0.00)          0 (       0)                    0 (  +0.00)           0  
##>create_score                    START            10586763810 ( -41.71)     3405.70 (-214744959.00)          0 (       0)                    0 (  +0.00)              
##>                                  END            10586763810 (  +0.00)     3405.70 (   +0.00)          0 (       0)                    0 (  +0.00)           0  
##>+-----------------------------------------------------------------------------------------------------------------------------------------------------------------------------------------------------+
Committed config: CDN_DP_region_3_3_c6
Info    : Done implementing datapath configurations. [DPOPT-4]
        : Selected 'very_fast' configuration 6 for module 'CDN_DP_region_3_3_c6'.
          Optimizations applied to 'very_fast' configuration:
            rewriting(1), factoring(0), sharing(0), cmultcse(0), downsizing(0), speculation(0)
Info    : Implementing datapath configurations. [DPOPT-3]
        : Implementing datapath configurations for 'CDN_DP_region_3_1'
CSAGen Prep Share:0 Re-Write:0 Speculation: 0
CDN_DP_region_3_1 level = 2 loads = 0 drivers = 1 is driven by : CDN_DP_region_3_9 
CDN_DP_region_3_1_c0 in riscv_core: area: 5661942300 ,dp = 0 mux = 3 sg = slow         worst_clk_period: -1.0000 
    wns: 0  norm_wns:  -1.0000 
    fail_endp: -1 
    tns:  0  tns_per_endp:  -1.0000   norm_tns_per_endp:  -1.0000 
    tns_sense_max:  -1.0000  tns_sense_avg:  -1.0000   tns_sense_num: -1
    power:  -9223372036854775808  
 skipped
CDN_DP_region_3_1_c1 in riscv_core: area: 5661942300 ,dp = 0 mux = 3 sg = fast         worst_clk_period: -1.0000 
    wns: 0  norm_wns:  -1.0000 
    fail_endp: -1 
    tns:  0  tns_per_endp:  -1.0000   norm_tns_per_endp:  -1.0000 
    tns_sense_max:  -1.0000  tns_sense_avg:  -1.0000   tns_sense_num: -1
    power:  -9223372036854775808  
 is current best
CDN_DP_region_3_1_c2 in riscv_core: area: 5661942300 ,dp = 0 mux = 3 sg = very_slow    worst_clk_period: -1.0000 
    wns: 0  norm_wns:  -1.0000 
    fail_endp: -1 
    tns:  0  tns_per_endp:  -1.0000   norm_tns_per_endp:  -1.0000 
    tns_sense_max:  -1.0000  tns_sense_avg:  -1.0000   tns_sense_num: -1
    power:  -9223372036854775808  
 is current best
CDN_DP_region_3_1_c3 in riscv_core: area: 5661942300 ,dp = 0 mux = 3 sg = very_fast    worst_clk_period: -1.0000 
    wns: 0  norm_wns:  -1.0000 
    fail_endp: -1 
    tns:  0  tns_per_endp:  -1.0000   norm_tns_per_endp:  -1.0000 
    tns_sense_max:  -1.0000  tns_sense_avg:  -1.0000   tns_sense_num: -1
    power:  -9223372036854775808  
 is current best
CDN_DP_region_3_1_c4 in riscv_core: area: 5661942300 ,dp = 0 mux = 3 sg = very_fast    worst_clk_period: -1.0000 
    wns: 0  norm_wns:  -1.0000 
    fail_endp: -1 
    tns:  0  tns_per_endp:  -1.0000   norm_tns_per_endp:  -1.0000 
    tns_sense_max:  -1.0000  tns_sense_avg:  -1.0000   tns_sense_num: -1
    power:  -9223372036854775808  
 is current best
CDN_DP_region_3_1_c5 in riscv_core: area: 5661942300 ,dp = 0 mux = 3 sg = very_fast    worst_clk_period: -1.0000 
    wns: 0  norm_wns:  -1.0000 
    fail_endp: -1 
    tns:  0  tns_per_endp:  -1.0000   norm_tns_per_endp:  -1.0000 
    tns_sense_max:  -1.0000  tns_sense_avg:  -1.0000   tns_sense_num: -1
    power:  -9223372036854775808  
 is current best
CDN_DP_region_3_1_c6 in riscv_core: area: 5661942300 ,dp = 0 mux = 3 sg = very_fast    worst_clk_period: -1.0000 
    wns: 0  norm_wns:  -1.0000 
    fail_endp: -1 
    tns:  0  tns_per_endp:  -1.0000   norm_tns_per_endp:  -1.0000 
    tns_sense_max:  -1.0000  tns_sense_avg:  -1.0000   tns_sense_num: -1
    power:  -9223372036854775808  
 is current best
CDN_DP_region_3_1_c7 in riscv_core: area: 5661942300 ,dp = 0 mux = 3 sg = very_fast    worst_clk_period: -1.0000 
    wns: 0  norm_wns:  -1.0000 
    fail_endp: -1 
    tns:  0  tns_per_endp:  -1.0000   norm_tns_per_endp:  -1.0000 
    tns_sense_max:  -1.0000  tns_sense_avg:  -1.0000   tns_sense_num: -1
    power:  -9223372036854775808  
 is current best
Best config: CDN_DP_region_3_1_c7 in riscv_core: area: 5661942300 ,dp = 0 mux = 3 sg = very_fast    worst_clk_period: -1.0000 
    wns: 0  norm_wns:  -1.0000 
    fail_endp: -1 
    tns:  0  tns_per_endp:  -1.0000   norm_tns_per_endp:  -1.0000 
    tns_sense_max:  -1.0000  tns_sense_avg:  -1.0000   tns_sense_num: -1
    power:  -9223372036854775808  
  Smallest config area : 5661942300.  Fastest config wns;  0
##>+----------------------------------------------------------------------------------------------------------------------------------------------------------------+
##>Summary table of configs (Best config is CDN_DP_region_3_1_c7)
##>+----------------------------------------------------------------------------------------------------------------------------------------------------------------+
##>                     0                  1                  2                  3                  4                  5                  6                  7            
##>+----------------------------------------------------------------------------------------------------------------------------------------------------------------+
##>           Area       5661942300         5661942300         5661942300         5661942300         5661942300         5661942300         5661942300         5661942300  
##>            WNS         +2367.50           +2367.50           +2367.50           +2367.50           +2367.50           +2367.50           +2367.50           +2367.50  
##>            TNS                0                  0                  0                  0                  0                  0                  0                  0  
##>    Num Rewrite                0                  0                  0                  0                  0                  0                  0                  0  
##>     Num Factor                0                  0                  0                  0                  0                  0                  0                  0  
##>      Num Share                0                  0                  0                  0                  0                  0                  0                  0  
##>   Num CmultCse                0                  0                  0                  0                  0                  0                  0                  0  
##>   Num Downsize                0                  0                  0                  0                  0                  0                  0                  0  
##>  Num Speculate                0                  0                  0                  0                  0                  0                  0                  0  
##>     Runtime(s)                0                  0                  0                  0                  0                  0                  0                  0  
+----------------------------------------------------------------------------------------------------------------------------------------------------------------+
##>
##>
##>+-----------------------------------------------------------------------------------------------------------------------------------------------------------------------------------------------------+
##>Optimization Step DEBUG Table for config CDN_DP_region_3_1_c7
##>
##>                          Step                        Area   (  % Chg)         WNS (Change)          TNS (Change)                Power   (  % Chg)        Runtime (s)        Comment                   
##>+-----------------------------------------------------------------------------------------------------------------------------------------------------------------------------------------------------+
##>EquationExtraction              START             5661942300 (       )     2367.50 (        )          0 (        )                    0 (       )              
##>                                  END             5661942300 (  +0.00)     2367.50 (   +0.00)          0 (       0)                    0 (  +0.00)           0  
##>createMaxCarrySave              START             5661942300 (  +0.00)     2367.50 (   +0.00)          0 (       0)                    0 (  +0.00)              
##> datapath_rewrite_one_def       START             5661942300 (  +0.00)     2367.50 (   +0.00)          0 (       0)                    0 (  +0.00)              
##>                                  END             5661942300 (  +0.00)     2367.50 (   +0.00)          0 (       0)                    0 (  +0.00)           0  
##> speculate_in_gdef              START             5661942300 (  +0.00)     2367.50 (   +0.00)          0 (       0)                    0 (  +0.00)              
##>  pre_speculate_mux_merge       START             5661942300 (  +0.00)     2367.50 (   +0.00)          0 (       0)                    0 (  +0.00)              
##>                                  END             5661942300 (  +0.00)     2367.50 (   +0.00)          0 (       0)                    0 (  +0.00)           0  
##>                                  END             5661942300 (  +0.00)     2367.50 (   +0.00)          0 (       0)                    0 (  +0.00)           0  
##> csa_opto                       START             5661942300 (  +0.00)     2367.50 (   +0.00)          0 (       0)                    0 (  +0.00)              
##>                                  END             5661942300 (  +0.00)     2367.50 (   +0.00)          0 (       0)                    0 (  +0.00)           0  
##>                                  END             5661942300 (  +0.00)     2367.50 (   +0.00)          0 (       0)                    0 (  +0.00)           0  
##>canonicalize_by_names           START             5661942300 (  +0.00)     2367.50 (   +0.00)          0 (       0)                    0 (  +0.00)              
##>                                  END             5661942300 (  +0.00)     2367.50 (   +0.00)          0 (       0)                    0 (  +0.00)           0  
##>datapath_rewrite_post_csa_one_  START             5661942300 (  +0.00)     2367.50 (   +0.00)          0 (       0)                    0 (  +0.00)              
##>                                  END             5661942300 (  +0.00)     2367.50 (   +0.00)          0 (       0)                    0 (  +0.00)           0  
##>datapath_csa_factoring_one_gde  START             5661942300 (  +0.00)     2367.50 (   +0.00)          0 (       0)                    0 (  +0.00)              
##>                                  END             5661942300 (  +0.00)     2367.50 (   +0.00)          0 (       0)                    0 (  +0.00)           0  
##>dpopt_share_one_def             START             5661942300 (  +0.00)     2367.50 (   +0.00)          0 (       0)                    0 (  +0.00)              
##>                                  END             5661942300 (  +0.00)     2367.50 (   +0.00)          0 (       0)                    0 (  +0.00)           0  
##>datapath_rewrite_post_share     START             5661942300 (  +0.00)     2367.50 (   +0.00)          0 (       0)                    0 (  +0.00)              
##>                                  END             5661942300 (  +0.00)     2367.50 (   +0.00)          0 (       0)                    0 (  +0.00)           0  
##>dp_combine_const_mult_with_com  START             5661942300 (  +0.00)     2367.50 (   +0.00)          0 (       0)                    0 (  +0.00)              
##>                                  END             5661942300 (  +0.00)     2367.50 (   +0.00)          0 (       0)                    0 (  +0.00)           0  
##>speculate_in_gdef               START             5661942300 (  +0.00)     2367.50 (   +0.00)          0 (       0)                    0 (  +0.00)              
##> pre_speculate_mux_merge        START             5661942300 (  +0.00)     2367.50 (   +0.00)          0 (       0)                    0 (  +0.00)              
##>                                  END             5661942300 (  +0.00)     2367.50 (   +0.00)          0 (       0)                    0 (  +0.00)           0  
##>                                  END             5661942300 (  +0.00)     2367.50 (   +0.00)          0 (       0)                    0 (  +0.00)           0  
##>dp_operator_level_decompositio  START             5661942300 (  +0.00)     2367.50 (   +0.00)          0 (       0)                    0 (  +0.00)              
##>                                  END             5661942300 (  +0.00)     2367.50 (   +0.00)          0 (       0)                    0 (  +0.00)           0  
##>selective_flatten_dp_config     START             5661942300 (  +0.00)     2367.50 (   +0.00)          0 (       0)                    0 (  +0.00)              
##>                                  END             5661942300 (  +0.00)     2367.50 (   +0.00)          0 (       0)                    0 (  +0.00)           0  
##>createMaxCarrySave              START             5661942300 (  +0.00)     2367.50 (   +0.00)          0 (       0)                    0 (  +0.00)              
##> datapath_rewrite_one_def       START             5661942300 (  +0.00)     2367.50 (   +0.00)          0 (       0)                    0 (  +0.00)              
##>  fast_cse_elim                 START             5661942300 (  +0.00)     2367.50 (   +0.00)          0 (       0)                    0 (  +0.00)              
##>                                  END             5661942300 (  +0.00)     2367.50 (   +0.00)          0 (       0)                    0 (  +0.00)           0  
##>  fast_cse_elim                 START             5661942300 (  +0.00)     2367.50 (   +0.00)          0 (       0)                    0 (  +0.00)              
##>                                  END             5661942300 (  +0.00)     2367.50 (   +0.00)          0 (       0)                    0 (  +0.00)           0  
##>                                  END             5661942300 (  +0.00)     2367.50 (   +0.00)          0 (       0)                    0 (  +0.00)           0  
##> speculate_in_gdef              START             5661942300 (  +0.00)     2367.50 (   +0.00)          0 (       0)                    0 (  +0.00)              
##>  pre_speculate_mux_merge       START             5661942300 (  +0.00)     2367.50 (   +0.00)          0 (       0)                    0 (  +0.00)              
##>                                  END             5661942300 (  +0.00)     2367.50 (   +0.00)          0 (       0)                    0 (  +0.00)           0  
##>                                  END             5661942300 (  +0.00)     2367.50 (   +0.00)          0 (       0)                    0 (  +0.00)           0  
##> csa_opto                       START             5661942300 (  +0.00)     2367.50 (   +0.00)          0 (       0)                    0 (  +0.00)              
##>                                  END             5661942300 (  +0.00)     2367.50 (   +0.00)          0 (       0)                    0 (  +0.00)           0  
##>                                  END             5661942300 (  +0.00)     2367.50 (   +0.00)          0 (       0)                    0 (  +0.00)           0  
##>context_based_simplify          START             5661942300 (  +0.00)     2367.50 (   +0.00)          0 (       0)                    0 (  +0.00)              
##>                                  END             5661942300 (  +0.00)     2367.50 (   +0.00)          0 (       0)                    0 (  +0.00)           0  
##>group_csa_final_adder_dp        START             5661942300 (  +0.00)     2367.50 (   +0.00)          0 (       0)                    0 (  +0.00)              
##>                                  END             5661942300 (  +0.00)     2367.50 (   +0.00)          0 (       0)                    0 (  +0.00)           0  
##>dpopt_flatten_critical_muxes_i  START             5661942300 (  +0.00)     2367.50 (   +0.00)          0 (       0)                    0 (  +0.00)              
##>                                  END             5661942300 (  +0.00)     2367.50 (   +0.00)          0 (       0)                    0 (  +0.00)           0  
##>speculate_in_gdef               START             5661942300 (  +0.00)     2367.50 (   +0.00)          0 (       0)                    0 (  +0.00)              
##> pre_speculate_mux_merge        START             5661942300 (  +0.00)     2367.50 (   +0.00)          0 (       0)                    0 (  +0.00)              
##>                                  END             5661942300 (  +0.00)     2367.50 (   +0.00)          0 (       0)                    0 (  +0.00)           0  
##>                                  END             5661942300 (  +0.00)     2367.50 (   +0.00)          0 (       0)                    0 (  +0.00)           0  
##>create_score                    START             5661942300 (  +0.00)     2367.50 (   +0.00)          0 (       0)                    0 (  +0.00)              
##>                                  END             5661942300 (  +0.00)     2367.50 (   +0.00)          0 (       0)                    0 (  +0.00)           0  
##>+-----------------------------------------------------------------------------------------------------------------------------------------------------------------------------------------------------+
Committed config: CDN_DP_region_3_1_c7
Info    : Done implementing datapath configurations. [DPOPT-4]
        : Selected 'very_fast' configuration 7 for module 'CDN_DP_region_3_1_c7'.
          Optimizations applied to 'very_fast' configuration:
            rewriting(0), factoring(0), sharing(0), cmultcse(0), downsizing(0), speculation(0)
Info    : Implementing datapath configurations. [DPOPT-3]
        : Implementing datapath configurations for 'CDN_DP_region_3_2'
CSAGen Prep Share:0 Re-Write:0 Speculation: 0
CDN_DP_region_3_2 level = 0 loads = 1 drivers = 0
CDN_DP_region_3_2_c0 in riscv_core: area: 261731295 ,dp = 0 mux = 1 sg = slow         worst_clk_period: -1.0000 
    wns: 0  norm_wns:  -1.0000 
    fail_endp: -1 
    tns:  0  tns_per_endp:  -1.0000   norm_tns_per_endp:  -1.0000 
    tns_sense_max:  -1.0000  tns_sense_avg:  -1.0000   tns_sense_num: -1
    power:  -9223372036854775808  
 skipped
CDN_DP_region_3_2_c1 in riscv_core: area: 261731295 ,dp = 0 mux = 1 sg = fast         worst_clk_period: -1.0000 
    wns: 0  norm_wns:  -1.0000 
    fail_endp: -1 
    tns:  0  tns_per_endp:  -1.0000   norm_tns_per_endp:  -1.0000 
    tns_sense_max:  -1.0000  tns_sense_avg:  -1.0000   tns_sense_num: -1
    power:  -9223372036854775808  
 is current best
CDN_DP_region_3_2_c2 in riscv_core: area: 261731295 ,dp = 0 mux = 1 sg = very_slow    worst_clk_period: -1.0000 
    wns: 0  norm_wns:  -1.0000 
    fail_endp: -1 
    tns:  0  tns_per_endp:  -1.0000   norm_tns_per_endp:  -1.0000 
    tns_sense_max:  -1.0000  tns_sense_avg:  -1.0000   tns_sense_num: -1
    power:  -9223372036854775808  
 is current best
CDN_DP_region_3_2_c3 in riscv_core: area: 261731295 ,dp = 0 mux = 1 sg = very_fast    worst_clk_period: -1.0000 
    wns: 0  norm_wns:  -1.0000 
    fail_endp: -1 
    tns:  0  tns_per_endp:  -1.0000   norm_tns_per_endp:  -1.0000 
    tns_sense_max:  -1.0000  tns_sense_avg:  -1.0000   tns_sense_num: -1
    power:  -9223372036854775808  
 is current best
CDN_DP_region_3_2_c4 in riscv_core: area: 261731295 ,dp = 0 mux = 1 sg = very_fast    worst_clk_period: -1.0000 
    wns: 0  norm_wns:  -1.0000 
    fail_endp: -1 
    tns:  0  tns_per_endp:  -1.0000   norm_tns_per_endp:  -1.0000 
    tns_sense_max:  -1.0000  tns_sense_avg:  -1.0000   tns_sense_num: -1
    power:  -9223372036854775808  
 is current best
CDN_DP_region_3_2_c5 in riscv_core: area: 261731295 ,dp = 0 mux = 1 sg = very_fast    worst_clk_period: -1.0000 
    wns: 0  norm_wns:  -1.0000 
    fail_endp: -1 
    tns:  0  tns_per_endp:  -1.0000   norm_tns_per_endp:  -1.0000 
    tns_sense_max:  -1.0000  tns_sense_avg:  -1.0000   tns_sense_num: -1
    power:  -9223372036854775808  
 is current best
CDN_DP_region_3_2_c6 in riscv_core: area: 261731295 ,dp = 0 mux = 1 sg = very_fast    worst_clk_period: -1.0000 
    wns: 0  norm_wns:  -1.0000 
    fail_endp: -1 
    tns:  0  tns_per_endp:  -1.0000   norm_tns_per_endp:  -1.0000 
    tns_sense_max:  -1.0000  tns_sense_avg:  -1.0000   tns_sense_num: -1
    power:  -9223372036854775808  
 is current best
CDN_DP_region_3_2_c7 in riscv_core: area: 261731295 ,dp = 0 mux = 1 sg = very_fast    worst_clk_period: -1.0000 
    wns: 0  norm_wns:  -1.0000 
    fail_endp: -1 
    tns:  0  tns_per_endp:  -1.0000   norm_tns_per_endp:  -1.0000 
    tns_sense_max:  -1.0000  tns_sense_avg:  -1.0000   tns_sense_num: -1
    power:  -9223372036854775808  
 is current best
Best config: CDN_DP_region_3_2_c7 in riscv_core: area: 261731295 ,dp = 0 mux = 1 sg = very_fast    worst_clk_period: -1.0000 
    wns: 0  norm_wns:  -1.0000 
    fail_endp: -1 
    tns:  0  tns_per_endp:  -1.0000   norm_tns_per_endp:  -1.0000 
    tns_sense_max:  -1.0000  tns_sense_avg:  -1.0000   tns_sense_num: -1
    power:  -9223372036854775808  
  Smallest config area : 261731295.  Fastest config wns;  0
##>+----------------------------------------------------------------------------------------------------------------------------------------------------------------+
##>Summary table of configs (Best config is CDN_DP_region_3_2_c7)
##>+----------------------------------------------------------------------------------------------------------------------------------------------------------------+
##>                     0                  1                  2                  3                  4                  5                  6                  7            
##>+----------------------------------------------------------------------------------------------------------------------------------------------------------------+
##>           Area        261731295          261731295          261731295          261731295          261731295          261731295          261731295          261731295  
##>            WNS         +4174.10           +4174.10           +4174.10           +4174.10           +4174.10           +4174.10           +4174.10           +4174.10  
##>            TNS                0                  0                  0                  0                  0                  0                  0                  0  
##>    Num Rewrite                0                  0                  0                  0                  0                  0                  0                  0  
##>     Num Factor                0                  0                  0                  0                  0                  0                  0                  0  
##>      Num Share                0                  0                  0                  0                  0                  0                  0                  0  
##>   Num CmultCse                0                  0                  0                  0                  0                  0                  0                  0  
##>   Num Downsize                0                  0                  0                  0                  0                  0                  0                  0  
##>  Num Speculate                0                  0                  0                  0                  0                  0                  0                  0  
##>     Runtime(s)                0                  0                  0                  0                  0                  0                  0                  0  
+----------------------------------------------------------------------------------------------------------------------------------------------------------------+
##>
##>
##>+-----------------------------------------------------------------------------------------------------------------------------------------------------------------------------------------------------+
##>Optimization Step DEBUG Table for config CDN_DP_region_3_2_c7
##>
##>                          Step                        Area   (  % Chg)         WNS (Change)          TNS (Change)                Power   (  % Chg)        Runtime (s)        Comment                   
##>+-----------------------------------------------------------------------------------------------------------------------------------------------------------------------------------------------------+
##>EquationExtraction              START              261731295 (       )     4174.10 (        )          0 (        )                    0 (       )              
##>                                  END              261731295 (  +0.00)     4174.10 (   +0.00)          0 (       0)                    0 (  +0.00)           0  
##>createMaxCarrySave              START              261731295 (  +0.00)     4174.10 (   +0.00)          0 (       0)                    0 (  +0.00)              
##> datapath_rewrite_one_def       START              261731295 (  +0.00)     4174.10 (   +0.00)          0 (       0)                    0 (  +0.00)              
##>                                  END              261731295 (  +0.00)     4174.10 (   +0.00)          0 (       0)                    0 (  +0.00)           0  
##> csa_opto                       START              261731295 (  +0.00)     4174.10 (   +0.00)          0 (       0)                    0 (  +0.00)              
##>                                  END              261731295 (  +0.00)     4174.10 (   +0.00)          0 (       0)                    0 (  +0.00)           0  
##>                                  END              261731295 (  +0.00)     4174.10 (   +0.00)          0 (       0)                    0 (  +0.00)           0  
##>canonicalize_by_names           START              261731295 (  +0.00)     4174.10 (   +0.00)          0 (       0)                    0 (  +0.00)              
##>                                  END              261731295 (  +0.00)     4174.10 (   +0.00)          0 (       0)                    0 (  +0.00)           0  
##>datapath_rewrite_post_csa_one_  START              261731295 (  +0.00)     4174.10 (   +0.00)          0 (       0)                    0 (  +0.00)              
##>                                  END              261731295 (  +0.00)     4174.10 (   +0.00)          0 (       0)                    0 (  +0.00)           0  
##>datapath_csa_factoring_one_gde  START              261731295 (  +0.00)     4174.10 (   +0.00)          0 (       0)                    0 (  +0.00)              
##>                                  END              261731295 (  +0.00)     4174.10 (   +0.00)          0 (       0)                    0 (  +0.00)           0  
##>dpopt_share_one_def             START              261731295 (  +0.00)     4174.10 (   +0.00)          0 (       0)                    0 (  +0.00)              
##>                                  END              261731295 (  +0.00)     4174.10 (   +0.00)          0 (       0)                    0 (  +0.00)           0  
##>datapath_rewrite_post_share     START              261731295 (  +0.00)     4174.10 (   +0.00)          0 (       0)                    0 (  +0.00)              
##>                                  END              261731295 (  +0.00)     4174.10 (   +0.00)          0 (       0)                    0 (  +0.00)           0  
##>dp_combine_const_mult_with_com  START              261731295 (  +0.00)     4174.10 (   +0.00)          0 (       0)                    0 (  +0.00)              
##>                                  END              261731295 (  +0.00)     4174.10 (   +0.00)          0 (       0)                    0 (  +0.00)           0  
##>dp_operator_level_decompositio  START              261731295 (  +0.00)     4174.10 (   +0.00)          0 (       0)                    0 (  +0.00)              
##>                                  END              261731295 (  +0.00)     4174.10 (   +0.00)          0 (       0)                    0 (  +0.00)           0  
##>selective_flatten_dp_config     START              261731295 (  +0.00)     4174.10 (   +0.00)          0 (       0)                    0 (  +0.00)              
##>                                  END              261731295 (  +0.00)     4174.10 (   +0.00)          0 (       0)                    0 (  +0.00)           0  
##>createMaxCarrySave              START              261731295 (  +0.00)     4174.10 (   +0.00)          0 (       0)                    0 (  +0.00)              
##> datapath_rewrite_one_def       START              261731295 (  +0.00)     4174.10 (   +0.00)          0 (       0)                    0 (  +0.00)              
##>  fast_cse_elim                 START              261731295 (  +0.00)     4174.10 (   +0.00)          0 (       0)                    0 (  +0.00)              
##>                                  END              261731295 (  +0.00)     4174.10 (   +0.00)          0 (       0)                    0 (  +0.00)           0  
##>  fast_cse_elim                 START              261731295 (  +0.00)     4174.10 (   +0.00)          0 (       0)                    0 (  +0.00)              
##>                                  END              261731295 (  +0.00)     4174.10 (   +0.00)          0 (       0)                    0 (  +0.00)           0  
##>                                  END              261731295 (  +0.00)     4174.10 (   +0.00)          0 (       0)                    0 (  +0.00)           0  
##> csa_opto                       START              261731295 (  +0.00)     4174.10 (   +0.00)          0 (       0)                    0 (  +0.00)              
##>                                  END              261731295 (  +0.00)     4174.10 (   +0.00)          0 (       0)                    0 (  +0.00)           0  
##>                                  END              261731295 (  +0.00)     4174.10 (   +0.00)          0 (       0)                    0 (  +0.00)           0  
##>context_based_simplify          START              261731295 (  +0.00)     4174.10 (   +0.00)          0 (       0)                    0 (  +0.00)              
##>                                  END              261731295 (  +0.00)     4174.10 (   +0.00)          0 (       0)                    0 (  +0.00)           0  
##>group_csa_final_adder_dp        START              261731295 (  +0.00)     4174.10 (   +0.00)          0 (       0)                    0 (  +0.00)              
##>                                  END              261731295 (  +0.00)     4174.10 (   +0.00)          0 (       0)                    0 (  +0.00)           0  
##>dpopt_flatten_critical_muxes_i  START              261731295 (  +0.00)     4174.10 (   +0.00)          0 (       0)                    0 (  +0.00)              
##>                                  END              261731295 (  +0.00)     4174.10 (   +0.00)          0 (       0)                    0 (  +0.00)           0  
##>create_score                    START              261731295 (  +0.00)     4174.10 (   +0.00)          0 (       0)                    0 (  +0.00)              
##>                                  END              261731295 (  +0.00)     4174.10 (   +0.00)          0 (       0)                    0 (  +0.00)           0  
##>+-----------------------------------------------------------------------------------------------------------------------------------------------------------------------------------------------------+
Committed config: CDN_DP_region_3_2_c7
Info    : Done implementing datapath configurations. [DPOPT-4]
        : Selected 'very_fast' configuration 7 for module 'CDN_DP_region_3_2_c7'.
          Optimizations applied to 'very_fast' configuration:
            rewriting(0), factoring(0), sharing(0), cmultcse(0), downsizing(0), speculation(0)
Info    : Implementing datapath configurations. [DPOPT-3]
        : Implementing datapath configurations for 'CDN_DP_region_1_0'
CSAGen Prep Share:0 Re-Write:1 Speculation: 0
MaxCSA: Successfully built Maximal CSA Expression Expr9
CDN_DP_region_1_0 level = 2 loads = 0 drivers = 1 is driven by : CDN_DP_region_3_9 
CDN_DP_region_1_0_c0 in biriscv_alu_1234: area: 22984280865 ,dp = 7 mux = 14 sg = slow         worst_clk_period: -1.0000 
    wns: 1421  norm_wns:  -1.0000 
    fail_endp: -1 
    tns:  45472  tns_per_endp:  -1.0000   norm_tns_per_endp:  -1.0000 
    tns_sense_max:  -1.0000  tns_sense_avg:  -1.0000   tns_sense_num: -1
    power:  -9223372036854775808  
 skipped
CDN_DP_region_1_0_c1 in biriscv_alu_1234: area: 22572988830 ,dp = 4 mux = 14 sg = fast         worst_clk_period: -1.0000 
    wns: 984  norm_wns:  -1.0000 
    fail_endp: -1 
    tns:  31488  tns_per_endp:  -1.0000   norm_tns_per_endp:  -1.0000 
    tns_sense_max:  -1.0000  tns_sense_avg:  -1.0000   tns_sense_num: -1
    power:  -9223372036854775808  
 is current best
CDN_DP_region_1_0_c2 in biriscv_alu_1234: area: 22572988830 ,dp = 4 mux = 14 sg = very_slow    worst_clk_period: -1.0000 
    wns: 984  norm_wns:  -1.0000 
    fail_endp: -1 
    tns:  31488  tns_per_endp:  -1.0000   norm_tns_per_endp:  -1.0000 
    tns_sense_max:  -1.0000  tns_sense_avg:  -1.0000   tns_sense_num: -1
    power:  -9223372036854775808  
 is current best
CDN_DP_region_1_0_c3 in biriscv_alu_1234: area: 22572988830 ,dp = 4 mux = 14 sg = very_fast    worst_clk_period: -1.0000 
    wns: 984  norm_wns:  -1.0000 
    fail_endp: -1 
    tns:  31488  tns_per_endp:  -1.0000   norm_tns_per_endp:  -1.0000 
    tns_sense_max:  -1.0000  tns_sense_avg:  -1.0000   tns_sense_num: -1
    power:  -9223372036854775808  
 is current best
CDN_DP_region_1_0_c4 in biriscv_alu_1234: area: 22572988830 ,dp = 4 mux = 14 sg = very_fast    worst_clk_period: -1.0000 
    wns: 984  norm_wns:  -1.0000 
    fail_endp: -1 
    tns:  31488  tns_per_endp:  -1.0000   norm_tns_per_endp:  -1.0000 
    tns_sense_max:  -1.0000  tns_sense_avg:  -1.0000   tns_sense_num: -1
    power:  -9223372036854775808  
 is current best
CDN_DP_region_1_0_c5 in biriscv_alu_1234: area: 22572988830 ,dp = 4 mux = 14 sg = very_fast    worst_clk_period: -1.0000 
    wns: 984  norm_wns:  -1.0000 
    fail_endp: -1 
    tns:  31488  tns_per_endp:  -1.0000   norm_tns_per_endp:  -1.0000 
    tns_sense_max:  -1.0000  tns_sense_avg:  -1.0000   tns_sense_num: -1
    power:  -9223372036854775808  
 is current best
CDN_DP_region_1_0_c6 in biriscv_alu_1234: area: 22572988830 ,dp = 4 mux = 14 sg = very_fast    worst_clk_period: -1.0000 
    wns: 984  norm_wns:  -1.0000 
    fail_endp: -1 
    tns:  31488  tns_per_endp:  -1.0000   norm_tns_per_endp:  -1.0000 
    tns_sense_max:  -1.0000  tns_sense_avg:  -1.0000   tns_sense_num: -1
    power:  -9223372036854775808  
 is current best
CDN_DP_region_1_0_c7 in biriscv_alu_1234: area: 25323838155 ,dp = 4 mux = 14 sg = very_fast    worst_clk_period: -1.0000 
    wns: 984  norm_wns:  -1.0000 
    fail_endp: -1 
    tns:  31488  tns_per_endp:  -1.0000   norm_tns_per_endp:  -1.0000 
    tns_sense_max:  -1.0000  tns_sense_avg:  -1.0000   tns_sense_num: -1
    power:  -9223372036854775808  

Best config: CDN_DP_region_1_0_c6 in biriscv_alu_1234: area: 22572988830 ,dp = 4 mux = 14 sg = very_fast    worst_clk_period: -1.0000 
    wns: 984  norm_wns:  -1.0000 
    fail_endp: -1 
    tns:  31488  tns_per_endp:  -1.0000   norm_tns_per_endp:  -1.0000 
    tns_sense_max:  -1.0000  tns_sense_avg:  -1.0000   tns_sense_num: -1
    power:  -9223372036854775808  
  Smallest config area : 22572988830.  Fastest config wns;  984
##>+----------------------------------------------------------------------------------------------------------------------------------------------------------------+
##>Summary table of configs (Best config is CDN_DP_region_1_0_c6)
##>+----------------------------------------------------------------------------------------------------------------------------------------------------------------+
##>                     0                  1                  2                  3                  4                  5                  6                  7            
##>+----------------------------------------------------------------------------------------------------------------------------------------------------------------+
##>           Area      22984280865        22572988830        22572988830        22572988830        22572988830        22572988830        22572988830        25323838155  
##>            WNS          -142.10             -98.40             -98.40             -98.40             -98.40             -98.40             -98.40             -98.40  
##>            TNS            45472              31488              31488              31488              31488              31488              31488              31488  
##>    Num Rewrite                0                  0                  0                  0                  0                  0                  0                  1  
##>     Num Factor                0                  0                  0                  0                  0                  0                  0                  0  
##>      Num Share                0                  0                  0                  0                  0                  0                  0                  0  
##>   Num CmultCse                0                  0                  0                  0                  0                  0                  0                  0  
##>   Num Downsize                0                  0                  0                  0                  0                  0                  0                  0  
##>  Num Speculate                0                  0                  0                  0                  0                  0                  0                  0  
##>     Runtime(s)                0                  0                  0                  0                  0                  0                  0                  0  
+----------------------------------------------------------------------------------------------------------------------------------------------------------------+
##>
##>
##>+-----------------------------------------------------------------------------------------------------------------------------------------------------------------------------------------------------+
##>Optimization Step DEBUG Table for config CDN_DP_region_1_0_c6
##>
##>                          Step                        Area   (  % Chg)         WNS (Change)          TNS (Change)                Power   (  % Chg)        Runtime (s)        Comment                   
##>+-----------------------------------------------------------------------------------------------------------------------------------------------------------------------------------------------------+
##>createMaxCarrySave              START            22984280865 (       )    107374040.30 (        )          0 (        )                    0 (       )              
##> datapath_rewrite_one_def       START            22984280865 (  +0.00)    107374040.30 (   +0.00)          0 (       0)                    0 (  +0.00)              
##>  fast_cse_elim                 START            22984280865 (  +0.00)    107374040.30 (   +0.00)          0 (       0)                    0 (  +0.00)              
##>                                  END            22973597955 (  -0.05)    107374040.30 (   +0.00)          0 (       0)                    0 (  +0.00)           0  
##>  fast_cse_elim                 START            22973597955 (  +0.00)    107374040.30 (   +0.00)          0 (       0)                    0 (  +0.00)              
##>                                  END            22973597955 (  +0.00)    107374040.30 (   +0.00)          0 (       0)                    0 (  +0.00)           0  
##>                                  END            22973597955 (  -0.05)    107374040.30 (   +0.00)          0 (       0)                    0 (  +0.00)           0  
##> dpopt_share_one_def            START            22973597955 (  +0.00)    107374040.30 (   +0.00)          0 (       0)                    0 (  +0.00)              
##>                                  END            22973597955 (  +0.00)    107374040.30 (   +0.00)          0 (       0)                    0 (  +0.00)           0  
##> csa_opto                       START            22973597955 (  +0.00)    214748364.70 (+107374324.40)          0 (       0)                    0 (  +0.00)              
##>                                  END            22973597955 (  +0.00)    214748364.70 (   +0.00)          0 (       0)                    0 (  +0.00)           0  
##>                                  END            22973597955 (  -0.05)    214748364.70 (+107374324.40)          0 (       0)                    0 (  +0.00)           0  
##>canonicalize_by_names           START            22973597955 (  +0.00)    214748364.70 (   +0.00)          0 (       0)                    0 (  +0.00)              
##>                                  END            22973597955 (  +0.00)    214748364.70 (   +0.00)          0 (       0)                    0 (  +0.00)           0  
##>datapath_rewrite_post_csa_one_  START            22973597955 (  +0.00)    214748364.70 (   +0.00)          0 (       0)                    0 (  +0.00)              
##>                                  END            22973597955 (  +0.00)    214748364.70 (   +0.00)          0 (       0)                    0 (  +0.00)           0  
##>datapath_csa_factoring_one_gde  START            22973597955 (  +0.00)    214748364.70 (   +0.00)          0 (       0)                    0 (  +0.00)              
##>                                  END            22973597955 (  +0.00)    214748364.70 (   +0.00)          0 (       0)                    0 (  +0.00)           0  
##>dpopt_share_one_def             START            22973597955 (  +0.00)    214748364.70 (   +0.00)          0 (       0)                    0 (  +0.00)              
##>                                  END            22973597955 (  +0.00)    214748364.70 (   +0.00)          0 (       0)                    0 (  +0.00)           0  
##>datapath_rewrite_post_share     START            22973597955 (  +0.00)    214748364.70 (   +0.00)          0 (       0)                    0 (  +0.00)              
##>                                  END            22973597955 (  +0.00)    214748364.70 (   +0.00)          0 (       0)                    0 (  +0.00)           0  
##>dp_combine_const_mult_with_com  START            22973597955 (  +0.00)    214748364.70 (   +0.00)          0 (       0)                    0 (  +0.00)              
##>                                  END            22973597955 (  +0.00)    214748364.70 (   +0.00)          0 (       0)                    0 (  +0.00)           0  
##>dp_operator_level_decompositio  START            22973597955 (  +0.00)    214748364.70 (   +0.00)          0 (       0)                    0 (  +0.00)              
##>                                  END            22973597955 (  +0.00)    214748364.70 (   +0.00)          0 (       0)                    0 (  +0.00)           0  
##>selective_flatten_dp_config     START            22973597955 (  +0.00)    214748364.70 (   +0.00)          0 (       0)                    0 (  +0.00)              
##>                                  END            22952232135 (  -0.09)    214748364.70 (   +0.00)          0 (       0)                    0 (  +0.00)           0  
##>createMaxCarrySave              START            22952232135 (  +0.00)    214748364.70 (   +0.00)          0 (       0)                    0 (  +0.00)              
##> datapath_rewrite_one_def       START            22952232135 (  +0.00)    214748364.70 (   +0.00)          0 (       0)                    0 (  +0.00)              
##>  fast_cse_elim                 START            22952232135 (  +0.00)    214748364.70 (   +0.00)          0 (       0)                    0 (  +0.00)              
##>                                  END            22941549225 (  -0.05)    214748364.70 (   +0.00)          0 (       0)                    0 (  +0.00)           0  
##>  fast_cse_elim                 START            22941549225 (  +0.00)    214748364.70 (   +0.00)          0 (       0)                    0 (  +0.00)              
##>                                  END            22941549225 (  +0.00)    214748364.70 (   +0.00)          0 (       0)                    0 (  +0.00)           0  
##>                                  END            22941549225 (  -0.05)    214748364.70 (   +0.00)          0 (       0)                    0 (  +0.00)           0  
##> dpopt_share_one_def            START            22941549225 (  +0.00)    214748364.70 (   +0.00)          0 (       0)                    0 (  +0.00)              
##>                                  END            22941549225 (  +0.00)    214748364.70 (   +0.00)          0 (       0)                    0 (  +0.00)           0  
##> csa_opto                       START            22941549225 (  +0.00)    214748364.70 (   +0.00)          0 (       0)                    0 (  +0.00)              
##>                                  END            22941549225 (  +0.00)    214748364.70 (   +0.00)          0 (       0)                    0 (  +0.00)           0  
##>                                  END            22941549225 (  -0.05)    214748364.70 (   +0.00)          0 (       0)                    0 (  +0.00)           0  
##>context_based_simplify          START            22941549225 (  +0.00)    214748364.70 (   +0.00)          0 (       0)                    0 (  +0.00)              
##>                                  END            22572988830 (  -1.61)    214748364.70 (   +0.00)          0 (       0)                    0 (  +0.00)           0  
##>group_csa_final_adder_dp        START            22572988830 (  +0.00)    214748364.70 (   +0.00)          0 (       0)                    0 (  +0.00)              
##>                                  END            22572988830 (  +0.00)    214748364.70 (   +0.00)          0 (       0)                    0 (  +0.00)           0  
##>dpopt_flatten_critical_muxes_i  START            22572988830 (  +0.00)    214748364.70 (   +0.00)          0 (       0)                    0 (  +0.00)              
##>                                  END            22572988830 (  +0.00)    214748364.70 (   +0.00)          0 (       0)                    0 (  +0.00)           0  
##>create_score                    START            22572988830 (  +0.00)      -98.40 (-214748463.10)      31488 (   31488)                    0 (  +0.00)              
##>                                  END            22572988830 (  +0.00)      -98.40 (   +0.00)      31488 (       0)                    0 (  +0.00)           0  
##>+-----------------------------------------------------------------------------------------------------------------------------------------------------------------------------------------------------+
Committed config: CDN_DP_region_1_0_c6
Info    : Done implementing datapath configurations. [DPOPT-4]
        : Selected 'very_fast' configuration 6 for module 'CDN_DP_region_1_0_c6'.
          Optimizations applied to 'very_fast' configuration:
            rewriting(0), factoring(0), sharing(0), cmultcse(0), downsizing(0), speculation(0)
Info    : Implementing datapath configurations. [DPOPT-3]
        : Implementing datapath configurations for 'CDN_DP_region_3_10'
CSAGen Prep Share:0 Re-Write:0 Speculation: 0
MaxCSA: Successfully built Maximal CSA Expression Expr10
CDN_DP_region_3_10 level = 2 loads = 0 drivers = 1 is driven by : CDN_DP_region_3_9 
CDN_DP_region_3_10_c0 in riscv_core: area: 96146190 ,dp = 2 mux = 1 sg = slow         worst_clk_period: -1.0000 
    wns: 9041  norm_wns:  -1.0000 
    fail_endp: -1 
    tns:  39449  tns_per_endp:  -1.0000   norm_tns_per_endp:  -1.0000 
    tns_sense_max:  -1.0000  tns_sense_avg:  -1.0000   tns_sense_num: -1
    power:  -9223372036854775808  
 skipped
CDN_DP_region_3_10_c1 in riscv_core: area: 90804735 ,dp = 2 mux = 1 sg = fast         worst_clk_period: -1.0000 
    wns: 9041  norm_wns:  -1.0000 
    fail_endp: -1 
    tns:  39449  tns_per_endp:  -1.0000   norm_tns_per_endp:  -1.0000 
    tns_sense_max:  -1.0000  tns_sense_avg:  -1.0000   tns_sense_num: -1
    power:  -9223372036854775808  
 is current best
CDN_DP_region_3_10_c2 in riscv_core: area: 90804735 ,dp = 2 mux = 1 sg = very_slow    worst_clk_period: -1.0000 
    wns: 9041  norm_wns:  -1.0000 
    fail_endp: -1 
    tns:  39449  tns_per_endp:  -1.0000   norm_tns_per_endp:  -1.0000 
    tns_sense_max:  -1.0000  tns_sense_avg:  -1.0000   tns_sense_num: -1
    power:  -9223372036854775808  
 is current best
CDN_DP_region_3_10_c3 in riscv_core: area: 90804735 ,dp = 2 mux = 1 sg = very_fast    worst_clk_period: -1.0000 
    wns: 9041  norm_wns:  -1.0000 
    fail_endp: -1 
    tns:  39449  tns_per_endp:  -1.0000   norm_tns_per_endp:  -1.0000 
    tns_sense_max:  -1.0000  tns_sense_avg:  -1.0000   tns_sense_num: -1
    power:  -9223372036854775808  
 is current best
CDN_DP_region_3_10_c4 in riscv_core: area: 90804735 ,dp = 2 mux = 1 sg = very_fast    worst_clk_period: -1.0000 
    wns: 9041  norm_wns:  -1.0000 
    fail_endp: -1 
    tns:  39449  tns_per_endp:  -1.0000   norm_tns_per_endp:  -1.0000 
    tns_sense_max:  -1.0000  tns_sense_avg:  -1.0000   tns_sense_num: -1
    power:  -9223372036854775808  
 is current best
CDN_DP_region_3_10_c5 in riscv_core: area: 90804735 ,dp = 2 mux = 1 sg = very_fast    worst_clk_period: -1.0000 
    wns: 9041  norm_wns:  -1.0000 
    fail_endp: -1 
    tns:  39449  tns_per_endp:  -1.0000   norm_tns_per_endp:  -1.0000 
    tns_sense_max:  -1.0000  tns_sense_avg:  -1.0000   tns_sense_num: -1
    power:  -9223372036854775808  
 is current best
CDN_DP_region_3_10_c6 in riscv_core: area: 90804735 ,dp = 2 mux = 1 sg = very_fast    worst_clk_period: -1.0000 
    wns: 9041  norm_wns:  -1.0000 
    fail_endp: -1 
    tns:  39449  tns_per_endp:  -1.0000   norm_tns_per_endp:  -1.0000 
    tns_sense_max:  -1.0000  tns_sense_avg:  -1.0000   tns_sense_num: -1
    power:  -9223372036854775808  
 is current best
CDN_DP_region_3_10_c7 in riscv_core: area: 96146190 ,dp = 2 mux = 1 sg = very_fast    worst_clk_period: -1.0000 
    wns: 9041  norm_wns:  -1.0000 
    fail_endp: -1 
    tns:  39449  tns_per_endp:  -1.0000   norm_tns_per_endp:  -1.0000 
    tns_sense_max:  -1.0000  tns_sense_avg:  -1.0000   tns_sense_num: -1
    power:  -9223372036854775808  

Best config: CDN_DP_region_3_10_c6 in riscv_core: area: 90804735 ,dp = 2 mux = 1 sg = very_fast    worst_clk_period: -1.0000 
    wns: 9041  norm_wns:  -1.0000 
    fail_endp: -1 
    tns:  39449  tns_per_endp:  -1.0000   norm_tns_per_endp:  -1.0000 
    tns_sense_max:  -1.0000  tns_sense_avg:  -1.0000   tns_sense_num: -1
    power:  -9223372036854775808  
  Smallest config area : 90804735.  Fastest config wns;  9041
##>+----------------------------------------------------------------------------------------------------------------------------------------------------------------+
##>Summary table of configs (Best config is CDN_DP_region_3_10_c6)
##>+----------------------------------------------------------------------------------------------------------------------------------------------------------------+
##>                     0                  1                  2                  3                  4                  5                  6                  7            
##>+----------------------------------------------------------------------------------------------------------------------------------------------------------------+
##>           Area         96146190           90804735           90804735           90804735           90804735           90804735           90804735           96146190  
##>            WNS          -904.10            -904.10            -904.10            -904.10            -904.10            -904.10            -904.10            -904.10  
##>            TNS            39449              39449              39449              39449              39449              39449              39449              39449  
##>    Num Rewrite                0                  0                  0                  0                  0                  0                  0                  0  
##>     Num Factor                0                  0                  0                  0                  0                  0                  0                  0  
##>      Num Share                0                  0                  0                  0                  0                  0                  0                  0  
##>   Num CmultCse                0                  0                  0                  0                  0                  0                  0                  0  
##>   Num Downsize                0                  0                  0                  0                  0                  0                  0                  0  
##>  Num Speculate                0                  0                  0                  0                  0                  0                  0                  0  
##>     Runtime(s)                0                  0                  0                  0                  0                  0                  0                  0  
+----------------------------------------------------------------------------------------------------------------------------------------------------------------+
##>
##>
##>+-----------------------------------------------------------------------------------------------------------------------------------------------------------------------------------------------------+
##>Optimization Step DEBUG Table for config CDN_DP_region_3_10_c6
##>
##>                          Step                        Area   (  % Chg)         WNS (Change)          TNS (Change)                Power   (  % Chg)        Runtime (s)        Comment                   
##>+-----------------------------------------------------------------------------------------------------------------------------------------------------------------------------------------------------+
##>createMaxCarrySave              START               96146190 (       )    107373278.30 (        )          0 (        )                    0 (       )              
##> datapath_rewrite_one_def       START               96146190 (  +0.00)    107373278.30 (   +0.00)          0 (       0)                    0 (  +0.00)              
##>  fast_cse_elim                 START               96146190 (  +0.00)    107373278.30 (   +0.00)          0 (       0)                    0 (  +0.00)              
##>                                  END               96146190 (  +0.00)    107373278.30 (   +0.00)          0 (       0)                    0 (  +0.00)           0  
##>  fast_cse_elim                 START               96146190 (  +0.00)    107373278.30 (   +0.00)          0 (       0)                    0 (  +0.00)              
##>                                  END               96146190 (  +0.00)    107373278.30 (   +0.00)          0 (       0)                    0 (  +0.00)           0  
##>  rewrite                       START               96146190 (  +0.00)    107373278.30 (   +0.00)          0 (       0)                    0 (  +0.00)              (na,csaa) uneven_sub_add_with_select --> uneven_sub_add_with_mux_v2
##>                                  END              186950925 ( +94.44)    107373290.20 (  +11.90)          0 (       0)                    0 (  +0.00)           0  
##>                                  END               96146190 (  +0.00)    107373278.30 (   +0.00)          0 (       0)                    0 (  +0.00)           0  
##> dpopt_share_one_def            START               96146190 (  +0.00)    107373278.30 (   +0.00)          0 (       0)                    0 (  +0.00)              
##>                                  END               96146190 (  +0.00)    107373278.30 (   +0.00)          0 (       0)                    0 (  +0.00)           0  
##> csa_opto                       START               96146190 (  +0.00)    214748364.70 (+107375086.40)          0 (       0)                    0 (  +0.00)              
##>                                  END              138877830 ( +44.44)    214748364.70 (   +0.00)          0 (       0)                    0 (  +0.00)           0  
##>                                  END              138877830 ( +44.44)    214748364.70 (+107375086.40)          0 (       0)                    0 (  +0.00)           0  
##>canonicalize_by_names           START              138877830 (  +0.00)    214748364.70 (   +0.00)          0 (       0)                    0 (  +0.00)              
##>                                  END              138877830 (  +0.00)    214748364.70 (   +0.00)          0 (       0)                    0 (  +0.00)           0  
##>datapath_rewrite_post_csa_one_  START              138877830 (  +0.00)    214748364.70 (   +0.00)          0 (       0)                    0 (  +0.00)              
##>                                  END              138877830 (  +0.00)    214748364.70 (   +0.00)          0 (       0)                    0 (  +0.00)           0  
##>datapath_csa_factoring_one_gde  START              138877830 (  +0.00)    214748364.70 (   +0.00)          0 (       0)                    0 (  +0.00)              
##>                                  END              138877830 (  +0.00)    214748364.70 (   +0.00)          0 (       0)                    0 (  +0.00)           0  
##>dpopt_share_one_def             START              138877830 (  +0.00)    214748364.70 (   +0.00)          0 (       0)                    0 (  +0.00)              
##>                                  END              138877830 (  +0.00)    214748364.70 (   +0.00)          0 (       0)                    0 (  +0.00)           0  
##>datapath_rewrite_post_share     START              138877830 (  +0.00)    214748364.70 (   +0.00)          0 (       0)                    0 (  +0.00)              
##>                                  END              138877830 (  +0.00)    214748364.70 (   +0.00)          0 (       0)                    0 (  +0.00)           0  
##>dp_combine_const_mult_with_com  START              138877830 (  +0.00)    214748364.70 (   +0.00)          0 (       0)                    0 (  +0.00)              
##>                                  END              138877830 (  +0.00)    214748364.70 (   +0.00)          0 (       0)                    0 (  +0.00)           0  
##>dp_operator_level_decompositio  START              138877830 (  +0.00)    214748364.70 (   +0.00)          0 (       0)                    0 (  +0.00)              
##>                                  END              138877830 (  +0.00)    214748364.70 (   +0.00)          0 (       0)                    0 (  +0.00)           0  
##>selective_flatten_dp_config     START              138877830 (  +0.00)    214748364.70 (   +0.00)          0 (       0)                    0 (  +0.00)              
##>                                  END              138877830 (  +0.00)    214748364.70 (   +0.00)          0 (       0)                    0 (  +0.00)           0  
##>createMaxCarrySave              START              138877830 (  +0.00)    214748364.70 (   +0.00)          0 (       0)                    0 (  +0.00)              
##> datapath_rewrite_one_def       START              138877830 (  +0.00)    214748364.70 (   +0.00)          0 (       0)                    0 (  +0.00)              
##>  fast_cse_elim                 START              138877830 (  +0.00)    214748364.70 (   +0.00)          0 (       0)                    0 (  +0.00)              
##>                                  END              138877830 (  +0.00)    214748364.70 (   +0.00)          0 (       0)                    0 (  +0.00)           0  
##>  fast_cse_elim                 START              138877830 (  +0.00)    214748364.70 (   +0.00)          0 (       0)                    0 (  +0.00)              
##>                                  END              138877830 (  +0.00)    214748364.70 (   +0.00)          0 (       0)                    0 (  +0.00)           0  
##>                                  END              138877830 (  +0.00)    214748364.70 (   +0.00)          0 (       0)                    0 (  +0.00)           0  
##> dpopt_share_one_def            START              138877830 (  +0.00)    214748364.70 (   +0.00)          0 (       0)                    0 (  +0.00)              
##>                                  END              138877830 (  +0.00)    214748364.70 (   +0.00)          0 (       0)                    0 (  +0.00)           0  
##> csa_opto                       START              138877830 (  +0.00)    214748364.70 (   +0.00)          0 (       0)                    0 (  +0.00)              
##>                                  END              138877830 (  +0.00)    214748364.70 (   +0.00)          0 (       0)                    0 (  +0.00)           0  
##>                                  END              138877830 (  +0.00)    214748364.70 (   +0.00)          0 (       0)                    0 (  +0.00)           0  
##>context_based_simplify          START               90804735 ( -34.62)    214748364.70 (   +0.00)          0 (       0)                    0 (  +0.00)              
##>                                  END               90804735 (  +0.00)    214748364.70 (   +0.00)          0 (       0)                    0 (  +0.00)           0  
##>group_csa_final_adder_dp        START               90804735 (  +0.00)    214748364.70 (   +0.00)          0 (       0)                    0 (  +0.00)              
##>                                  END               90804735 (  +0.00)    214748364.70 (   +0.00)          0 (       0)                    0 (  +0.00)           0  
##>dpopt_flatten_critical_muxes_i  START               90804735 (  +0.00)    214748364.70 (   +0.00)          0 (       0)                    0 (  +0.00)              
##>                                  END               90804735 (  +0.00)    214748364.70 (   +0.00)          0 (       0)                    0 (  +0.00)           0  
##>create_score                    START               90804735 (  +0.00)     -904.10 (-214749268.80)      39449 (   39449)                    0 (  +0.00)              
##>                                  END               90804735 (  +0.00)     -904.10 (   +0.00)      39449 (       0)                    0 (  +0.00)           0  
##>+-----------------------------------------------------------------------------------------------------------------------------------------------------------------------------------------------------+
Committed config: CDN_DP_region_3_10_c6
Info    : Done implementing datapath configurations. [DPOPT-4]
        : Selected 'very_fast' configuration 6 for module 'CDN_DP_region_3_10_c6'.
          Optimizations applied to 'very_fast' configuration:
            rewriting(0), factoring(0), sharing(0), cmultcse(0), downsizing(0), speculation(0)
Info    : Implementing datapath configurations. [DPOPT-3]
        : Implementing datapath configurations for 'CDN_DP_region_3_7'
CSAGen Prep Share:0 Re-Write:0 Speculation: 0
MaxCSA: Successfully built Maximal CSA Expression Expr11
CDN_DP_region_3_7 level = 0 loads = 0 drivers = 0
CDN_DP_region_3_7_c0 in riscv_core: area: 96146190 ,dp = 2 mux = 1 sg = slow         worst_clk_period: -1.0000 
    wns: 0  norm_wns:  -1.0000 
    fail_endp: -1 
    tns:  0  tns_per_endp:  -1.0000   norm_tns_per_endp:  -1.0000 
    tns_sense_max:  -1.0000  tns_sense_avg:  -1.0000   tns_sense_num: -1
    power:  -9223372036854775808  
 skipped
CDN_DP_region_3_7_c1 in riscv_core: area: 90804735 ,dp = 2 mux = 1 sg = fast         worst_clk_period: -1.0000 
    wns: 0  norm_wns:  -1.0000 
    fail_endp: -1 
    tns:  0  tns_per_endp:  -1.0000   norm_tns_per_endp:  -1.0000 
    tns_sense_max:  -1.0000  tns_sense_avg:  -1.0000   tns_sense_num: -1
    power:  -9223372036854775808  
 is current best
CDN_DP_region_3_7_c2 in riscv_core: area: 90804735 ,dp = 2 mux = 1 sg = very_slow    worst_clk_period: -1.0000 
    wns: 0  norm_wns:  -1.0000 
    fail_endp: -1 
    tns:  0  tns_per_endp:  -1.0000   norm_tns_per_endp:  -1.0000 
    tns_sense_max:  -1.0000  tns_sense_avg:  -1.0000   tns_sense_num: -1
    power:  -9223372036854775808  
 is current best
CDN_DP_region_3_7_c3 in riscv_core: area: 90804735 ,dp = 2 mux = 1 sg = very_fast    worst_clk_period: -1.0000 
    wns: 0  norm_wns:  -1.0000 
    fail_endp: -1 
    tns:  0  tns_per_endp:  -1.0000   norm_tns_per_endp:  -1.0000 
    tns_sense_max:  -1.0000  tns_sense_avg:  -1.0000   tns_sense_num: -1
    power:  -9223372036854775808  
 is current best
CDN_DP_region_3_7_c4 in riscv_core: area: 90804735 ,dp = 2 mux = 1 sg = very_fast    worst_clk_period: -1.0000 
    wns: 0  norm_wns:  -1.0000 
    fail_endp: -1 
    tns:  0  tns_per_endp:  -1.0000   norm_tns_per_endp:  -1.0000 
    tns_sense_max:  -1.0000  tns_sense_avg:  -1.0000   tns_sense_num: -1
    power:  -9223372036854775808  
 is current best
CDN_DP_region_3_7_c5 in riscv_core: area: 90804735 ,dp = 2 mux = 1 sg = very_fast    worst_clk_period: -1.0000 
    wns: 0  norm_wns:  -1.0000 
    fail_endp: -1 
    tns:  0  tns_per_endp:  -1.0000   norm_tns_per_endp:  -1.0000 
    tns_sense_max:  -1.0000  tns_sense_avg:  -1.0000   tns_sense_num: -1
    power:  -9223372036854775808  
 is current best
CDN_DP_region_3_7_c6 in riscv_core: area: 90804735 ,dp = 2 mux = 1 sg = very_fast    worst_clk_period: -1.0000 
    wns: 0  norm_wns:  -1.0000 
    fail_endp: -1 
    tns:  0  tns_per_endp:  -1.0000   norm_tns_per_endp:  -1.0000 
    tns_sense_max:  -1.0000  tns_sense_avg:  -1.0000   tns_sense_num: -1
    power:  -9223372036854775808  
 is current best
CDN_DP_region_3_7_c7 in riscv_core: area: 160243650 ,dp = 1 mux = 0 sg = very_fast    worst_clk_period: -1.0000 
    wns: 0  norm_wns:  -1.0000 
    fail_endp: -1 
    tns:  0  tns_per_endp:  -1.0000   norm_tns_per_endp:  -1.0000 
    tns_sense_max:  -1.0000  tns_sense_avg:  -1.0000   tns_sense_num: -1
    power:  -9223372036854775808  

Best config: CDN_DP_region_3_7_c6 in riscv_core: area: 90804735 ,dp = 2 mux = 1 sg = very_fast    worst_clk_period: -1.0000 
    wns: 0  norm_wns:  -1.0000 
    fail_endp: -1 
    tns:  0  tns_per_endp:  -1.0000   norm_tns_per_endp:  -1.0000 
    tns_sense_max:  -1.0000  tns_sense_avg:  -1.0000   tns_sense_num: -1
    power:  -9223372036854775808  
  Smallest config area : 90804735.  Fastest config wns;  0
##>+----------------------------------------------------------------------------------------------------------------------------------------------------------------+
##>Summary table of configs (Best config is CDN_DP_region_3_7_c6)
##>+----------------------------------------------------------------------------------------------------------------------------------------------------------------+
##>                     0                  1                  2                  3                  4                  5                  6                  7            
##>+----------------------------------------------------------------------------------------------------------------------------------------------------------------+
##>           Area         96146190           90804735           90804735           90804735           90804735           90804735           90804735          160243650  
##>            WNS         +3577.90           +3577.90           +3577.90           +3577.90           +3577.90           +3577.90           +3577.90           +3249.90  
##>            TNS                0                  0                  0                  0                  0                  0                  0                  0  
##>    Num Rewrite                0                  0                  0                  0                  0                  0                  0                  1  
##>     Num Factor                0                  0                  0                  0                  0                  0                  0                  0  
##>      Num Share                0                  0                  0                  0                  0                  0                  0                  1  
##>   Num CmultCse                0                  0                  0                  0                  0                  0                  0                  0  
##>   Num Downsize                0                  0                  0                  0                  0                  0                  0                  0  
##>  Num Speculate                0                  0                  0                  0                  0                  0                  0                  0  
##>     Runtime(s)                0                  0                  0                  0                  0                  0                  0                  0  
+----------------------------------------------------------------------------------------------------------------------------------------------------------------+
##>
##>
##>+-----------------------------------------------------------------------------------------------------------------------------------------------------------------------------------------------------+
##>Optimization Step DEBUG Table for config CDN_DP_region_3_7_c6
##>
##>                          Step                        Area   (  % Chg)         WNS (Change)          TNS (Change)                Power   (  % Chg)        Runtime (s)        Comment                   
##>+-----------------------------------------------------------------------------------------------------------------------------------------------------------------------------------------------------+
##>createMaxCarrySave              START               96146190 (       )    107377760.30 (        )          0 (        )                    0 (       )              
##> datapath_rewrite_one_def       START               96146190 (  +0.00)    107377760.30 (   +0.00)          0 (       0)                    0 (  +0.00)              
##>  fast_cse_elim                 START               96146190 (  +0.00)    107377760.30 (   +0.00)          0 (       0)                    0 (  +0.00)              
##>                                  END               96146190 (  +0.00)    107377760.30 (   +0.00)          0 (       0)                    0 (  +0.00)           0  
##>  fast_cse_elim                 START               96146190 (  +0.00)    107377760.30 (   +0.00)          0 (       0)                    0 (  +0.00)              
##>                                  END               96146190 (  +0.00)    107377760.30 (   +0.00)          0 (       0)                    0 (  +0.00)           0  
##>  rewrite                       START               96146190 (  +0.00)    107377760.30 (   +0.00)          0 (       0)                    0 (  +0.00)              (na,csaa) uneven_sub_add_with_select --> uneven_sub_add_with_mux_v2
##>                                  END              186950925 ( +94.44)    107377402.30 ( -358.00)          0 (       0)                    0 (  +0.00)           0  
##>                                  END               96146190 (  +0.00)    107377760.30 (   +0.00)          0 (       0)                    0 (  +0.00)           0  
##> dpopt_share_one_def            START               96146190 (  +0.00)    107377760.30 (   +0.00)          0 (       0)                    0 (  +0.00)              
##>                                  END               96146190 (  +0.00)    107377760.30 (   +0.00)          0 (       0)                    0 (  +0.00)           0  
##> csa_opto                       START               96146190 (  +0.00)    214748364.70 (+107370604.40)          0 (       0)                    0 (  +0.00)              
##>                                  END              138877830 ( +44.44)    214748364.70 (   +0.00)          0 (       0)                    0 (  +0.00)           0  
##>                                  END              138877830 ( +44.44)    214748364.70 (+107370604.40)          0 (       0)                    0 (  +0.00)           0  
##>canonicalize_by_names           START              138877830 (  +0.00)    214748364.70 (   +0.00)          0 (       0)                    0 (  +0.00)              
##>                                  END              138877830 (  +0.00)    214748364.70 (   +0.00)          0 (       0)                    0 (  +0.00)           0  
##>datapath_rewrite_post_csa_one_  START              138877830 (  +0.00)    214748364.70 (   +0.00)          0 (       0)                    0 (  +0.00)              
##>                                  END              138877830 (  +0.00)    214748364.70 (   +0.00)          0 (       0)                    0 (  +0.00)           0  
##>datapath_csa_factoring_one_gde  START              138877830 (  +0.00)    214748364.70 (   +0.00)          0 (       0)                    0 (  +0.00)              
##>                                  END              138877830 (  +0.00)    214748364.70 (   +0.00)          0 (       0)                    0 (  +0.00)           0  
##>dpopt_share_one_def             START              138877830 (  +0.00)    214748364.70 (   +0.00)          0 (       0)                    0 (  +0.00)              
##>                                  END              138877830 (  +0.00)    214748364.70 (   +0.00)          0 (       0)                    0 (  +0.00)           0  
##>datapath_rewrite_post_share     START              138877830 (  +0.00)    214748364.70 (   +0.00)          0 (       0)                    0 (  +0.00)              
##>                                  END              138877830 (  +0.00)    214748364.70 (   +0.00)          0 (       0)                    0 (  +0.00)           0  
##>dp_combine_const_mult_with_com  START              138877830 (  +0.00)    214748364.70 (   +0.00)          0 (       0)                    0 (  +0.00)              
##>                                  END              138877830 (  +0.00)    214748364.70 (   +0.00)          0 (       0)                    0 (  +0.00)           0  
##>dp_operator_level_decompositio  START              138877830 (  +0.00)    214748364.70 (   +0.00)          0 (       0)                    0 (  +0.00)              
##>                                  END              138877830 (  +0.00)    214748364.70 (   +0.00)          0 (       0)                    0 (  +0.00)           0  
##>selective_flatten_dp_config     START              138877830 (  +0.00)    214748364.70 (   +0.00)          0 (       0)                    0 (  +0.00)              
##>                                  END              138877830 (  +0.00)    214748364.70 (   +0.00)          0 (       0)                    0 (  +0.00)           0  
##>createMaxCarrySave              START              138877830 (  +0.00)    214748364.70 (   +0.00)          0 (       0)                    0 (  +0.00)              
##> datapath_rewrite_one_def       START              138877830 (  +0.00)    214748364.70 (   +0.00)          0 (       0)                    0 (  +0.00)              
##>  fast_cse_elim                 START              138877830 (  +0.00)    214748364.70 (   +0.00)          0 (       0)                    0 (  +0.00)              
##>                                  END              138877830 (  +0.00)    214748364.70 (   +0.00)          0 (       0)                    0 (  +0.00)           0  
##>  fast_cse_elim                 START              138877830 (  +0.00)    214748364.70 (   +0.00)          0 (       0)                    0 (  +0.00)              
##>                                  END              138877830 (  +0.00)    214748364.70 (   +0.00)          0 (       0)                    0 (  +0.00)           0  
##>                                  END              138877830 (  +0.00)    214748364.70 (   +0.00)          0 (       0)                    0 (  +0.00)           0  
##> dpopt_share_one_def            START              138877830 (  +0.00)    214748364.70 (   +0.00)          0 (       0)                    0 (  +0.00)              
##>                                  END              138877830 (  +0.00)    214748364.70 (   +0.00)          0 (       0)                    0 (  +0.00)           0  
##> csa_opto                       START              138877830 (  +0.00)    214748364.70 (   +0.00)          0 (       0)                    0 (  +0.00)              
##>                                  END              138877830 (  +0.00)    214748364.70 (   +0.00)          0 (       0)                    0 (  +0.00)           0  
##>                                  END              138877830 (  +0.00)    214748364.70 (   +0.00)          0 (       0)                    0 (  +0.00)           0  
##>context_based_simplify          START               90804735 ( -34.62)    214748364.70 (   +0.00)          0 (       0)                    0 (  +0.00)              
##>                                  END               90804735 (  +0.00)    214748364.70 (   +0.00)          0 (       0)                    0 (  +0.00)           0  
##>group_csa_final_adder_dp        START               90804735 (  +0.00)    214748364.70 (   +0.00)          0 (       0)                    0 (  +0.00)              
##>                                  END               90804735 (  +0.00)    214748364.70 (   +0.00)          0 (       0)                    0 (  +0.00)           0  
##>dpopt_flatten_critical_muxes_i  START               90804735 (  +0.00)    214748364.70 (   +0.00)          0 (       0)                    0 (  +0.00)              
##>                                  END               90804735 (  +0.00)    214748364.70 (   +0.00)          0 (       0)                    0 (  +0.00)           0  
##>create_score                    START               90804735 (  +0.00)     3577.90 (-214744786.80)          0 (       0)                    0 (  +0.00)              
##>                                  END               90804735 (  +0.00)     3577.90 (   +0.00)          0 (       0)                    0 (  +0.00)           0  
##>+-----------------------------------------------------------------------------------------------------------------------------------------------------------------------------------------------------+
Committed config: CDN_DP_region_3_7_c6
Info    : Done implementing datapath configurations. [DPOPT-4]
        : Selected 'very_fast' configuration 6 for module 'CDN_DP_region_3_7_c6'.
          Optimizations applied to 'very_fast' configuration:
            rewriting(0), factoring(0), sharing(0), cmultcse(0), downsizing(0), speculation(0)
Info    : Implementing datapath configurations. [DPOPT-3]
        : Implementing datapath configurations for 'CDN_DP_region_0_0'
CSAGen Prep Share:0 Re-Write:1 Speculation: 0
MaxCSA: Successfully built Maximal CSA Expression Expr12
CDN_DP_region_0_0 level = 2 loads = 0 drivers = 1 is driven by : CDN_DP_region_3_9 
CDN_DP_region_0_0_c0 in biriscv_alu: area: 22984280865 ,dp = 7 mux = 14 sg = slow         worst_clk_period: -1.0000 
    wns: 2135  norm_wns:  -1.0000 
    fail_endp: -1 
    tns:  68320  tns_per_endp:  -1.0000   norm_tns_per_endp:  -1.0000 
    tns_sense_max:  -1.0000  tns_sense_avg:  -1.0000   tns_sense_num: -1
    power:  -9223372036854775808  
 skipped
CDN_DP_region_0_0_c1 in biriscv_alu: area: 22572988830 ,dp = 4 mux = 14 sg = fast         worst_clk_period: -1.0000 
    wns: 1698  norm_wns:  -1.0000 
    fail_endp: -1 
    tns:  54336  tns_per_endp:  -1.0000   norm_tns_per_endp:  -1.0000 
    tns_sense_max:  -1.0000  tns_sense_avg:  -1.0000   tns_sense_num: -1
    power:  -9223372036854775808  
 is current best
CDN_DP_region_0_0_c2 in biriscv_alu: area: 22572988830 ,dp = 4 mux = 14 sg = very_slow    worst_clk_period: -1.0000 
    wns: 1698  norm_wns:  -1.0000 
    fail_endp: -1 
    tns:  54336  tns_per_endp:  -1.0000   norm_tns_per_endp:  -1.0000 
    tns_sense_max:  -1.0000  tns_sense_avg:  -1.0000   tns_sense_num: -1
    power:  -9223372036854775808  
 is current best
CDN_DP_region_0_0_c3 in biriscv_alu: area: 22572988830 ,dp = 4 mux = 14 sg = very_fast    worst_clk_period: -1.0000 
    wns: 1698  norm_wns:  -1.0000 
    fail_endp: -1 
    tns:  54336  tns_per_endp:  -1.0000   norm_tns_per_endp:  -1.0000 
    tns_sense_max:  -1.0000  tns_sense_avg:  -1.0000   tns_sense_num: -1
    power:  -9223372036854775808  
 is current best
CDN_DP_region_0_0_c4 in biriscv_alu: area: 22572988830 ,dp = 4 mux = 14 sg = very_fast    worst_clk_period: -1.0000 
    wns: 1698  norm_wns:  -1.0000 
    fail_endp: -1 
    tns:  54336  tns_per_endp:  -1.0000   norm_tns_per_endp:  -1.0000 
    tns_sense_max:  -1.0000  tns_sense_avg:  -1.0000   tns_sense_num: -1
    power:  -9223372036854775808  
 is current best
CDN_DP_region_0_0_c5 in biriscv_alu: area: 22572988830 ,dp = 4 mux = 14 sg = very_fast    worst_clk_period: -1.0000 
    wns: 1698  norm_wns:  -1.0000 
    fail_endp: -1 
    tns:  54336  tns_per_endp:  -1.0000   norm_tns_per_endp:  -1.0000 
    tns_sense_max:  -1.0000  tns_sense_avg:  -1.0000   tns_sense_num: -1
    power:  -9223372036854775808  
 is current best
CDN_DP_region_0_0_c6 in biriscv_alu: area: 22572988830 ,dp = 4 mux = 14 sg = very_fast    worst_clk_period: -1.0000 
    wns: 1698  norm_wns:  -1.0000 
    fail_endp: -1 
    tns:  54336  tns_per_endp:  -1.0000   norm_tns_per_endp:  -1.0000 
    tns_sense_max:  -1.0000  tns_sense_avg:  -1.0000   tns_sense_num: -1
    power:  -9223372036854775808  
 is current best
CDN_DP_region_0_0_c7 in biriscv_alu: area: 25323838155 ,dp = 4 mux = 14 sg = very_fast    worst_clk_period: -1.0000 
    wns: 1698  norm_wns:  -1.0000 
    fail_endp: -1 
    tns:  54336  tns_per_endp:  -1.0000   norm_tns_per_endp:  -1.0000 
    tns_sense_max:  -1.0000  tns_sense_avg:  -1.0000   tns_sense_num: -1
    power:  -9223372036854775808  

Best config: CDN_DP_region_0_0_c6 in biriscv_alu: area: 22572988830 ,dp = 4 mux = 14 sg = very_fast    worst_clk_period: -1.0000 
    wns: 1698  norm_wns:  -1.0000 
    fail_endp: -1 
    tns:  54336  tns_per_endp:  -1.0000   norm_tns_per_endp:  -1.0000 
    tns_sense_max:  -1.0000  tns_sense_avg:  -1.0000   tns_sense_num: -1
    power:  -9223372036854775808  
  Smallest config area : 22572988830.  Fastest config wns;  1698
##>+----------------------------------------------------------------------------------------------------------------------------------------------------------------+
##>Summary table of configs (Best config is CDN_DP_region_0_0_c6)
##>+----------------------------------------------------------------------------------------------------------------------------------------------------------------+
##>                     0                  1                  2                  3                  4                  5                  6                  7            
##>+----------------------------------------------------------------------------------------------------------------------------------------------------------------+
##>           Area      22984280865        22572988830        22572988830        22572988830        22572988830        22572988830        22572988830        25323838155  
##>            WNS          -213.50            -169.80            -169.80            -169.80            -169.80            -169.80            -169.80            -169.80  
##>            TNS            68320              54336              54336              54336              54336              54336              54336              54336  
##>    Num Rewrite                0                  0                  0                  0                  0                  0                  0                  1  
##>     Num Factor                0                  0                  0                  0                  0                  0                  0                  0  
##>      Num Share                0                  0                  0                  0                  0                  0                  0                  0  
##>   Num CmultCse                0                  0                  0                  0                  0                  0                  0                  0  
##>   Num Downsize                0                  0                  0                  0                  0                  0                  0                  0  
##>  Num Speculate                0                  0                  0                  0                  0                  0                  0                  0  
##>     Runtime(s)                0                  0                  0                  0                  0                  0                  0                  0  
+----------------------------------------------------------------------------------------------------------------------------------------------------------------+
##>
##>
##>+-----------------------------------------------------------------------------------------------------------------------------------------------------------------------------------------------------+
##>Optimization Step DEBUG Table for config CDN_DP_region_0_0_c6
##>
##>                          Step                        Area   (  % Chg)         WNS (Change)          TNS (Change)                Power   (  % Chg)        Runtime (s)        Comment                   
##>+-----------------------------------------------------------------------------------------------------------------------------------------------------------------------------------------------------+
##>createMaxCarrySave              START            22984280865 (       )    107373968.90 (        )          0 (        )                    0 (       )              
##> datapath_rewrite_one_def       START            22984280865 (  +0.00)    107373968.90 (   +0.00)          0 (       0)                    0 (  +0.00)              
##>  fast_cse_elim                 START            22984280865 (  +0.00)    107373968.90 (   +0.00)          0 (       0)                    0 (  +0.00)              
##>                                  END            22973597955 (  -0.05)    107373968.90 (   +0.00)          0 (       0)                    0 (  +0.00)           0  
##>  fast_cse_elim                 START            22973597955 (  +0.00)    107373968.90 (   +0.00)          0 (       0)                    0 (  +0.00)              
##>                                  END            22973597955 (  +0.00)    107373968.90 (   +0.00)          0 (       0)                    0 (  +0.00)           0  
##>                                  END            22973597955 (  -0.05)    107373968.90 (   +0.00)          0 (       0)                    0 (  +0.00)           0  
##> dpopt_share_one_def            START            22973597955 (  +0.00)    107373968.90 (   +0.00)          0 (       0)                    0 (  +0.00)              
##>                                  END            22973597955 (  +0.00)    107373968.90 (   +0.00)          0 (       0)                    0 (  +0.00)           0  
##> csa_opto                       START            22973597955 (  +0.00)    214748364.70 (+107374395.80)          0 (       0)                    0 (  +0.00)              
##>                                  END            22973597955 (  +0.00)    214748364.70 (   +0.00)          0 (       0)                    0 (  +0.00)           0  
##>                                  END            22973597955 (  -0.05)    214748364.70 (+107374395.80)          0 (       0)                    0 (  +0.00)           0  
##>canonicalize_by_names           START            22973597955 (  +0.00)    214748364.70 (   +0.00)          0 (       0)                    0 (  +0.00)              
##>                                  END            22973597955 (  +0.00)    214748364.70 (   +0.00)          0 (       0)                    0 (  +0.00)           0  
##>datapath_rewrite_post_csa_one_  START            22973597955 (  +0.00)    214748364.70 (   +0.00)          0 (       0)                    0 (  +0.00)              
##>                                  END            22973597955 (  +0.00)    214748364.70 (   +0.00)          0 (       0)                    0 (  +0.00)           0  
##>datapath_csa_factoring_one_gde  START            22973597955 (  +0.00)    214748364.70 (   +0.00)          0 (       0)                    0 (  +0.00)              
##>                                  END            22973597955 (  +0.00)    214748364.70 (   +0.00)          0 (       0)                    0 (  +0.00)           0  
##>dpopt_share_one_def             START            22973597955 (  +0.00)    214748364.70 (   +0.00)          0 (       0)                    0 (  +0.00)              
##>                                  END            22973597955 (  +0.00)    214748364.70 (   +0.00)          0 (       0)                    0 (  +0.00)           0  
##>datapath_rewrite_post_share     START            22973597955 (  +0.00)    214748364.70 (   +0.00)          0 (       0)                    0 (  +0.00)              
##>                                  END            22973597955 (  +0.00)    214748364.70 (   +0.00)          0 (       0)                    0 (  +0.00)           0  
##>dp_combine_const_mult_with_com  START            22973597955 (  +0.00)    214748364.70 (   +0.00)          0 (       0)                    0 (  +0.00)              
##>                                  END            22973597955 (  +0.00)    214748364.70 (   +0.00)          0 (       0)                    0 (  +0.00)           0  
##>dp_operator_level_decompositio  START            22973597955 (  +0.00)    214748364.70 (   +0.00)          0 (       0)                    0 (  +0.00)              
##>                                  END            22973597955 (  +0.00)    214748364.70 (   +0.00)          0 (       0)                    0 (  +0.00)           0  
##>selective_flatten_dp_config     START            22973597955 (  +0.00)    214748364.70 (   +0.00)          0 (       0)                    0 (  +0.00)              
##>                                  END            22952232135 (  -0.09)    214748364.70 (   +0.00)          0 (       0)                    0 (  +0.00)           0  
##>createMaxCarrySave              START            22952232135 (  +0.00)    214748364.70 (   +0.00)          0 (       0)                    0 (  +0.00)              
##> datapath_rewrite_one_def       START            22952232135 (  +0.00)    214748364.70 (   +0.00)          0 (       0)                    0 (  +0.00)              
##>  fast_cse_elim                 START            22952232135 (  +0.00)    214748364.70 (   +0.00)          0 (       0)                    0 (  +0.00)              
##>                                  END            22941549225 (  -0.05)    214748364.70 (   +0.00)          0 (       0)                    0 (  +0.00)           0  
##>  fast_cse_elim                 START            22941549225 (  +0.00)    214748364.70 (   +0.00)          0 (       0)                    0 (  +0.00)              
##>                                  END            22941549225 (  +0.00)    214748364.70 (   +0.00)          0 (       0)                    0 (  +0.00)           0  
##>                                  END            22941549225 (  -0.05)    214748364.70 (   +0.00)          0 (       0)                    0 (  +0.00)           0  
##> dpopt_share_one_def            START            22941549225 (  +0.00)    214748364.70 (   +0.00)          0 (       0)                    0 (  +0.00)              
##>                                  END            22941549225 (  +0.00)    214748364.70 (   +0.00)          0 (       0)                    0 (  +0.00)           0  
##> csa_opto                       START            22941549225 (  +0.00)    214748364.70 (   +0.00)          0 (       0)                    0 (  +0.00)              
##>                                  END            22941549225 (  +0.00)    214748364.70 (   +0.00)          0 (       0)                    0 (  +0.00)           0  
##>                                  END            22941549225 (  -0.05)    214748364.70 (   +0.00)          0 (       0)                    0 (  +0.00)           0  
##>context_based_simplify          START            22941549225 (  +0.00)    214748364.70 (   +0.00)          0 (       0)                    0 (  +0.00)              
##>                                  END            22572988830 (  -1.61)    214748364.70 (   +0.00)          0 (       0)                    0 (  +0.00)           0  
##>group_csa_final_adder_dp        START            22572988830 (  +0.00)    214748364.70 (   +0.00)          0 (       0)                    0 (  +0.00)              
##>                                  END            22572988830 (  +0.00)    214748364.70 (   +0.00)          0 (       0)                    0 (  +0.00)           0  
##>dpopt_flatten_critical_muxes_i  START            22572988830 (  +0.00)    214748364.70 (   +0.00)          0 (       0)                    0 (  +0.00)              
##>                                  END            22572988830 (  +0.00)    214748364.70 (   +0.00)          0 (       0)                    0 (  +0.00)           0  
##>create_score                    START            22572988830 (  +0.00)     -169.80 (-214748534.50)      54336 (   54336)                    0 (  +0.00)              
##>                                  END            22572988830 (  +0.00)     -169.80 (   +0.00)      54336 (       0)                    0 (  +0.00)           0  
##>+-----------------------------------------------------------------------------------------------------------------------------------------------------------------------------------------------------+
Committed config: CDN_DP_region_0_0_c6
Info    : Done implementing datapath configurations. [DPOPT-4]
        : Selected 'very_fast' configuration 6 for module 'CDN_DP_region_0_0_c6'.
          Optimizations applied to 'very_fast' configuration:
            rewriting(0), factoring(0), sharing(0), cmultcse(0), downsizing(0), speculation(0)
Info    : Implementing datapath configurations. [DPOPT-3]
        : Implementing datapath configurations for 'CDN_DP_region_3_13'
CSAGen Prep Share:0 Re-Write:0 Speculation: 0
MaxCSA: Successfully built Maximal CSA Expression Expr13
CDN_DP_region_3_13 level = 0 loads = 0 drivers = 0
CDN_DP_region_3_13_c0 in riscv_core: area: 5341455 ,dp = 1 mux = 0 sg = slow         worst_clk_period: -1.0000 
    wns: 6023  norm_wns:  -1.0000 
    fail_endp: -1 
    tns:  11598  tns_per_endp:  -1.0000   norm_tns_per_endp:  -1.0000 
    tns_sense_max:  -1.0000  tns_sense_avg:  -1.0000   tns_sense_num: -1
    power:  -9223372036854775808  
 skipped
CDN_DP_region_3_13_c1 in riscv_core: area: 5341455 ,dp = 1 mux = 0 sg = fast         worst_clk_period: -1.0000 
    wns: 6023  norm_wns:  -1.0000 
    fail_endp: -1 
    tns:  11598  tns_per_endp:  -1.0000   norm_tns_per_endp:  -1.0000 
    tns_sense_max:  -1.0000  tns_sense_avg:  -1.0000   tns_sense_num: -1
    power:  -9223372036854775808  
 is current best
CDN_DP_region_3_13_c2 in riscv_core: area: 5341455 ,dp = 1 mux = 0 sg = very_slow    worst_clk_period: -1.0000 
    wns: 6023  norm_wns:  -1.0000 
    fail_endp: -1 
    tns:  11598  tns_per_endp:  -1.0000   norm_tns_per_endp:  -1.0000 
    tns_sense_max:  -1.0000  tns_sense_avg:  -1.0000   tns_sense_num: -1
    power:  -9223372036854775808  
 is current best
CDN_DP_region_3_13_c3 in riscv_core: area: 5341455 ,dp = 1 mux = 0 sg = very_fast    worst_clk_period: -1.0000 
    wns: 6023  norm_wns:  -1.0000 
    fail_endp: -1 
    tns:  11598  tns_per_endp:  -1.0000   norm_tns_per_endp:  -1.0000 
    tns_sense_max:  -1.0000  tns_sense_avg:  -1.0000   tns_sense_num: -1
    power:  -9223372036854775808  
 is current best
CDN_DP_region_3_13_c4 in riscv_core: area: 5341455 ,dp = 1 mux = 0 sg = very_fast    worst_clk_period: -1.0000 
    wns: 6023  norm_wns:  -1.0000 
    fail_endp: -1 
    tns:  11598  tns_per_endp:  -1.0000   norm_tns_per_endp:  -1.0000 
    tns_sense_max:  -1.0000  tns_sense_avg:  -1.0000   tns_sense_num: -1
    power:  -9223372036854775808  
 is current best
CDN_DP_region_3_13_c5 in riscv_core: area: 5341455 ,dp = 1 mux = 0 sg = very_fast    worst_clk_period: -1.0000 
    wns: 6023  norm_wns:  -1.0000 
    fail_endp: -1 
    tns:  11598  tns_per_endp:  -1.0000   norm_tns_per_endp:  -1.0000 
    tns_sense_max:  -1.0000  tns_sense_avg:  -1.0000   tns_sense_num: -1
    power:  -9223372036854775808  
 is current best
CDN_DP_region_3_13_c6 in riscv_core: area: 5341455 ,dp = 1 mux = 0 sg = very_fast    worst_clk_period: -1.0000 
    wns: 6023  norm_wns:  -1.0000 
    fail_endp: -1 
    tns:  11598  tns_per_endp:  -1.0000   norm_tns_per_endp:  -1.0000 
    tns_sense_max:  -1.0000  tns_sense_avg:  -1.0000   tns_sense_num: -1
    power:  -9223372036854775808  
 is current best
CDN_DP_region_3_13_c7 in riscv_core: area: 5341455 ,dp = 1 mux = 0 sg = very_fast    worst_clk_period: -1.0000 
    wns: 6023  norm_wns:  -1.0000 
    fail_endp: -1 
    tns:  11598  tns_per_endp:  -1.0000   norm_tns_per_endp:  -1.0000 
    tns_sense_max:  -1.0000  tns_sense_avg:  -1.0000   tns_sense_num: -1
    power:  -9223372036854775808  
 is current best
Best config: CDN_DP_region_3_13_c7 in riscv_core: area: 5341455 ,dp = 1 mux = 0 sg = very_fast    worst_clk_period: -1.0000 
    wns: 6023  norm_wns:  -1.0000 
    fail_endp: -1 
    tns:  11598  tns_per_endp:  -1.0000   norm_tns_per_endp:  -1.0000 
    tns_sense_max:  -1.0000  tns_sense_avg:  -1.0000   tns_sense_num: -1
    power:  -9223372036854775808  
  Smallest config area : 5341455.  Fastest config wns;  6023
##>+----------------------------------------------------------------------------------------------------------------------------------------------------------------+
##>Summary table of configs (Best config is CDN_DP_region_3_13_c7)
##>+----------------------------------------------------------------------------------------------------------------------------------------------------------------+
##>                     0                  1                  2                  3                  4                  5                  6                  7            
##>+----------------------------------------------------------------------------------------------------------------------------------------------------------------+
##>           Area          5341455            5341455            5341455            5341455            5341455            5341455            5341455            5341455  
##>            WNS          -602.30            -602.30            -602.30            -602.30            -602.30            -602.30            -602.30            -602.30  
##>            TNS            11598              11598              11598              11598              11598              11598              11598              11598  
##>    Num Rewrite                0                  0                  0                  0                  0                  0                  0                  0  
##>     Num Factor                0                  0                  0                  0                  0                  0                  0                  0  
##>      Num Share                0                  0                  0                  0                  0                  0                  0                  0  
##>   Num CmultCse                0                  0                  0                  0                  0                  0                  0                  0  
##>   Num Downsize                0                  0                  0                  0                  0                  0                  0                  0  
##>  Num Speculate                0                  0                  0                  0                  0                  0                  0                  0  
##>     Runtime(s)                0                  0                  0                  0                  0                  0                  0                  0  
+----------------------------------------------------------------------------------------------------------------------------------------------------------------+
##>
##>
##>+-----------------------------------------------------------------------------------------------------------------------------------------------------------------------------------------------------+
##>Optimization Step DEBUG Table for config CDN_DP_region_3_13_c7
##>
##>                          Step                        Area   (  % Chg)         WNS (Change)          TNS (Change)                Power   (  % Chg)        Runtime (s)        Comment                   
##>+-----------------------------------------------------------------------------------------------------------------------------------------------------------------------------------------------------+
##>EquationExtraction              START                5341455 (       )     -602.30 (        )      11598 (        )                    0 (       )              
##> rewrite                        START               21365820 (+300.00)     -614.20 (  -11.90)      11598 (       0)                    0 (  +0.00)              (a,ar) Expr13_from --> Expr13_to
##>                                  END              486072405 (+2175.00)     -614.20 (   +0.00)      11816 (     218)                    0 (  +0.00)           0  
##>                                  END                5341455 (  +0.00)     -602.30 (   +0.00)      11598 (       0)                    0 (  +0.00)           0  
##>createMaxCarrySave              START                5341455 (  +0.00)     -602.30 (   +0.00)      11598 (       0)                    0 (  +0.00)              
##> datapath_rewrite_one_def       START                5341455 (  +0.00)     -602.30 (   +0.00)      11598 (       0)                    0 (  +0.00)              
##>                                  END                5341455 (  +0.00)     -602.30 (   +0.00)      11598 (       0)                    0 (  +0.00)           0  
##> csa_opto                       START                5341455 (  +0.00)     -602.30 (   +0.00)      11598 (       0)                    0 (  +0.00)              
##>                                  END                5341455 (  +0.00)     -602.30 (   +0.00)      11598 (       0)                    0 (  +0.00)           0  
##>                                  END                5341455 (  +0.00)     -602.30 (   +0.00)      11598 (       0)                    0 (  +0.00)           0  
##>canonicalize_by_names           START                5341455 (  +0.00)     -602.30 (   +0.00)      11598 (       0)                    0 (  +0.00)              
##>                                  END                5341455 (  +0.00)     -602.30 (   +0.00)      11598 (       0)                    0 (  +0.00)           0  
##>datapath_rewrite_post_csa_one_  START                5341455 (  +0.00)     -602.30 (   +0.00)      11598 (       0)                    0 (  +0.00)              
##>                                  END                5341455 (  +0.00)     -602.30 (   +0.00)      11598 (       0)                    0 (  +0.00)           0  
##>datapath_csa_factoring_one_gde  START                5341455 (  +0.00)     -602.30 (   +0.00)      11598 (       0)                    0 (  +0.00)              
##>                                  END                5341455 (  +0.00)     -602.30 (   +0.00)      11598 (       0)                    0 (  +0.00)           0  
##>dpopt_share_one_def             START                5341455 (  +0.00)     -602.30 (   +0.00)      11598 (       0)                    0 (  +0.00)              
##>                                  END                5341455 (  +0.00)     -602.30 (   +0.00)      11598 (       0)                    0 (  +0.00)           0  
##>datapath_rewrite_post_share     START                5341455 (  +0.00)     -602.30 (   +0.00)      11598 (       0)                    0 (  +0.00)              
##>                                  END                5341455 (  +0.00)     -602.30 (   +0.00)      11598 (       0)                    0 (  +0.00)           0  
##>dp_combine_const_mult_with_com  START                5341455 (  +0.00)     -602.30 (   +0.00)      11598 (       0)                    0 (  +0.00)              
##>                                  END                5341455 (  +0.00)     -602.30 (   +0.00)      11598 (       0)                    0 (  +0.00)           0  
##>dp_operator_level_decompositio  START                5341455 (  +0.00)     -602.30 (   +0.00)      11598 (       0)                    0 (  +0.00)              
##>                                  END                5341455 (  +0.00)     -602.30 (   +0.00)      11598 (       0)                    0 (  +0.00)           0  
##>selective_flatten_dp_config     START                5341455 (  +0.00)     -602.30 (   +0.00)      11598 (       0)                    0 (  +0.00)              
##>                                  END                5341455 (  +0.00)     -602.30 (   +0.00)      11598 (       0)                    0 (  +0.00)           0  
##>createMaxCarrySave              START                5341455 (  +0.00)     -602.30 (   +0.00)      11598 (       0)                    0 (  +0.00)              
##> datapath_rewrite_one_def       START                5341455 (  +0.00)     -602.30 (   +0.00)      11598 (       0)                    0 (  +0.00)              
##>  fast_cse_elim                 START                5341455 (  +0.00)     -602.30 (   +0.00)      11598 (       0)                    0 (  +0.00)              
##>                                  END                5341455 (  +0.00)     -602.30 (   +0.00)      11598 (       0)                    0 (  +0.00)           0  
##>  fast_cse_elim                 START                5341455 (  +0.00)     -602.30 (   +0.00)      11598 (       0)                    0 (  +0.00)              
##>                                  END                5341455 (  +0.00)     -602.30 (   +0.00)      11598 (       0)                    0 (  +0.00)           0  
##>                                  END                5341455 (  +0.00)     -602.30 (   +0.00)      11598 (       0)                    0 (  +0.00)           0  
##> csa_opto                       START                5341455 (  +0.00)     -602.30 (   +0.00)      11598 (       0)                    0 (  +0.00)              
##>                                  END                5341455 (  +0.00)     -602.30 (   +0.00)      11598 (       0)                    0 (  +0.00)           0  
##>                                  END                5341455 (  +0.00)     -602.30 (   +0.00)      11598 (       0)                    0 (  +0.00)           0  
##>context_based_simplify          START                5341455 (  +0.00)     -602.30 (   +0.00)      11598 (       0)                    0 (  +0.00)              
##>                                  END                5341455 (  +0.00)     -602.30 (   +0.00)      11598 (       0)                    0 (  +0.00)           0  
##>group_csa_final_adder_dp        START                5341455 (  +0.00)     -602.30 (   +0.00)      11598 (       0)                    0 (  +0.00)              
##>                                  END                5341455 (  +0.00)     -602.30 (   +0.00)      11598 (       0)                    0 (  +0.00)           0  
##>dpopt_flatten_critical_muxes_i  START                5341455 (  +0.00)     -602.30 (   +0.00)      11598 (       0)                    0 (  +0.00)              
##>                                  END                5341455 (  +0.00)     -602.30 (   +0.00)      11598 (       0)                    0 (  +0.00)           0  
##>create_score                    START                5341455 (  +0.00)     -602.30 (   +0.00)      11598 (       0)                    0 (  +0.00)              
##>                                  END                5341455 (  +0.00)     -602.30 (   +0.00)      11598 (       0)                    0 (  +0.00)           0  
##>+-----------------------------------------------------------------------------------------------------------------------------------------------------------------------------------------------------+
Committed config: CDN_DP_region_3_13_c7
Info    : Done implementing datapath configurations. [DPOPT-4]
        : Selected 'very_fast' configuration 7 for module 'CDN_DP_region_3_13_c7'.
          Optimizations applied to 'very_fast' configuration:
            rewriting(0), factoring(0), sharing(0), cmultcse(0), downsizing(0), speculation(0)
Info    : Implementing datapath configurations. [DPOPT-3]
        : Implementing datapath configurations for 'CDN_DP_region_3_11'
CSAGen Prep Share:0 Re-Write:0 Speculation: 0
MaxCSA: Successfully built Maximal CSA Expression Expr14
CDN_DP_region_3_11 level = 0 loads = 0 drivers = 0
CDN_DP_region_3_11_c0 in riscv_core: area: 5341455 ,dp = 1 mux = 0 sg = slow         worst_clk_period: -1.0000 
    wns: 0  norm_wns:  -1.0000 
    fail_endp: -1 
    tns:  0  tns_per_endp:  -1.0000   norm_tns_per_endp:  -1.0000 
    tns_sense_max:  -1.0000  tns_sense_avg:  -1.0000   tns_sense_num: -1
    power:  -9223372036854775808  
 skipped
CDN_DP_region_3_11_c1 in riscv_core: area: 5341455 ,dp = 1 mux = 0 sg = fast         worst_clk_period: -1.0000 
    wns: 0  norm_wns:  -1.0000 
    fail_endp: -1 
    tns:  0  tns_per_endp:  -1.0000   norm_tns_per_endp:  -1.0000 
    tns_sense_max:  -1.0000  tns_sense_avg:  -1.0000   tns_sense_num: -1
    power:  -9223372036854775808  
 is current best
CDN_DP_region_3_11_c2 in riscv_core: area: 5341455 ,dp = 1 mux = 0 sg = very_slow    worst_clk_period: -1.0000 
    wns: 0  norm_wns:  -1.0000 
    fail_endp: -1 
    tns:  0  tns_per_endp:  -1.0000   norm_tns_per_endp:  -1.0000 
    tns_sense_max:  -1.0000  tns_sense_avg:  -1.0000   tns_sense_num: -1
    power:  -9223372036854775808  
 is current best
CDN_DP_region_3_11_c3 in riscv_core: area: 5341455 ,dp = 1 mux = 0 sg = very_fast    worst_clk_period: -1.0000 
    wns: 0  norm_wns:  -1.0000 
    fail_endp: -1 
    tns:  0  tns_per_endp:  -1.0000   norm_tns_per_endp:  -1.0000 
    tns_sense_max:  -1.0000  tns_sense_avg:  -1.0000   tns_sense_num: -1
    power:  -9223372036854775808  
 is current best
CDN_DP_region_3_11_c4 in riscv_core: area: 5341455 ,dp = 1 mux = 0 sg = very_fast    worst_clk_period: -1.0000 
    wns: 0  norm_wns:  -1.0000 
    fail_endp: -1 
    tns:  0  tns_per_endp:  -1.0000   norm_tns_per_endp:  -1.0000 
    tns_sense_max:  -1.0000  tns_sense_avg:  -1.0000   tns_sense_num: -1
    power:  -9223372036854775808  
 is current best
CDN_DP_region_3_11_c5 in riscv_core: area: 5341455 ,dp = 1 mux = 0 sg = very_fast    worst_clk_period: -1.0000 
    wns: 0  norm_wns:  -1.0000 
    fail_endp: -1 
    tns:  0  tns_per_endp:  -1.0000   norm_tns_per_endp:  -1.0000 
    tns_sense_max:  -1.0000  tns_sense_avg:  -1.0000   tns_sense_num: -1
    power:  -9223372036854775808  
 is current best
CDN_DP_region_3_11_c6 in riscv_core: area: 5341455 ,dp = 1 mux = 0 sg = very_fast    worst_clk_period: -1.0000 
    wns: 0  norm_wns:  -1.0000 
    fail_endp: -1 
    tns:  0  tns_per_endp:  -1.0000   norm_tns_per_endp:  -1.0000 
    tns_sense_max:  -1.0000  tns_sense_avg:  -1.0000   tns_sense_num: -1
    power:  -9223372036854775808  
 is current best
CDN_DP_region_3_11_c7 in riscv_core: area: 5341455 ,dp = 1 mux = 0 sg = very_fast    worst_clk_period: -1.0000 
    wns: 0  norm_wns:  -1.0000 
    fail_endp: -1 
    tns:  0  tns_per_endp:  -1.0000   norm_tns_per_endp:  -1.0000 
    tns_sense_max:  -1.0000  tns_sense_avg:  -1.0000   tns_sense_num: -1
    power:  -9223372036854775808  
 is current best
Best config: CDN_DP_region_3_11_c7 in riscv_core: area: 5341455 ,dp = 1 mux = 0 sg = very_fast    worst_clk_period: -1.0000 
    wns: 0  norm_wns:  -1.0000 
    fail_endp: -1 
    tns:  0  tns_per_endp:  -1.0000   norm_tns_per_endp:  -1.0000 
    tns_sense_max:  -1.0000  tns_sense_avg:  -1.0000   tns_sense_num: -1
    power:  -9223372036854775808  
  Smallest config area : 5341455.  Fastest config wns;  0
##>+----------------------------------------------------------------------------------------------------------------------------------------------------------------+
##>Summary table of configs (Best config is CDN_DP_region_3_11_c7)
##>+----------------------------------------------------------------------------------------------------------------------------------------------------------------+
##>                     0                  1                  2                  3                  4                  5                  6                  7            
##>+----------------------------------------------------------------------------------------------------------------------------------------------------------------+
##>           Area          5341455            5341455            5341455            5341455            5341455            5341455            5341455            5341455  
##>            WNS         +4706.00           +4706.00           +4706.00           +4706.00           +4706.00           +4706.00           +4706.00           +4706.00  
##>            TNS                0                  0                  0                  0                  0                  0                  0                  0  
##>    Num Rewrite                0                  0                  0                  0                  0                  0                  0                  0  
##>     Num Factor                0                  0                  0                  0                  0                  0                  0                  0  
##>      Num Share                0                  0                  0                  0                  0                  0                  0                  0  
##>   Num CmultCse                0                  0                  0                  0                  0                  0                  0                  0  
##>   Num Downsize                0                  0                  0                  0                  0                  0                  0                  0  
##>  Num Speculate                0                  0                  0                  0                  0                  0                  0                  0  
##>     Runtime(s)                0                  0                  0                  0                  0                  0                  0                  0  
+----------------------------------------------------------------------------------------------------------------------------------------------------------------+
##>
##>
##>+-----------------------------------------------------------------------------------------------------------------------------------------------------------------------------------------------------+
##>Optimization Step DEBUG Table for config CDN_DP_region_3_11_c7
##>
##>                          Step                        Area   (  % Chg)         WNS (Change)          TNS (Change)                Power   (  % Chg)        Runtime (s)        Comment                   
##>+-----------------------------------------------------------------------------------------------------------------------------------------------------------------------------------------------------+
##>EquationExtraction              START                5341455 (       )     4706.00 (        )          0 (        )                    0 (       )              
##> rewrite                        START               10682910 (+100.00)     4701.90 (   -4.10)          0 (       0)                    0 (  +0.00)              (a,ar) Expr14_from --> Expr14_to
##>                                  END               26707275 (+150.00)     4701.90 (   +0.00)          0 (       0)                    0 (  +0.00)           0  
##>                                  END                5341455 (  +0.00)     4706.00 (   +0.00)          0 (       0)                    0 (  +0.00)           0  
##>createMaxCarrySave              START                5341455 (  +0.00)     4706.00 (   +0.00)          0 (       0)                    0 (  +0.00)              
##> datapath_rewrite_one_def       START                5341455 (  +0.00)     4706.00 (   +0.00)          0 (       0)                    0 (  +0.00)              
##>                                  END                5341455 (  +0.00)     4706.00 (   +0.00)          0 (       0)                    0 (  +0.00)           0  
##> csa_opto                       START                5341455 (  +0.00)     4706.00 (   +0.00)          0 (       0)                    0 (  +0.00)              
##>                                  END               10682910 (+100.00)     4706.00 (   +0.00)          0 (       0)                    0 (  +0.00)           0  
##>                                  END               10682910 (+100.00)     4706.00 (   +0.00)          0 (       0)                    0 (  +0.00)           0  
##>canonicalize_by_names           START               10682910 (  +0.00)     4706.00 (   +0.00)          0 (       0)                    0 (  +0.00)              
##>                                  END               10682910 (  +0.00)     4706.00 (   +0.00)          0 (       0)                    0 (  +0.00)           0  
##>datapath_rewrite_post_csa_one_  START               10682910 (  +0.00)     4706.00 (   +0.00)          0 (       0)                    0 (  +0.00)              
##>                                  END               10682910 (  +0.00)     4706.00 (   +0.00)          0 (       0)                    0 (  +0.00)           0  
##>datapath_csa_factoring_one_gde  START               10682910 (  +0.00)     4706.00 (   +0.00)          0 (       0)                    0 (  +0.00)              
##>                                  END               10682910 (  +0.00)     4706.00 (   +0.00)          0 (       0)                    0 (  +0.00)           0  
##>dpopt_share_one_def             START               10682910 (  +0.00)     4706.00 (   +0.00)          0 (       0)                    0 (  +0.00)              
##>                                  END               10682910 (  +0.00)     4706.00 (   +0.00)          0 (       0)                    0 (  +0.00)           0  
##>datapath_rewrite_post_share     START               10682910 (  +0.00)     4706.00 (   +0.00)          0 (       0)                    0 (  +0.00)              
##>                                  END               10682910 (  +0.00)     4706.00 (   +0.00)          0 (       0)                    0 (  +0.00)           0  
##>dp_combine_const_mult_with_com  START               10682910 (  +0.00)     4706.00 (   +0.00)          0 (       0)                    0 (  +0.00)              
##>                                  END               10682910 (  +0.00)     4706.00 (   +0.00)          0 (       0)                    0 (  +0.00)           0  
##>dp_operator_level_decompositio  START               10682910 (  +0.00)     4706.00 (   +0.00)          0 (       0)                    0 (  +0.00)              
##>                                  END               10682910 (  +0.00)     4706.00 (   +0.00)          0 (       0)                    0 (  +0.00)           0  
##>selective_flatten_dp_config     START               10682910 (  +0.00)     4706.00 (   +0.00)          0 (       0)                    0 (  +0.00)              
##>                                  END               10682910 (  +0.00)     4706.00 (   +0.00)          0 (       0)                    0 (  +0.00)           0  
##>createMaxCarrySave              START               10682910 (  +0.00)     4706.00 (   +0.00)          0 (       0)                    0 (  +0.00)              
##> datapath_rewrite_one_def       START               10682910 (  +0.00)     4706.00 (   +0.00)          0 (       0)                    0 (  +0.00)              
##>  fast_cse_elim                 START               10682910 (  +0.00)     4706.00 (   +0.00)          0 (       0)                    0 (  +0.00)              
##>                                  END               10682910 (  +0.00)     4706.00 (   +0.00)          0 (       0)                    0 (  +0.00)           0  
##>  fast_cse_elim                 START               10682910 (  +0.00)     4706.00 (   +0.00)          0 (       0)                    0 (  +0.00)              
##>                                  END               10682910 (  +0.00)     4706.00 (   +0.00)          0 (       0)                    0 (  +0.00)           0  
##>                                  END               10682910 (  +0.00)     4706.00 (   +0.00)          0 (       0)                    0 (  +0.00)           0  
##> csa_opto                       START               10682910 (  +0.00)     4706.00 (   +0.00)          0 (       0)                    0 (  +0.00)              
##>                                  END               10682910 (  +0.00)     4706.00 (   +0.00)          0 (       0)                    0 (  +0.00)           0  
##>                                  END               10682910 (  +0.00)     4706.00 (   +0.00)          0 (       0)                    0 (  +0.00)           0  
##>context_based_simplify          START                5341455 ( -50.00)     4706.00 (   +0.00)          0 (       0)                    0 (  +0.00)              
##>                                  END                5341455 (  +0.00)     4706.00 (   +0.00)          0 (       0)                    0 (  +0.00)           0  
##>group_csa_final_adder_dp        START                5341455 (  +0.00)     4706.00 (   +0.00)          0 (       0)                    0 (  +0.00)              
##>                                  END                5341455 (  +0.00)     4706.00 (   +0.00)          0 (       0)                    0 (  +0.00)           0  
##>dpopt_flatten_critical_muxes_i  START                5341455 (  +0.00)     4706.00 (   +0.00)          0 (       0)                    0 (  +0.00)              
##>                                  END                5341455 (  +0.00)     4706.00 (   +0.00)          0 (       0)                    0 (  +0.00)           0  
##>create_score                    START                5341455 (  +0.00)     4706.00 (   +0.00)          0 (       0)                    0 (  +0.00)              
##>                                  END                5341455 (  +0.00)     4706.00 (   +0.00)          0 (       0)                    0 (  +0.00)           0  
##>+-----------------------------------------------------------------------------------------------------------------------------------------------------------------------------------------------------+
Committed config: CDN_DP_region_3_11_c7
Info    : Done implementing datapath configurations. [DPOPT-4]
        : Selected 'very_fast' configuration 7 for module 'CDN_DP_region_3_11_c7'.
          Optimizations applied to 'very_fast' configuration:
            rewriting(0), factoring(0), sharing(0), cmultcse(0), downsizing(0), speculation(0)
Info    : Implementing datapath configurations. [DPOPT-3]
        : Implementing datapath configurations for 'CDN_DP_region_3_8'
CSAGen Prep Share:0 Re-Write:0 Speculation: 0
MaxCSA: Successfully built Maximal CSA Expression Expr15
CDN_DP_region_3_8 level = 0 loads = 0 drivers = 0
CDN_DP_region_3_8_c0 in riscv_core: area: 5341455 ,dp = 1 mux = 0 sg = slow         worst_clk_period: -1.0000 
    wns: 0  norm_wns:  -1.0000 
    fail_endp: -1 
    tns:  0  tns_per_endp:  -1.0000   norm_tns_per_endp:  -1.0000 
    tns_sense_max:  -1.0000  tns_sense_avg:  -1.0000   tns_sense_num: -1
    power:  -9223372036854775808  
 skipped
CDN_DP_region_3_8_c1 in riscv_core: area: 5341455 ,dp = 1 mux = 0 sg = fast         worst_clk_period: -1.0000 
    wns: 0  norm_wns:  -1.0000 
    fail_endp: -1 
    tns:  0  tns_per_endp:  -1.0000   norm_tns_per_endp:  -1.0000 
    tns_sense_max:  -1.0000  tns_sense_avg:  -1.0000   tns_sense_num: -1
    power:  -9223372036854775808  
 is current best
CDN_DP_region_3_8_c2 in riscv_core: area: 5341455 ,dp = 1 mux = 0 sg = very_slow    worst_clk_period: -1.0000 
    wns: 0  norm_wns:  -1.0000 
    fail_endp: -1 
    tns:  0  tns_per_endp:  -1.0000   norm_tns_per_endp:  -1.0000 
    tns_sense_max:  -1.0000  tns_sense_avg:  -1.0000   tns_sense_num: -1
    power:  -9223372036854775808  
 is current best
CDN_DP_region_3_8_c3 in riscv_core: area: 5341455 ,dp = 1 mux = 0 sg = very_fast    worst_clk_period: -1.0000 
    wns: 0  norm_wns:  -1.0000 
    fail_endp: -1 
    tns:  0  tns_per_endp:  -1.0000   norm_tns_per_endp:  -1.0000 
    tns_sense_max:  -1.0000  tns_sense_avg:  -1.0000   tns_sense_num: -1
    power:  -9223372036854775808  
 is current best
CDN_DP_region_3_8_c4 in riscv_core: area: 5341455 ,dp = 1 mux = 0 sg = very_fast    worst_clk_period: -1.0000 
    wns: 0  norm_wns:  -1.0000 
    fail_endp: -1 
    tns:  0  tns_per_endp:  -1.0000   norm_tns_per_endp:  -1.0000 
    tns_sense_max:  -1.0000  tns_sense_avg:  -1.0000   tns_sense_num: -1
    power:  -9223372036854775808  
 is current best
CDN_DP_region_3_8_c5 in riscv_core: area: 5341455 ,dp = 1 mux = 0 sg = very_fast    worst_clk_period: -1.0000 
    wns: 0  norm_wns:  -1.0000 
    fail_endp: -1 
    tns:  0  tns_per_endp:  -1.0000   norm_tns_per_endp:  -1.0000 
    tns_sense_max:  -1.0000  tns_sense_avg:  -1.0000   tns_sense_num: -1
    power:  -9223372036854775808  
 is current best
CDN_DP_region_3_8_c6 in riscv_core: area: 5341455 ,dp = 1 mux = 0 sg = very_fast    worst_clk_period: -1.0000 
    wns: 0  norm_wns:  -1.0000 
    fail_endp: -1 
    tns:  0  tns_per_endp:  -1.0000   norm_tns_per_endp:  -1.0000 
    tns_sense_max:  -1.0000  tns_sense_avg:  -1.0000   tns_sense_num: -1
    power:  -9223372036854775808  
 is current best
CDN_DP_region_3_8_c7 in riscv_core: area: 5341455 ,dp = 1 mux = 0 sg = very_fast    worst_clk_period: -1.0000 
    wns: 0  norm_wns:  -1.0000 
    fail_endp: -1 
    tns:  0  tns_per_endp:  -1.0000   norm_tns_per_endp:  -1.0000 
    tns_sense_max:  -1.0000  tns_sense_avg:  -1.0000   tns_sense_num: -1
    power:  -9223372036854775808  
 is current best
Best config: CDN_DP_region_3_8_c7 in riscv_core: area: 5341455 ,dp = 1 mux = 0 sg = very_fast    worst_clk_period: -1.0000 
    wns: 0  norm_wns:  -1.0000 
    fail_endp: -1 
    tns:  0  tns_per_endp:  -1.0000   norm_tns_per_endp:  -1.0000 
    tns_sense_max:  -1.0000  tns_sense_avg:  -1.0000   tns_sense_num: -1
    power:  -9223372036854775808  
  Smallest config area : 5341455.  Fastest config wns;  0
##>+----------------------------------------------------------------------------------------------------------------------------------------------------------------+
##>Summary table of configs (Best config is CDN_DP_region_3_8_c7)
##>+----------------------------------------------------------------------------------------------------------------------------------------------------------------+
##>                     0                  1                  2                  3                  4                  5                  6                  7            
##>+----------------------------------------------------------------------------------------------------------------------------------------------------------------+
##>           Area          5341455            5341455            5341455            5341455            5341455            5341455            5341455            5341455  
##>            WNS         +5089.80           +5089.80           +5089.80           +5089.80           +5089.80           +5089.80           +5089.80           +5089.80  
##>            TNS                0                  0                  0                  0                  0                  0                  0                  0  
##>    Num Rewrite                0                  0                  0                  0                  0                  0                  0                  0  
##>     Num Factor                0                  0                  0                  0                  0                  0                  0                  0  
##>      Num Share                0                  0                  0                  0                  0                  0                  0                  0  
##>   Num CmultCse                0                  0                  0                  0                  0                  0                  0                  0  
##>   Num Downsize                0                  0                  0                  0                  0                  0                  0                  0  
##>  Num Speculate                0                  0                  0                  0                  0                  0                  0                  0  
##>     Runtime(s)                0                  0                  0                  0                  0                  0                  0                  0  
+----------------------------------------------------------------------------------------------------------------------------------------------------------------+
##>
##>
##>+-----------------------------------------------------------------------------------------------------------------------------------------------------------------------------------------------------+
##>Optimization Step DEBUG Table for config CDN_DP_region_3_8_c7
##>
##>                          Step                        Area   (  % Chg)         WNS (Change)          TNS (Change)                Power   (  % Chg)        Runtime (s)        Comment                   
##>+-----------------------------------------------------------------------------------------------------------------------------------------------------------------------------------------------------+
##>EquationExtraction              START                5341455 (       )     5089.80 (        )          0 (        )                    0 (       )              
##> rewrite                        START               10682910 (+100.00)     5079.90 (   -9.90)          0 (       0)                    0 (  +0.00)              (a,ar) Expr15_from --> Expr15_to
##>                                  END               26707275 (+150.00)     5079.90 (   +0.00)          0 (       0)                    0 (  +0.00)           0  
##>                                  END                5341455 (  +0.00)     5089.80 (   +0.00)          0 (       0)                    0 (  +0.00)           0  
##>createMaxCarrySave              START                5341455 (  +0.00)     5089.80 (   +0.00)          0 (       0)                    0 (  +0.00)              
##> datapath_rewrite_one_def       START                5341455 (  +0.00)     5089.80 (   +0.00)          0 (       0)                    0 (  +0.00)              
##>                                  END                5341455 (  +0.00)     5089.80 (   +0.00)          0 (       0)                    0 (  +0.00)           0  
##> csa_opto                       START                5341455 (  +0.00)     5089.80 (   +0.00)          0 (       0)                    0 (  +0.00)              
##>                                  END               10682910 (+100.00)     5089.80 (   +0.00)          0 (       0)                    0 (  +0.00)           0  
##>                                  END               10682910 (+100.00)     5089.80 (   +0.00)          0 (       0)                    0 (  +0.00)           0  
##>canonicalize_by_names           START               10682910 (  +0.00)     5089.80 (   +0.00)          0 (       0)                    0 (  +0.00)              
##>                                  END               10682910 (  +0.00)     5089.80 (   +0.00)          0 (       0)                    0 (  +0.00)           0  
##>datapath_rewrite_post_csa_one_  START               10682910 (  +0.00)     5089.80 (   +0.00)          0 (       0)                    0 (  +0.00)              
##>                                  END               10682910 (  +0.00)     5089.80 (   +0.00)          0 (       0)                    0 (  +0.00)           0  
##>datapath_csa_factoring_one_gde  START               10682910 (  +0.00)     5089.80 (   +0.00)          0 (       0)                    0 (  +0.00)              
##>                                  END               10682910 (  +0.00)     5089.80 (   +0.00)          0 (       0)                    0 (  +0.00)           0  
##>dpopt_share_one_def             START               10682910 (  +0.00)     5089.80 (   +0.00)          0 (       0)                    0 (  +0.00)              
##>                                  END               10682910 (  +0.00)     5089.80 (   +0.00)          0 (       0)                    0 (  +0.00)           0  
##>datapath_rewrite_post_share     START               10682910 (  +0.00)     5089.80 (   +0.00)          0 (       0)                    0 (  +0.00)              
##>                                  END               10682910 (  +0.00)     5089.80 (   +0.00)          0 (       0)                    0 (  +0.00)           0  
##>dp_combine_const_mult_with_com  START               10682910 (  +0.00)     5089.80 (   +0.00)          0 (       0)                    0 (  +0.00)              
##>                                  END               10682910 (  +0.00)     5089.80 (   +0.00)          0 (       0)                    0 (  +0.00)           0  
##>dp_operator_level_decompositio  START               10682910 (  +0.00)     5089.80 (   +0.00)          0 (       0)                    0 (  +0.00)              
##>                                  END               10682910 (  +0.00)     5089.80 (   +0.00)          0 (       0)                    0 (  +0.00)           0  
##>selective_flatten_dp_config     START               10682910 (  +0.00)     5089.80 (   +0.00)          0 (       0)                    0 (  +0.00)              
##>                                  END               10682910 (  +0.00)     5089.80 (   +0.00)          0 (       0)                    0 (  +0.00)           0  
##>createMaxCarrySave              START               10682910 (  +0.00)     5089.80 (   +0.00)          0 (       0)                    0 (  +0.00)              
##> datapath_rewrite_one_def       START               10682910 (  +0.00)     5089.80 (   +0.00)          0 (       0)                    0 (  +0.00)              
##>  fast_cse_elim                 START               10682910 (  +0.00)     5089.80 (   +0.00)          0 (       0)                    0 (  +0.00)              
##>                                  END               10682910 (  +0.00)     5089.80 (   +0.00)          0 (       0)                    0 (  +0.00)           0  
##>  fast_cse_elim                 START               10682910 (  +0.00)     5089.80 (   +0.00)          0 (       0)                    0 (  +0.00)              
##>                                  END               10682910 (  +0.00)     5089.80 (   +0.00)          0 (       0)                    0 (  +0.00)           0  
##>                                  END               10682910 (  +0.00)     5089.80 (   +0.00)          0 (       0)                    0 (  +0.00)           0  
##> csa_opto                       START               10682910 (  +0.00)     5089.80 (   +0.00)          0 (       0)                    0 (  +0.00)              
##>                                  END               10682910 (  +0.00)     5089.80 (   +0.00)          0 (       0)                    0 (  +0.00)           0  
##>                                  END               10682910 (  +0.00)     5089.80 (   +0.00)          0 (       0)                    0 (  +0.00)           0  
##>context_based_simplify          START                5341455 ( -50.00)     5089.80 (   +0.00)          0 (       0)                    0 (  +0.00)              
##>                                  END                5341455 (  +0.00)     5089.80 (   +0.00)          0 (       0)                    0 (  +0.00)           0  
##>group_csa_final_adder_dp        START                5341455 (  +0.00)     5089.80 (   +0.00)          0 (       0)                    0 (  +0.00)              
##>                                  END                5341455 (  +0.00)     5089.80 (   +0.00)          0 (       0)                    0 (  +0.00)           0  
##>dpopt_flatten_critical_muxes_i  START                5341455 (  +0.00)     5089.80 (   +0.00)          0 (       0)                    0 (  +0.00)              
##>                                  END                5341455 (  +0.00)     5089.80 (   +0.00)          0 (       0)                    0 (  +0.00)           0  
##>create_score                    START                5341455 (  +0.00)     5089.80 (   +0.00)          0 (       0)                    0 (  +0.00)              
##>                                  END                5341455 (  +0.00)     5089.80 (   +0.00)          0 (       0)                    0 (  +0.00)           0  
##>+-----------------------------------------------------------------------------------------------------------------------------------------------------------------------------------------------------+
Committed config: CDN_DP_region_3_8_c7
Info    : Done implementing datapath configurations. [DPOPT-4]
        : Selected 'very_fast' configuration 7 for module 'CDN_DP_region_3_8_c7'.
          Optimizations applied to 'very_fast' configuration:
            rewriting(0), factoring(0), sharing(0), cmultcse(0), downsizing(0), speculation(0)
Info:  Ungrouped 0 dp-cluster instances.  0 cluster instances were left intact, to aid verification.
Info    : Deleting instances not driving any primary outputs. [GLO-34]
        : Deleting 10 sequential instances.
Info    : Done optimizing datapath logic. [DPOPT-2]
        : Done optimizing datapath logic in 'riscv_core'.
Number of big hc bmuxes after = 10
Starting logic reduction [v1.0] (stage: post_rtlopt, startdef: riscv_core, recur: true)
Completed logic reduction (accepts: 0, rejects: 0, runtime: 0.002s)
Starting mux data reorder optimization [v1.0] (stage: post_rtlopt, startdef: riscv_core, recur: true)
Completed mux data reorder optimization (accepts: 0, rejects: 0, runtime: 0.373s)

Stage: post_rtlopt
----------------------------------------------------------
| Transform           | Accepts | Rejects | Runtime (ms) | 
----------------------------------------------------------
| hlo_logic_reduction |       0 |       0 |         2.00 | 
| hlo_mux_reorder     |       0 |       0 |       373.00 | 
----------------------------------------------------------
Info    : Deleting instances not driving any primary outputs. [GLO-34]
        : Deleting 82 sequential instances.
Info    : Deleting instances not driving any primary outputs. [GLO-34]
        : Deleting 66 hierarchical instances.
Starting mux speculation [v1.0] (stage: post_muxopt, startdef: riscv_core, recur: true)
Starting speculation optimization
Completed speculation optimization (accepts:8)
Completed mux speculation (accepts: 0, rejects: 0, runtime: 1.356s)

Stage: post_muxopt
------------------------------------------------------
| Transform       | Accepts | Rejects | Runtime (ms) | 
------------------------------------------------------
| hlo_speculation |       0 |       0 |      1356.00 | 
------------------------------------------------------
==================================
Stage : to_generic 
==================================
  =================
   Message Summary
  =================
------------------------------------------------------------------------------------------------------------------------------------------------------------------------
|     Id      |  Sev   |Count |                                                             Message Text                                                               |
------------------------------------------------------------------------------------------------------------------------------------------------------------------------
| CDFG-250    |Info    |   13 |Processing multi-dimensional arrays.                                                                                                    |
| CDFG-372    |Info    |   53 |Bitwidth mismatch in assignment.                                                                                                        |
|             |        |      |Review and make sure the mismatch is unintentional. Genus can possibly issue bitwidth mismatch warning for explicit assignments present |
|             |        |      | in RTL as-well-as for implicit assignments inferred by the tool. For example, in case of enum declaration without value, the tool will |
|             |        |      | implicitly assign value to the enum variables. It also issues the warning for any bitwidth mismatch that appears in this implicit      |
|             |        |      | assignment.                                                                                                                            |
| CDFG-373    |Info    |   36 |Sign mismatch in assignment.                                                                                                            |
| CDFG-472    |Warning |   18 |Unreachable statements for case item.                                                                                                   |
| CDFG-500    |Info    |   49 |Unused module input port.                                                                                                               |
|             |        |      |(In port definition within the module, the input port is not used in any assignment statements or conditional expressions for decision  |
|             |        |      | statements.                                                                                                                            |
| CDFG-508    |Warning |   18 |Removing unused register.                                                                                                               |
|             |        |      |Genus removes the flip-flop or latch inferred for an unused signal or variable. To preserve the flip-flop or latch, set the             |
|             |        |      | hdl_preserve_unused_registers attribute to true or use a pragma in the RTL.                                                            |
| CDFG-738    |Info    |   54 |Common subexpression eliminated.                                                                                                        |
| CDFG-739    |Info    |   54 |Common subexpression kept.                                                                                                              |
| CDFG-769    |Info    |    6 |Identified sum-of-products logic to be optimized during syn_generic.                                                                    |
| CDFG-771    |Info    |    4 |Replaced logic with a constant value.                                                                                                   |
| CDFG-773    |Info    |    3 |Skip related conditional write and read sequence.                                                                                       |
| CDFG-780    |Info    |    1 |Reversed the data and condition priority for priority mux chain (possibly created from loop based RTL)                                  |
|             |        |      | , using new loop reversal algorithm.                                                                                                   |
| CDFG-818    |Warning |    1 |Using default parameter value for module elaboration.                                                                                   |
| CWD-19      |Info    |  853 |An implementation was inferred.                                                                                                         |
| DPOPT-1     |Info    |    1 |Optimizing datapath logic.                                                                                                              |
| DPOPT-2     |Info    |    1 |Done optimizing datapath logic.                                                                                                         |
| DPOPT-3     |Info    |   16 |Implementing datapath configurations.                                                                                                   |
| DPOPT-4     |Info    |   16 |Done implementing datapath configurations.                                                                                              |
| DPOPT-6     |Info    |    1 |Pre-processed datapath logic.                                                                                                           |
| DPOPT-10    |Info    |   63 |Optimized a mux chain.                                                                                                                  |
| ELAB-1      |Info    |    1 |Elaborating Design.                                                                                                                     |
| ELAB-2      |Info    |   18 |Elaborating Subdesign.                                                                                                                  |
| ELAB-3      |Info    |    1 |Done Elaborating Design.                                                                                                                |
| ELABUTL-132 |Info    |    6 |Unused instance port.                                                                                                                   |
|             |        |      |Please check the reported scenario of unconnected instance port to ensure that it matches the design intent.                            |
| GB-6        |Info    |   11 |A datapath component has been ungrouped.                                                                                                |
| GLO-12      |Info    |  372 |Replacing a flip-flop with a logic constant 0.                                                                                          |
|             |        |      |To prevent this optimization, set the 'optimize_constant_0_flops' root attribute to 'false' or 'optimize_constant_0_seq' instance       |
|             |        |      | attribute to 'false'. You can also see the complete list of deleted sequential with command 'report sequential -deleted'               |
|             |        |      | (on Reason 'constant0').                                                                                                               |
| GLO-13      |Info    |    4 |Replacing a flip-flop with a logic constant 1.                                                                                          |
|             |        |      |To prevent this optimization, set the 'optimize_constant_1_flops' root attribute to 'false' or 'optimize_constant_1_seq' instance       |
|             |        |      | attribute to 'false'.                                                                                                                  |
| GLO-34      |Info    |   14 |Deleting instances not driving any primary outputs.                                                                                     |
|             |        |      |Optimizations such as constant propagation or redundancy removal could change the connections so a hierarchical instance does not drive |
|             |        |      | any primary outputs anymore. To see the list of deleted hierarchical instances, set the 'information_level' attribute to 2 or above.   |
|             |        |      | If the message is truncated set the message attribute 'truncate' to false to see the complete list. To prevent this optimization, set  |
|             |        |      | the 'delete_unloaded_insts' root/subdesign attribute to 'false' or 'preserve' instance attribute to 'true'.                            |
| GLO-40      |Info    |  132 |Combinational hierarchical blocks with identical inputs have been merged.                                                               |
|             |        |      |This optimization usually reduces design area. To prevent merging of combinational hierarchical blocks, set the                         |
|             |        |      | 'merge_combinational_hier_instances' root attribute to 'false' or the 'merge_combinational_hier_instance' instance attribute to        |
|             |        |      | 'false'.                                                                                                                               |
| GLO-42      |Info    |   74 |Equivalent sequential instances have been merged.                                                                                       |
|             |        |      |To prevent merging of sequential instances, set the 'optimize_merge_flops' and 'optimize_merge_latches' root attributes to 'false' or   |
|             |        |      | the 'optimize_merge_seq' instance attribute to 'false'.                                                                                |
| GLO-51      |Info    |   17 |Hierarchical instance automatically ungrouped.                                                                                          |
|             |        |      |Hierarchical instances can be automatically ungrouped to allow for better area or timing optimization. To prevent this ungroup, set the |
|             |        |      | root-level attribute 'auto_ungroup' to 'none'. You can also prevent individual ungroup with setting the attribute 'ungroup_ok' of      |
|             |        |      | instances or modules to 'false'.                                                                                                       |
| LBR-9       |Warning |   40 |Library cell has no output pins defined.                                                                                                |
|             |        |      |Add the missing output pin(s)                                                                                                           |
|             |        |      | , then reload the library. Else the library cell will be marked as timing model i.e. unusable. Timing_model means that the cell does   |
|             |        |      | not have any defined function. If there is no output pin, Genus will mark library cell as unusable i.e. the attribute 'usable' will be |
|             |        |      | marked to 'false' on the libcell. Therefore, the cell is not used for mapping and it will not be picked up from the library for        |
|             |        |      | synthesis. If you query the attribute 'unusable_reason' on the libcell; result will be: 'Library cell has no output pins.'Note: The    |
|             |        |      | message LBR-9 is only for the logical pins and not for the power_ground pins. Genus will depend upon the output function defined in    |
|             |        |      | the pin group (output pin) of the cell, to use it for mapping. The pg_pin will not have any function defined.                          |
| LBR-41      |Info    |    2 |An output library pin lacks a function attribute.                                                                                       |
|             |        |      |If the remainder of this library cell's semantic checks are successful, it will be considered as a timing-model                         |
|             |        |      | (because one of its outputs does not have a valid function.                                                                            |
| LBR-109     |Info    |    1 |Set default library domain.                                                                                                             |
| LBR-155     |Info    | 2112 |Mismatch in unateness between 'timing_sense' attribute and the function.                                                                |
|             |        |      |The 'timing_sense' attribute will be respected.                                                                                         |
| LBR-161     |Info    |    1 |Setting the maximum print count of this message to 10 if information_level is less than 9.                                              |
| LBR-162     |Info    |  248 |Both 'pos_unate' and 'neg_unate' timing_sense arcs have been processed.                                                                 |
|             |        |      |Setting the 'timing_sense' to non_unate.                                                                                                |
| LBR-412     |Info    |    2 |Created nominal operating condition.                                                                                                    |
|             |        |      |The nominal operating condition is represented, either by the nominal PVT values specified in the library source                        |
|             |        |      | (via nom_process,nom_voltage and nom_temperature respectively), or by the default PVT values (1.0,1.0,1.0).                            |
| LBR-518     |Info    |    2 |Missing a function attribute in the output pin definition.                                                                              |
| PHYS-129    |Info    |  119 |Via with no resistance will have a value of '0.0' assigned for resistance value.                                                        |
|             |        |      |If this is the expected behavior, this message can be ignored.                                                                          |
| PHYS-279    |Warning |  188 |Physical cell not defined in library.                                                                                                   |
|             |        |      |Ensure that the proper library files are available and have been imported.                                                              |
| PHYS-752    |Info    |    1 |Partition Based Synthesis execution skipped.                                                                                            |
| RTLOPT-30   |Info    |   36 |Accepted resource sharing opportunity.                                                                                                  |
| RTLOPT-40   |Info    |   33 |Transformed datapath macro.                                                                                                             |
| SYNTH-1     |Info    |    1 |Synthesizing.                                                                                                                           |
| TIM-1000    |Info    |    1 |Multimode clock gating check is disabled.                                                                                               |
| TUI-280     |Info    |    1 |An additional product license has been checked out.                                                                                     |
|             |        |      |The command 'license checkin' can be used to check the license back in when it is no longer needed.                                     |
------------------------------------------------------------------------------------------------------------------------------------------------------------------------
Current PLE settings:

Aspect ratio        : 1.000
Shrink factor       : 1.000
Scale of res/length : 1.000
Scale of cap/length : 1.000
Net derating factor : 1.000
Thermal factor      : 1.324
Via Resistance      : 0.600 ohm (from qrc_tech_file)
Site size           : 1.910 um (from lef [tech+cell])

                                    Capacitance  
   Layer                             / Length         Data source:
 Name        Direction Utilization  (pF/micron)       qrc_tech_file
-------------------------------------------------
metal1_conn      H         0.00        0.000367  
metal2_conn      V         1.00        0.000317  
metal3_conn      H         1.00        0.000315  
metal4_conn      V         1.00        0.000317  
metal5_conn      H         1.00        0.000317  
metal6_conn      V         1.00        0.000318  
metal7_conn      H         1.00        0.000318  
metal8_conn      V         1.00        0.000315  
metal9_conn      H         1.00        0.001755  
metal10_conn     V         1.00        0.000854  
metal11_conn     H         1.00        0.000739  

                                     Resistance   
   Layer                              / Length         Data source:
 Name        Direction Utilization  (ohm/micron)       qrc_tech_file
--------------------------------------------------
metal1_conn      H         0.00         1.900028  
metal2_conn      V         1.00         1.183743  
metal3_conn      H         1.00         1.183743  
metal4_conn      V         1.00         1.183743  
metal5_conn      H         1.00         1.183743  
metal6_conn      V         1.00         1.183743  
metal7_conn      H         1.00         1.183743  
metal8_conn      V         1.00         0.432387  
metal9_conn      H         1.00         0.432387  
metal10_conn     V         1.00         0.157232  
metal11_conn     H         1.00         0.158932  

                                         Area     
   Layer                               / Length        Data source:
 Name        Direction Utilization     (micron)        lef_library
--------------------------------------------------
Metal1           H         0.00         0.060000  
Metal2           V         1.00         0.080000  
Metal3           H         1.00         0.080000  
Metal4           V         1.00         0.080000  
Metal5           H         1.00         0.080000  
Metal6           V         1.00         0.080000  
Metal7           H         1.00         0.080000  
Metal8           V         1.00         0.080000  
Metal9           H         1.00         0.080000  
Metal10          V         1.00         0.220000  
Metal11          H         1.00         0.220000  

Mapper: Libraries have:
	domain worst: 324 combo usable cells and 84 sequential usable cells
Info    : Attempting to launch a super-threading server. [ST-120]
        : Attempting to Launch server 1 of 8.
        : The tool is entering super-threading mode and is launching a CPU server process.  This is enabled by the root attribute 'super_thread_servers' or 'auto_super_thread'.
Info    : Connection established with super-threading server. [ST-110]
        : The server 'localhost_1_0' is process '1855126' on this host.
        : The tool is entering super-threading mode and has established a connection with a CPU server process.  This is enabled by the root attributes 'super_thread_servers' or 'auto_super_thread'.
                  Library loading done successfully on server 'localhost_1_0'.
Info    : Connection established with super-threading server. [ST-110]
        : The server 'localhost_1_1' is forked process '1855550' on this host.
Info    : Connection established with super-threading server. [ST-110]
        : The server 'localhost_1_2' is forked process '1855552' on this host.
Info    : Connection established with super-threading server. [ST-110]
        : The server 'localhost_1_3' is forked process '1855554' on this host.
Info    : Connection established with super-threading server. [ST-110]
        : The server 'localhost_1_4' is forked process '1855564' on this host.
Info    : Connection established with super-threading server. [ST-110]
        : The server 'localhost_1_5' is forked process '1855570' on this host.
Info    : Connection established with super-threading server. [ST-110]
        : The server 'localhost_1_6' is forked process '1855572' on this host.
Info    : Connection established with super-threading server. [ST-110]
        : The server 'localhost_1_7' is forked process '1855574' on this host.
Multi-threaded constant propagation [1|0] ...
Info    : Replacing the synchronous part of an always feeding back flip-flop with a logic constant. [GLO-45]
        : The instance is 'u_issue_u_pipe0_ctrl_exception_e1_q_reg[1]'. The constant is '0'.
        : To prevent this optimization, set 'optimize_constant_feedback_seqs' root attribute to 'false'. The instance attribute 'optimize_constant_feedback_seq' controls this optimization. 
Info    : Replacing the synchronous part of an always feeding back flip-flop with a logic constant. [GLO-45]
        : The instance is 'u_issue_u_pipe1_ctrl_pc_e1_q_reg[1]'. The constant is '0'.
Info    : Replacing the synchronous part of an always feeding back flip-flop with a logic constant. [GLO-45]
        : The instance is 'u_issue_u_pipe1_ctrl_pc_e1_q_reg[0]'. The constant is '0'.
Info    : Replacing the synchronous part of an always feeding back flip-flop with a logic constant. [GLO-45]
        : The instance is 'u_issue_u_pipe0_ctrl_pc_e1_q_reg[1]'. The constant is '0'.
Info    : Replacing the synchronous part of an always feeding back flip-flop with a logic constant. [GLO-45]
        : The instance is 'u_issue_u_pipe0_ctrl_pc_e1_q_reg[0]'. The constant is '0'.
Info    : Replacing the synchronous part of an always feeding back flip-flop with a logic constant. [GLO-45]
        : The instance is 'u_frontend_u_fetch_skid_buffer_q_reg[99]'. The constant is '0'.
Info    : Replacing the synchronous part of an always feeding back flip-flop with a logic constant. [GLO-45]
        : The instance is 'u_issue_u_pipe1_ctrl_ctrl_e1_q_reg[8]'. The constant is '0'.
Info    : Replacing the synchronous part of an always feeding back flip-flop with a logic constant. [GLO-45]
        : The instance is 'u_frontend_u_fetch_pred_d_q_reg[0]'. The constant is '0'.
Info    : Replacing the synchronous part of an always feeding back flip-flop with a logic constant. [GLO-45]
        : The instance is 'u_csr_u_csrfile_csr_mie_q_reg[31]'. The constant is '0'.
Info    : Replacing the synchronous part of an always feeding back flip-flop with a logic constant. [GLO-45]
        : The instance is 'u_csr_u_csrfile_csr_mie_q_reg[30]'. The constant is '0'.
Info    : Replacing the synchronous part of an always feeding back flip-flop with a logic constant. [GLO-45]
        : The instance is 'u_csr_u_csrfile_csr_mie_q_reg[29]'. The constant is '0'.
Info    : Replacing the synchronous part of an always feeding back flip-flop with a logic constant. [GLO-45]
        : The instance is 'u_csr_u_csrfile_csr_mie_q_reg[28]'. The constant is '0'.
Info    : Replacing the synchronous part of an always feeding back flip-flop with a logic constant. [GLO-45]
        : The instance is 'u_csr_u_csrfile_csr_mie_q_reg[27]'. The constant is '0'.
Info    : Replacing the synchronous part of an always feeding back flip-flop with a logic constant. [GLO-45]
        : The instance is 'u_csr_u_csrfile_csr_mie_q_reg[26]'. The constant is '0'.
Info    : Replacing the synchronous part of an always feeding back flip-flop with a logic constant. [GLO-45]
        : The instance is 'u_csr_u_csrfile_csr_mie_q_reg[25]'. The constant is '0'.
Info    : Replacing the synchronous part of an always feeding back flip-flop with a logic constant. [GLO-45]
        : The instance is 'u_csr_u_csrfile_csr_mie_q_reg[24]'. The constant is '0'.
Info    : Replacing the synchronous part of an always feeding back flip-flop with a logic constant. [GLO-45]
        : The instance is 'u_csr_u_csrfile_csr_mie_q_reg[23]'. The constant is '0'.
Info    : Replacing the synchronous part of an always feeding back flip-flop with a logic constant. [GLO-45]
        : The instance is 'u_csr_u_csrfile_csr_mie_q_reg[22]'. The constant is '0'.
Info    : Replacing the synchronous part of an always feeding back flip-flop with a logic constant. [GLO-45]
        : The instance is 'u_csr_u_csrfile_csr_mie_q_reg[21]'. The constant is '0'.
Info    : Replacing the synchronous part of an always feeding back flip-flop with a logic constant. [GLO-45]
        : The instance is 'u_csr_u_csrfile_csr_mie_q_reg[20]'. The constant is '0'.
Warning : Maximum message print count reached. [MESG-11]
        : Maximum print count of '20' reached for message 'GLO-45'.
Info    : Replacing a flip-flop with a logic constant 0. [GLO-12]
        : The instance is 'u_csr_u_csrfile_csr_mie_q_reg[0]'.
Info    : Replacing a flip-flop with a logic constant 0. [GLO-12]
        : The instance is 'u_csr_u_csrfile_csr_mie_q_reg[2]'.
Info    : Replacing a flip-flop with a logic constant 0. [GLO-12]
        : The instance is 'u_csr_u_csrfile_csr_mie_q_reg[4]'.
Info    : Replacing a flip-flop with a logic constant 0. [GLO-12]
        : The instance is 'u_csr_u_csrfile_csr_mie_q_reg[6]'.
Info    : Replacing a flip-flop with a logic constant 0. [GLO-12]
        : The instance is 'u_csr_u_csrfile_csr_mie_q_reg[8]'.
Info    : Replacing a flip-flop with a logic constant 0. [GLO-12]
        : The instance is 'u_csr_u_csrfile_csr_mie_q_reg[10]'.
Info    : Replacing a flip-flop with a logic constant 0. [GLO-12]
        : The instance is 'u_csr_u_csrfile_csr_mie_q_reg[12]'.
Info    : Replacing a flip-flop with a logic constant 0. [GLO-12]
        : The instance is 'u_csr_u_csrfile_csr_mie_q_reg[13]'.
Info    : Replacing a flip-flop with a logic constant 0. [GLO-12]
        : The instance is 'u_csr_u_csrfile_csr_mie_q_reg[14]'.
Info    : Replacing a flip-flop with a logic constant 0. [GLO-12]
        : The instance is 'u_csr_u_csrfile_csr_mie_q_reg[15]'.
Info    : Replacing a flip-flop with a logic constant 0. [GLO-12]
        : The instance is 'u_csr_u_csrfile_csr_mie_q_reg[16]'.
Info    : Replacing a flip-flop with a logic constant 0. [GLO-12]
        : The instance is 'u_csr_u_csrfile_csr_mie_q_reg[17]'.
Info    : Replacing a flip-flop with a logic constant 0. [GLO-12]
        : The instance is 'u_csr_u_csrfile_csr_mie_q_reg[18]'.
Info    : Replacing a flip-flop with a logic constant 0. [GLO-12]
        : The instance is 'u_csr_u_csrfile_csr_mie_q_reg[19]'.
Info    : Replacing a flip-flop with a logic constant 0. [GLO-12]
        : The instance is 'u_csr_u_csrfile_csr_mie_q_reg[20]'.
Info    : Replacing a flip-flop with a logic constant 0. [GLO-12]
        : The instance is 'u_csr_u_csrfile_csr_mie_q_reg[21]'.
Info    : Replacing a flip-flop with a logic constant 0. [GLO-12]
        : The instance is 'u_csr_u_csrfile_csr_mie_q_reg[22]'.
Info    : Replacing a flip-flop with a logic constant 0. [GLO-12]
        : The instance is 'u_csr_u_csrfile_csr_mie_q_reg[23]'.
Info    : Replacing a flip-flop with a logic constant 0. [GLO-12]
        : The instance is 'u_csr_u_csrfile_csr_mie_q_reg[24]'.
Info    : Replacing a flip-flop with a logic constant 0. [GLO-12]
        : The instance is 'u_csr_u_csrfile_csr_mie_q_reg[25]'.
Info    : Deleting instances not driving any primary outputs. [GLO-34]
        : Deleting 153 sequential instances.
Multi-threaded Virtual Mapping    (8 threads per ST process, 8 of 32 CPUs usable)
        Distributing super-thread jobs: WALLACE_CSA_DUMMY_OP_group_6762 csa_tree_ADD_TC_OP_4_group_2949 WALLACE_CSA_DUMMY_OP_group_9038 WALLACE_CSA_DUMMY_OP_group_11011 WALLACE_CSA_DUMMY_OP_group_12680 sub_unsigned biriscv_decoder_2525 biriscv_decoder gt_unsigned_1_rtlopto_model_6258 gt_leq_unsigned_88_6259 add_unsigned_2512 add_unsigned_2512_2922 sub_unsigned_2504 add_unsigned_2092
          Sending 'WALLACE_CSA_DUMMY_OP_group_6762' to server 'localhost_1_5'...
            Sent 'WALLACE_CSA_DUMMY_OP_group_6762' to server 'localhost_1_5'.
          Sending 'csa_tree_ADD_TC_OP_4_group_2949' to server 'localhost_1_7'...
            Sent 'csa_tree_ADD_TC_OP_4_group_2949' to server 'localhost_1_7'.
          Sending 'WALLACE_CSA_DUMMY_OP_group_9038' to server 'localhost_1_1'...
            Sent 'WALLACE_CSA_DUMMY_OP_group_9038' to server 'localhost_1_1'.
          Sending 'WALLACE_CSA_DUMMY_OP_group_11011' to server 'localhost_1_2'...
            Sent 'WALLACE_CSA_DUMMY_OP_group_11011' to server 'localhost_1_2'.
          Sending 'WALLACE_CSA_DUMMY_OP_group_12680' to server 'localhost_1_3'...
            Sent 'WALLACE_CSA_DUMMY_OP_group_12680' to server 'localhost_1_3'.
          Sending 'sub_unsigned' to server 'localhost_1_0'...
            Sent 'sub_unsigned' to server 'localhost_1_0'.
          Sending 'biriscv_decoder_2525' to server 'localhost_1_4'...
            Sent 'biriscv_decoder_2525' to server 'localhost_1_4'.
          Sending 'biriscv_decoder' to server 'localhost_1_6'...
            Sent 'biriscv_decoder' to server 'localhost_1_6'.
          Received 'sub_unsigned' from server 'localhost_1_0'. (912 ms elapsed)
          Sending 'gt_unsigned_1_rtlopto_model_6258' to server 'localhost_1_0'...
            Sent 'gt_unsigned_1_rtlopto_model_6258' to server 'localhost_1_0'.
          Received 'biriscv_decoder_2525' from server 'localhost_1_4'. (1172 ms elapsed)
          Sending 'gt_leq_unsigned_88_6259' to server 'localhost_1_4'...
            Sent 'gt_leq_unsigned_88_6259' to server 'localhost_1_4'.
          Received 'biriscv_decoder' from server 'localhost_1_6'. (1287 ms elapsed)
          Sending 'add_unsigned_2512' to server 'localhost_1_6'...
            Sent 'add_unsigned_2512' to server 'localhost_1_6'.
          Received 'gt_leq_unsigned_88_6259' from server 'localhost_1_4'. (273 ms elapsed)
          Sending 'add_unsigned_2512_2922' to server 'localhost_1_4'...
            Sent 'add_unsigned_2512_2922' to server 'localhost_1_4'.
          Received 'gt_unsigned_1_rtlopto_model_6258' from server 'localhost_1_0'. (614 ms elapsed)
          Sending 'sub_unsigned_2504' to server 'localhost_1_0'...
            Sent 'sub_unsigned_2504' to server 'localhost_1_0'.
          Received 'add_unsigned_2512_2922' from server 'localhost_1_4'. (870 ms elapsed)
          Sending 'add_unsigned_2092' to server 'localhost_1_4'...
            Sent 'add_unsigned_2092' to server 'localhost_1_4'.
          Received 'add_unsigned_2512' from server 'localhost_1_6'. (1034 ms elapsed)
          Received 'WALLACE_CSA_DUMMY_OP_group_12680' from server 'localhost_1_3'. (2394 ms elapsed)
          Received 'csa_tree_ADD_TC_OP_4_group_2949' from server 'localhost_1_7'. (2570 ms elapsed)
          Received 'WALLACE_CSA_DUMMY_OP_group_6762' from server 'localhost_1_5'. (2728 ms elapsed)
          Received 'add_unsigned_2092' from server 'localhost_1_4'. (256 ms elapsed)
          Received 'sub_unsigned_2504' from server 'localhost_1_0'. (267 ms elapsed)
          Received 'WALLACE_CSA_DUMMY_OP_group_11011' from server 'localhost_1_2'. (3090 ms elapsed)
          Received 'WALLACE_CSA_DUMMY_OP_group_9038' from server 'localhost_1_1'. (3150 ms elapsed)
        Distributing super-thread jobs: cb_part_10142
          Sending 'cb_part_10142' to server 'localhost_1_5'...
            Sent 'cb_part_10142' to server 'localhost_1_5'.
          Received 'cb_part_10142' from server 'localhost_1_5'. (17082 ms elapsed)
        Distributing super-thread jobs: add_unsigned_427_5_2636 sub_signed_2059 sub_signed_rtlopto_model_42
          Sending 'add_unsigned_427_5_2636' to server 'localhost_1_5'...
            Sent 'add_unsigned_427_5_2636' to server 'localhost_1_5'.
          Sending 'sub_signed_2059' to server 'localhost_1_7'...
            Sent 'sub_signed_2059' to server 'localhost_1_7'.
          Sending 'sub_signed_rtlopto_model_42' to server 'localhost_1_1'...
            Sent 'sub_signed_rtlopto_model_42' to server 'localhost_1_1'.
          Received 'sub_signed_2059' from server 'localhost_1_7'. (125 ms elapsed)
          Received 'sub_signed_rtlopto_model_42' from server 'localhost_1_1'. (166 ms elapsed)
          Received 'add_unsigned_427_5_2636' from server 'localhost_1_5'. (212 ms elapsed)
        Distributing super-thread jobs: cb_part_10151
          Sending 'cb_part_10151' to server 'localhost_1_5'...
            Sent 'cb_part_10151' to server 'localhost_1_5'.
          Received 'cb_part_10151' from server 'localhost_1_5'. (86776 ms elapsed)
        Distributing super-thread jobs: sub_unsigned_1833_2 add_unsigned_427_5 add_unsigned_427_5_2639 add_unsigned_427_5_2638 sub_unsigned_1833_2_2529 sub_unsigned_1833_2_2531 gt_leq_unsigned_88_2551 sub_unsigned_2504_2816 add_unsigned_2094
          Sending 'sub_unsigned_1833_2' to server 'localhost_1_5'...
            Sent 'sub_unsigned_1833_2' to server 'localhost_1_5'.
          Sending 'add_unsigned_427_5' to server 'localhost_1_7'...
            Sent 'add_unsigned_427_5' to server 'localhost_1_7'.
          Sending 'add_unsigned_427_5_2639' to server 'localhost_1_1'...
            Sent 'add_unsigned_427_5_2639' to server 'localhost_1_1'.
          Sending 'add_unsigned_427_5_2638' to server 'localhost_1_2'...
            Sent 'add_unsigned_427_5_2638' to server 'localhost_1_2'.
          Sending 'sub_unsigned_1833_2_2529' to server 'localhost_1_3'...
            Sent 'sub_unsigned_1833_2_2529' to server 'localhost_1_3'.
          Sending 'sub_unsigned_1833_2_2531' to server 'localhost_1_0'...
            Sent 'sub_unsigned_1833_2_2531' to server 'localhost_1_0'.
          Sending 'gt_leq_unsigned_88_2551' to server 'localhost_1_4'...
            Sent 'gt_leq_unsigned_88_2551' to server 'localhost_1_4'.
          Sending 'sub_unsigned_2504_2816' to server 'localhost_1_6'...
            Sent 'sub_unsigned_2504_2816' to server 'localhost_1_6'.
          Received 'sub_unsigned_1833_2' from server 'localhost_1_5'. (239 ms elapsed)
          Sending 'add_unsigned_2094' to server 'localhost_1_5'...
            Sent 'add_unsigned_2094' to server 'localhost_1_5'.
          Received 'sub_unsigned_1833_2_2529' from server 'localhost_1_3'. (190 ms elapsed)
          Received 'add_unsigned_427_5' from server 'localhost_1_7'. (344 ms elapsed)
          Received 'add_unsigned_427_5_2638' from server 'localhost_1_2'. (382 ms elapsed)
          Received 'add_unsigned_427_5_2639' from server 'localhost_1_1'. (408 ms elapsed)
          Received 'sub_unsigned_1833_2_2531' from server 'localhost_1_0'. (494 ms elapsed)
          Received 'gt_leq_unsigned_88_2551' from server 'localhost_1_4'. (520 ms elapsed)
          Received 'sub_unsigned_2504_2816' from server 'localhost_1_6'. (592 ms elapsed)
          Received 'add_unsigned_2094' from server 'localhost_1_5'. (586 ms elapsed)
        Distributing super-thread jobs: mux_ctl_0x_10111 mux_ctl_0x
          Sending 'mux_ctl_0x_10111' to server 'localhost_1_5'...
            Sent 'mux_ctl_0x_10111' to server 'localhost_1_5'.
          Sending 'mux_ctl_0x' to server 'localhost_1_7'...
            Sent 'mux_ctl_0x' to server 'localhost_1_7'.
          Received 'mux_ctl_0x' from server 'localhost_1_7'. (2433 ms elapsed)
          Received 'mux_ctl_0x_10111' from server 'localhost_1_5'. (2587 ms elapsed)
        Distributing super-thread jobs: cb_seq
          Sending 'cb_seq' to server 'localhost_1_5'...
            Sent 'cb_seq' to server 'localhost_1_5'.
          Received 'cb_seq' from server 'localhost_1_5'. (2967 ms elapsed)
==================================
Stage : first_condense 
==================================
  =================
   Message Summary
  =================
------------------------------------------------------------------------------------------------------------------------------------------------------------------------
|   Id   |Sev  |Count |                                                                 Message Text                                                                   |
------------------------------------------------------------------------------------------------------------------------------------------------------------------------
| GB-6   |Info |   14 |A datapath component has been ungrouped.                                                                                                        |
| GLO-12 |Info |  127 |Replacing a flip-flop with a logic constant 0.                                                                                                  |
|        |     |      |To prevent this optimization, set the 'optimize_constant_0_flops' root attribute to 'false' or 'optimize_constant_0_seq' instance attribute to  |
|        |     |      | 'false'. You can also see the complete list of deleted sequential with command 'report sequential -deleted' (on Reason 'constant0').           |
| GLO-34 |Info |    1 |Deleting instances not driving any primary outputs.                                                                                             |
|        |     |      |Optimizations such as constant propagation or redundancy removal could change the connections so a hierarchical instance does not drive any     |
|        |     |      | primary outputs anymore. To see the list of deleted hierarchical instances, set the 'information_level' attribute to 2 or above. If the        |
|        |     |      | message is truncated set the message attribute 'truncate' to false to see the complete list. To prevent this optimization, set the             |
|        |     |      | 'delete_unloaded_insts' root/subdesign attribute to 'false' or 'preserve' instance attribute to 'true'.                                        |
| GLO-45 |Info |  125 |Replacing the synchronous part of an always feeding back flip-flop with a logic constant.                                                       |
|        |     |      |To prevent this optimization, set 'optimize_constant_feedback_seqs' root attribute to 'false'. The instance attribute                           |
|        |     |      | 'optimize_constant_feedback_seq' controls this optimization.                                                                                   |
| GLO-51 |Info |    2 |Hierarchical instance automatically ungrouped.                                                                                                  |
|        |     |      |Hierarchical instances can be automatically ungrouped to allow for better area or timing optimization. To prevent this ungroup, set the         |
|        |     |      | root-level attribute 'auto_ungroup' to 'none'. You can also prevent individual ungroup with setting the attribute 'ungroup_ok' of instances or |
|        |     |      | modules to 'false'.                                                                                                                            |
| ST-110 |Info |    8 |Connection established with super-threading server.                                                                                             |
|        |     |      |The tool is entering super-threading mode and has established a connection with a CPU server process.  This is enabled by the root attributes   |
|        |     |      | 'super_thread_servers' or 'auto_super_thread'.                                                                                                 |
| ST-120 |Info |    1 |Attempting to launch a super-threading server.                                                                                                  |
|        |     |      |The tool is entering super-threading mode and is launching a CPU server process.  This is enabled by the root attribute 'super_thread_servers'  |
|        |     |      | or 'auto_super_thread'.                                                                                                                        |
| ST-128 |Info |    2 |Super thread servers are launched successfully.                                                                                                 |
------------------------------------------------------------------------------------------------------------------------------------------------------------------------
 
Global mapping target info
==========================
Cost Group 'clk' target slack:   164 ps
Target path end-point (Pin: u_lsu_mem_cacheable_q_reg/d)


+-----------+----------+-----+----------------------+---------------------------+
|   Host    | Machine  | CPU | Physical Memory (MB) | Peak Physical Memory (MB) |
+-----------+----------+-----+----------------------+---------------------------+
| localhost | gmicro02 |  8  |        2079.8        |          2092.7           |
+-----------+----------+-----+----------------------+---------------------------+

+---------------+----------------------+---------------------------+
|    Server     | Physical Memory (MB) | Peak Physical Memory (MB) |
+---------------+----------------------+---------------------------+
| localhost_1_4 |       70.2 [1]       |          [1] [2]          |
| localhost_1_1 |      101.5 [1]       |          [1] [2]          |
| localhost_1_6 |       73.0 [1]       |          [1] [2]          |
| localhost_1_2 |      102.3 [1]       |          [1] [2]          |
| localhost_1_0 |      780.6 [3]       |         814.8 [3]         |
| localhost_1_3 |       90.7 [1]       |          [1] [2]          |
| localhost_1_7 |       71.2 [1]       |          [1] [2]          |
| localhost_1_5 |      165.9 [1]       |          [1] [2]          |
+---------------+----------------------+---------------------------+
[1] Memory is included in parent localhost_1_0.
[2] Peak physical memory is not available for forked background servers.
[3] Memory of child processes is included.


State Retention Synthesis Status
================================

Category                        Flops   Percentage
--------------------------------------------------
Total instances                  3967        100.0
Excluded from State Retention    3967        100.0
    - Will not convert           3967        100.0
      - Preserved                   0          0.0
      - Power intent excluded    3967        100.0
    - Could not convert             0          0.0
      - Scan type                   0          0.0
      - No suitable cell            0          0.0
State Retention instances           0          0.0
--------------------------------------------------


+-----------+----------+-----+----------------------+---------------------------+
|   Host    | Machine  | CPU | Physical Memory (MB) | Peak Physical Memory (MB) |
+-----------+----------+-----+----------------------+---------------------------+
| localhost | gmicro02 |  1  |        1723.7        |          2092.7           |
+-----------+----------+-----+----------------------+---------------------------+

+---------------+----------------------+---------------------------+
|    Server     | Physical Memory (MB) | Peak Physical Memory (MB) |
+---------------+----------------------+---------------------------+
| localhost_1_0 |        386.8         |           814.8           |
+---------------+----------------------+---------------------------+

Info    : Using '2' number of super-threading servers using the attribute 'super_thread_servers' could have
          saved '15' more seconds during global map.
PBS_Generic_Opt-Post - Elapsed_Time 458, CPU_Time 439.744891
stamp 'PBS_Generic_Opt-Post' being created for table 'pbs_debug'

  Total Time (Wall) |  Stage Time (Wall)  |   % (Wall)   |    Date - Time     |  Memory   | Stage
--------------------+---------------------+--------------+--------------------+-----------+----------------------
 00:00:25(00:00:26) |  00:00:00(00:00:00) |   0.0(  0.0) |   13:05:35 (Dec02) |  711.1 MB | PBS_Generic-Start
--------------------+---------------------+--------------+--------------------+-----------+----------------------
 00:07:45(00:08:04) |  00:07:19(00:07:38) | 100.0(100.0) |   13:13:13 (Dec02) |   1.74 GB | PBS_Generic_Opt-Post
--------------------+---------------------+--------------+--------------------+-----------+----------------------
Number of threads: 8 * 1   (id: pbs_debug, time_info v1.57)
Info: (*N*) indicates data that was populated from previously saved time_info database
Info: CPU time includes time of parent + longest thread
PBS_Generic-Postgen HBO Optimizations - Elapsed_Time 1, CPU_Time 1.0
stamp 'PBS_Generic-Postgen HBO Optimizations' being created for table 'pbs_debug'

  Total Time (Wall) |  Stage Time (Wall)  |   % (Wall)   |    Date - Time     |  Memory   | Stage
--------------------+---------------------+--------------+--------------------+-----------+----------------------
 00:00:25(00:00:26) |  00:00:00(00:00:00) |   0.0(  0.0) |   13:05:35 (Dec02) |  711.1 MB | PBS_Generic-Start
--------------------+---------------------+--------------+--------------------+-----------+----------------------
 00:07:45(00:08:04) |  00:07:19(00:07:38) |  99.8( 99.8) |   13:13:13 (Dec02) |   1.74 GB | PBS_Generic_Opt-Post
--------------------+---------------------+--------------+--------------------+-----------+----------------------
 00:07:46(00:08:05) |  00:00:01(00:00:01) |   0.2(  0.2) |   13:13:14 (Dec02) |   1.74 GB | PBS_Generic-Postgen HBO Optimizations
--------------------+---------------------+--------------+--------------------+-----------+----------------------
Number of threads: 8 * 1   (id: pbs_debug, time_info v1.57)
Info: (*N*) indicates data that was populated from previously saved time_info database
Info: CPU time includes time of parent + longest thread
##>=================== Cadence Confidential (Generic-Logical) ===================
##>=================== Cadence Confidential (Generic-Logical) ===================
##>Main Thread Summary:
##>----------------------------------------------------------------------------------------
##>STEP                           Elapsed       WNS       TNS     Insts      Area    Memory
##>----------------------------------------------------------------------------------------
##>G:Initial                            2         -         -     58741    252486       711
##>G:Setup                              0         -         -         -         -         -
##>G:Launch ST                          0         -         -         -         -         -
##>G:Design Partition                   0         -         -         -         -         -
##>G:Create Partition Netlists          0         -         -         -         -         -
##>G:Init Power                         0         -         -         -         -         -
##>G:Budgeting                          0         -         -         -         -         -
##>G:Derenv-DB                          0         -         -         -         -         -
##>G:Debug Outputs                      0         -         -         -         -         -
##>G:ST loading                         0         -         -         -         -         -
##>G:Distributed                        0         -         -         -         -         -
##>G:Timer                              0         -         -         -         -         -
##>G:Assembly                           0         -         -         -         -         -
##>G:DFT                                0         -         -         -         -         -
##>G:Const Prop                         1         -         -     55094    173589      1744
##>G:Misc                             458
##>----------------------------------------------------------------------------------------
##>Total Elapsed                      461
##>========================================================================================
Info    : Done synthesizing. [SYNTH-2]
        : Done synthesizing 'riscv_core' to generic gates.
      flow.cputime  flow.realtime  timing.setup.tns  timing.setup.wns  snapshot
UM:*                                                                   syn_gen
@file(riscv_core.tcl) 126: syn_map ${HDL_NAME} 
##Generic Timing Info for library domain: worst typical gate delay: 152.5 ps std_slew: 18.2 ps std_load: 1.0 fF
Current PLE settings:

Aspect ratio        : 1.000
Shrink factor       : 1.000
Scale of res/length : 1.000
Scale of cap/length : 1.000
Net derating factor : 1.000
Thermal factor      : 1.324
Via Resistance      : 0.600 ohm (from qrc_tech_file)
Site size           : 1.910 um (from lef [tech+cell])

                                    Capacitance  
   Layer                             / Length         Data source:
 Name        Direction Utilization  (pF/micron)       qrc_tech_file
-------------------------------------------------
metal1_conn      H         0.00        0.000367  
metal2_conn      V         1.00        0.000317  
metal3_conn      H         1.00        0.000315  
metal4_conn      V         1.00        0.000317  
metal5_conn      H         1.00        0.000317  
metal6_conn      V         1.00        0.000318  
metal7_conn      H         1.00        0.000318  
metal8_conn      V         1.00        0.000315  
metal9_conn      H         1.00        0.001755  
metal10_conn     V         1.00        0.000854  
metal11_conn     H         1.00        0.000739  

                                     Resistance   
   Layer                              / Length         Data source:
 Name        Direction Utilization  (ohm/micron)       qrc_tech_file
--------------------------------------------------
metal1_conn      H         0.00         1.900028  
metal2_conn      V         1.00         1.183743  
metal3_conn      H         1.00         1.183743  
metal4_conn      V         1.00         1.183743  
metal5_conn      H         1.00         1.183743  
metal6_conn      V         1.00         1.183743  
metal7_conn      H         1.00         1.183743  
metal8_conn      V         1.00         0.432387  
metal9_conn      H         1.00         0.432387  
metal10_conn     V         1.00         0.157232  
metal11_conn     H         1.00         0.158932  

                                         Area     
   Layer                               / Length        Data source:
 Name        Direction Utilization     (micron)        lef_library
--------------------------------------------------
Metal1           H         0.00         0.060000  
Metal2           V         1.00         0.080000  
Metal3           H         1.00         0.080000  
Metal4           V         1.00         0.080000  
Metal5           H         1.00         0.080000  
Metal6           V         1.00         0.080000  
Metal7           H         1.00         0.080000  
Metal8           V         1.00         0.080000  
Metal9           H         1.00         0.080000  
Metal10          V         1.00         0.220000  
Metal11          H         1.00         0.220000  

Info    : Mapping. [SYNTH-4]
        : Mapping 'riscv_core' using 'high' effort.
Mapper: Libraries have:
	domain worst: 324 combo usable cells and 84 sequential usable cells
Configuring mapper costing (none)
TNS Restructuring config: no_value at stage: map applied.
PBS_TechMap-Start - Elapsed_Time 0, CPU_Time 0.0
stamp 'PBS_TechMap-Start' being created for table 'pbs_debug'

  Total Time (Wall) |  Stage Time (Wall)  |   % (Wall)   |    Date - Time     |  Memory   | Stage
--------------------+---------------------+--------------+--------------------+-----------+----------------------
 00:00:25(00:00:26) |  00:00:00(00:00:00) |   0.0(  0.0) |   13:05:35 (Dec02) |  711.1 MB | PBS_Generic-Start
--------------------+---------------------+--------------+--------------------+-----------+----------------------
 00:07:45(00:08:04) |  00:07:19(00:07:38) |  99.1( 99.3) |   13:13:13 (Dec02) |   1.74 GB | PBS_Generic_Opt-Post
--------------------+---------------------+--------------+--------------------+-----------+----------------------
 00:07:46(00:08:05) |  00:00:01(00:00:01) |   0.2(  0.2) |   13:13:14 (Dec02) |   1.74 GB | PBS_Generic-Postgen HBO Optimizations
--------------------+---------------------+--------------+--------------------+-----------+----------------------
 00:07:49(00:08:07) |  00:00:03(00:00:02) |   0.7(  0.4) |   13:13:16 (Dec02) |   1.74 GB | PBS_TechMap-Start
--------------------+---------------------+--------------+--------------------+-----------+----------------------
Number of threads: 8 * 1   (id: pbs_debug, time_info v1.57)
Info: (*N*) indicates data that was populated from previously saved time_info database
Info: CPU time includes time of parent + longest thread
PBS_TechMap-Premap HBO Optimizations - Elapsed_Time 1, CPU_Time 1.0
stamp 'PBS_TechMap-Premap HBO Optimizations' being created for table 'pbs_debug'

  Total Time (Wall) |  Stage Time (Wall)  |   % (Wall)   |    Date - Time     |  Memory   | Stage
--------------------+---------------------+--------------+--------------------+-----------+----------------------
 00:00:25(00:00:26) |  00:00:00(00:00:00) |   0.0(  0.0) |   13:05:35 (Dec02) |  711.1 MB | PBS_Generic-Start
--------------------+---------------------+--------------+--------------------+-----------+----------------------
 00:07:45(00:08:04) |  00:07:19(00:07:38) |  98.9( 99.1) |   13:13:13 (Dec02) |   1.74 GB | PBS_Generic_Opt-Post
--------------------+---------------------+--------------+--------------------+-----------+----------------------
 00:07:46(00:08:05) |  00:00:01(00:00:01) |   0.2(  0.2) |   13:13:14 (Dec02) |   1.74 GB | PBS_Generic-Postgen HBO Optimizations
--------------------+---------------------+--------------+--------------------+-----------+----------------------
 00:07:49(00:08:07) |  00:00:03(00:00:02) |   0.7(  0.4) |   13:13:16 (Dec02) |   1.74 GB | PBS_TechMap-Start
--------------------+---------------------+--------------+--------------------+-----------+----------------------
 00:07:50(00:08:08) |  00:00:01(00:00:01) |   0.2(  0.2) |   13:13:17 (Dec02) |   1.74 GB | PBS_TechMap-Premap HBO Optimizations
--------------------+---------------------+--------------+--------------------+-----------+----------------------
Number of threads: 8 * 1   (id: pbs_debug, time_info v1.57)
Info: (*N*) indicates data that was populated from previously saved time_info database
Info: CPU time includes time of parent + longest thread
Info    : Partition Based Synthesis execution skipped. [PHYS-752]
        : Design size is less than the partition size '100000' for distributed mapping optimization to kick in.
Current PLE settings:

Aspect ratio        : 1.000
Shrink factor       : 1.000
Scale of res/length : 1.000
Scale of cap/length : 1.000
Net derating factor : 1.000
Thermal factor      : 1.324
Via Resistance      : 0.600 ohm (from qrc_tech_file)
Site size           : 1.910 um (from lef [tech+cell])

                                    Capacitance  
   Layer                             / Length         Data source:
 Name        Direction Utilization  (pF/micron)       qrc_tech_file
-------------------------------------------------
metal1_conn      H         0.00        0.000367  
metal2_conn      V         1.00        0.000317  
metal3_conn      H         1.00        0.000315  
metal4_conn      V         1.00        0.000317  
metal5_conn      H         1.00        0.000317  
metal6_conn      V         1.00        0.000318  
metal7_conn      H         1.00        0.000318  
metal8_conn      V         1.00        0.000315  
metal9_conn      H         1.00        0.001755  
metal10_conn     V         1.00        0.000854  
metal11_conn     H         1.00        0.000739  

                                     Resistance   
   Layer                              / Length         Data source:
 Name        Direction Utilization  (ohm/micron)       qrc_tech_file
--------------------------------------------------
metal1_conn      H         0.00         1.900028  
metal2_conn      V         1.00         1.183743  
metal3_conn      H         1.00         1.183743  
metal4_conn      V         1.00         1.183743  
metal5_conn      H         1.00         1.183743  
metal6_conn      V         1.00         1.183743  
metal7_conn      H         1.00         1.183743  
metal8_conn      V         1.00         0.432387  
metal9_conn      H         1.00         0.432387  
metal10_conn     V         1.00         0.157232  
metal11_conn     H         1.00         0.158932  

                                         Area     
   Layer                               / Length        Data source:
 Name        Direction Utilization     (micron)        lef_library
--------------------------------------------------
Metal1           H         0.00         0.060000  
Metal2           V         1.00         0.080000  
Metal3           H         1.00         0.080000  
Metal4           V         1.00         0.080000  
Metal5           H         1.00         0.080000  
Metal6           V         1.00         0.080000  
Metal7           H         1.00         0.080000  
Metal8           V         1.00         0.080000  
Metal9           H         1.00         0.080000  
Metal10          V         1.00         0.220000  
Metal11          H         1.00         0.220000  

Mapper: Libraries have:
	domain worst: 324 combo usable cells and 84 sequential usable cells
Updating ST server settings
Info    : Connection established with super-threading server. [ST-110]
        : The server 'localhost_1_8' is forked process '1858677' on this host.
Info    : Connection established with super-threading server. [ST-110]
        : The server 'localhost_1_9' is forked process '1858679' on this host.
Info    : Connection established with super-threading server. [ST-110]
        : The server 'localhost_1_10' is forked process '1858681' on this host.
Info    : Connection established with super-threading server. [ST-110]
        : The server 'localhost_1_11' is forked process '1858683' on this host.
Info    : Connection established with super-threading server. [ST-110]
        : The server 'localhost_1_12' is forked process '1858685' on this host.
Info    : Connection established with super-threading server. [ST-110]
        : The server 'localhost_1_13' is forked process '1858687' on this host.
Info    : Connection established with super-threading server. [ST-110]
        : The server 'localhost_1_14' is forked process '1858689' on this host.
Updating ST server settings
Info    : Connection established with super-threading server. [ST-110]
        : The server 'localhost_1_15' is forked process '1858901' on this host.
Info    : Connection established with super-threading server. [ST-110]
        : The server 'localhost_1_16' is forked process '1858903' on this host.
Info    : Connection established with super-threading server. [ST-110]
        : The server 'localhost_1_17' is forked process '1858905' on this host.
Info    : Connection established with super-threading server. [ST-110]
        : The server 'localhost_1_18' is forked process '1858907' on this host.
Info    : Connection established with super-threading server. [ST-110]
        : The server 'localhost_1_19' is forked process '1858909' on this host.
Info    : Connection established with super-threading server. [ST-110]
        : The server 'localhost_1_20' is forked process '1858911' on this host.
Info    : Connection established with super-threading server. [ST-110]
        : The server 'localhost_1_21' is forked process '1858913' on this host.
        Distributing super-thread jobs: cb_seq cb_part_10161
          Sending 'cb_seq' to server 'localhost_1_20'...
            Sent 'cb_seq' to server 'localhost_1_20'.
          Sending 'cb_part_10161' to server 'localhost_1_19'...
            Sent 'cb_part_10161' to server 'localhost_1_19'.
          Received 'cb_seq' from server 'localhost_1_20'. (2813 ms elapsed)
          Received 'cb_part_10161' from server 'localhost_1_19'. (1738 ms elapsed)
Multi-threaded Virtual Mapping    (8 threads per ST process, 8 of 32 CPUs usable)
        Distributing super-thread jobs: WALLACE_CSA_DUMMY_OP_group_6762 csa_tree_ADD_TC_OP_4_group_2949 WALLACE_CSA_DUMMY_OP_group_9038 WALLACE_CSA_DUMMY_OP_group_11011 WALLACE_CSA_DUMMY_OP_group_12680 sub_unsigned biriscv_decoder biriscv_decoder_2525 increment_unsigned_308_2545_2897 increment_unsigned_308_2545 add_unsigned_2512_2922 add_unsigned_2512 add_unsigned_2092
          Sending 'WALLACE_CSA_DUMMY_OP_group_6762' to server 'localhost_1_20'...
            Sent 'WALLACE_CSA_DUMMY_OP_group_6762' to server 'localhost_1_20'.
          Sending 'csa_tree_ADD_TC_OP_4_group_2949' to server 'localhost_1_19'...
            Sent 'csa_tree_ADD_TC_OP_4_group_2949' to server 'localhost_1_19'.
          Sending 'WALLACE_CSA_DUMMY_OP_group_9038' to server 'localhost_1_18'...
            Sent 'WALLACE_CSA_DUMMY_OP_group_9038' to server 'localhost_1_18'.
          Sending 'WALLACE_CSA_DUMMY_OP_group_11011' to server 'localhost_1_17'...
            Sent 'WALLACE_CSA_DUMMY_OP_group_11011' to server 'localhost_1_17'.
          Sending 'WALLACE_CSA_DUMMY_OP_group_12680' to server 'localhost_1_21'...
            Sent 'WALLACE_CSA_DUMMY_OP_group_12680' to server 'localhost_1_21'.
          Sending 'sub_unsigned' to server 'localhost_1_15'...
            Sent 'sub_unsigned' to server 'localhost_1_15'.
          Sending 'biriscv_decoder' to server 'localhost_1_16'...
            Sent 'biriscv_decoder' to server 'localhost_1_16'.
          Sending 'biriscv_decoder_2525' to server 'localhost_1_0'...
            Sent 'biriscv_decoder_2525' to server 'localhost_1_0'.
          Received 'sub_unsigned' from server 'localhost_1_15'. (565 ms elapsed)
          Sending 'increment_unsigned_308_2545_2897' to server 'localhost_1_15'...
            Sent 'increment_unsigned_308_2545_2897' to server 'localhost_1_15'.
          Received 'biriscv_decoder' from server 'localhost_1_16'. (665 ms elapsed)
          Sending 'increment_unsigned_308_2545' to server 'localhost_1_16'...
            Sent 'increment_unsigned_308_2545' to server 'localhost_1_16'.
          Received 'WALLACE_CSA_DUMMY_OP_group_12680' from server 'localhost_1_21'. (875 ms elapsed)
          Sending 'add_unsigned_2512_2922' to server 'localhost_1_21'...
            Sent 'add_unsigned_2512_2922' to server 'localhost_1_21'.
          Received 'add_unsigned_2512_2922' from server 'localhost_1_21'. (111 ms elapsed)
          Sending 'add_unsigned_2512' to server 'localhost_1_21'...
            Sent 'add_unsigned_2512' to server 'localhost_1_21'.
          Received 'WALLACE_CSA_DUMMY_OP_group_9038' from server 'localhost_1_18'. (1107 ms elapsed)
          Sending 'add_unsigned_2092' to server 'localhost_1_18'...
            Sent 'add_unsigned_2092' to server 'localhost_1_18'.
          Received 'WALLACE_CSA_DUMMY_OP_group_6762' from server 'localhost_1_20'. (1396 ms elapsed)
          Received 'increment_unsigned_308_2545' from server 'localhost_1_16'. (508 ms elapsed)
          Received 'WALLACE_CSA_DUMMY_OP_group_11011' from server 'localhost_1_17'. (1299 ms elapsed)
          Received 'csa_tree_ADD_TC_OP_4_group_2949' from server 'localhost_1_19'. (1427 ms elapsed)
          Received 'add_unsigned_2512' from server 'localhost_1_21'. (504 ms elapsed)
          Received 'add_unsigned_2092' from server 'localhost_1_18'. (511 ms elapsed)
          Received 'biriscv_decoder_2525' from server 'localhost_1_0'. (1430 ms elapsed)
          Received 'increment_unsigned_308_2545_2897' from server 'localhost_1_15'. (1309 ms elapsed)
        Distributing super-thread jobs: cb_part_10161
          Sending 'cb_part_10161' to server 'localhost_1_20'...
            Sent 'cb_part_10161' to server 'localhost_1_20'.
          Received 'cb_part_10161' from server 'localhost_1_20'. (43649 ms elapsed)
        Distributing super-thread jobs: biriscv_alu biriscv_alu_1234 add_unsigned_427_5_2639 add_unsigned_427_5_2638 sub_signed_rtlopto_model_42 sub_signed_2059 sub_unsigned_2504_2816 sub_unsigned_2504 add_unsigned_2094
          Sending 'biriscv_alu' to server 'localhost_1_20'...
            Sent 'biriscv_alu' to server 'localhost_1_20'.
          Sending 'biriscv_alu_1234' to server 'localhost_1_19'...
            Sent 'biriscv_alu_1234' to server 'localhost_1_19'.
          Sending 'add_unsigned_427_5_2639' to server 'localhost_1_18'...
            Sent 'add_unsigned_427_5_2639' to server 'localhost_1_18'.
          Sending 'add_unsigned_427_5_2638' to server 'localhost_1_17'...
            Sent 'add_unsigned_427_5_2638' to server 'localhost_1_17'.
          Sending 'sub_signed_rtlopto_model_42' to server 'localhost_1_21'...
            Sent 'sub_signed_rtlopto_model_42' to server 'localhost_1_21'.
          Sending 'sub_signed_2059' to server 'localhost_1_15'...
            Sent 'sub_signed_2059' to server 'localhost_1_15'.
          Sending 'sub_unsigned_2504_2816' to server 'localhost_1_16'...
            Sent 'sub_unsigned_2504_2816' to server 'localhost_1_16'.
          Sending 'sub_unsigned_2504' to server 'localhost_1_0'...
            Sent 'sub_unsigned_2504' to server 'localhost_1_0'.
          Received 'sub_signed_rtlopto_model_42' from server 'localhost_1_21'. (215 ms elapsed)
          Sending 'add_unsigned_2094' to server 'localhost_1_21'...
            Sent 'add_unsigned_2094' to server 'localhost_1_21'.
          Received 'add_unsigned_427_5_2639' from server 'localhost_1_18'. (263 ms elapsed)
          Received 'add_unsigned_427_5_2638' from server 'localhost_1_17'. (301 ms elapsed)
          Received 'add_unsigned_2094' from server 'localhost_1_21'. (107 ms elapsed)
          Received 'sub_signed_2059' from server 'localhost_1_15'. (550 ms elapsed)
          Received 'sub_unsigned_2504' from server 'localhost_1_0'. (541 ms elapsed)
          Received 'sub_unsigned_2504_2816' from server 'localhost_1_16'. (553 ms elapsed)
          Received 'biriscv_alu' from server 'localhost_1_20'. (2157 ms elapsed)
          Received 'biriscv_alu_1234' from server 'localhost_1_19'. (2278 ms elapsed)
        Distributing super-thread jobs: cb_seq
          Sending 'cb_seq' to server 'localhost_1_20'...
            Sent 'cb_seq' to server 'localhost_1_20'.
          Received 'cb_seq' from server 'localhost_1_20'. (51514 ms elapsed)
 
Global mapping target info
==========================
Cost Group 'clk' target slack:   137 ps
Target path end-point (Pin: u_lsu_mem_cacheable_q_reg/d)

Multi-threaded Technology Mapping (8 threads per ST process, 8 of 32 CPUs usable)
        Distributing super-thread jobs: cb_seq
          Sending 'cb_seq' to server 'localhost_1_20'...
            Sent 'cb_seq' to server 'localhost_1_20'.
          Received 'cb_seq' from server 'localhost_1_20'. (41353 ms elapsed)
        Distributing super-thread jobs: biriscv_alu biriscv_alu_1234 add_unsigned_427_5_2639 add_unsigned_427_5_2638 sub_signed_rtlopto_model_42 sub_signed_2059 sub_unsigned_2504_2816 sub_unsigned_2504 add_unsigned_2094
          Sending 'biriscv_alu' to server 'localhost_1_20'...
            Sent 'biriscv_alu' to server 'localhost_1_20'.
          Sending 'biriscv_alu_1234' to server 'localhost_1_19'...
            Sent 'biriscv_alu_1234' to server 'localhost_1_19'.
          Sending 'add_unsigned_427_5_2639' to server 'localhost_1_18'...
            Sent 'add_unsigned_427_5_2639' to server 'localhost_1_18'.
          Sending 'add_unsigned_427_5_2638' to server 'localhost_1_17'...
            Sent 'add_unsigned_427_5_2638' to server 'localhost_1_17'.
          Sending 'sub_signed_rtlopto_model_42' to server 'localhost_1_21'...
            Sent 'sub_signed_rtlopto_model_42' to server 'localhost_1_21'.
          Sending 'sub_signed_2059' to server 'localhost_1_15'...
            Sent 'sub_signed_2059' to server 'localhost_1_15'.
          Sending 'sub_unsigned_2504_2816' to server 'localhost_1_16'...
            Sent 'sub_unsigned_2504_2816' to server 'localhost_1_16'.
          Sending 'sub_unsigned_2504' to server 'localhost_1_0'...
            Sent 'sub_unsigned_2504' to server 'localhost_1_0'.
          Received 'sub_signed_rtlopto_model_42' from server 'localhost_1_21'. (466 ms elapsed)
          Sending 'add_unsigned_2094' to server 'localhost_1_21'...
            Sent 'add_unsigned_2094' to server 'localhost_1_21'.
          Received 'sub_signed_2059' from server 'localhost_1_15'. (943 ms elapsed)
          Received 'biriscv_alu_1234' from server 'localhost_1_19'. (3011 ms elapsed)
          Received 'add_unsigned_427_5_2639' from server 'localhost_1_18'. (3159 ms elapsed)
          Received 'biriscv_alu' from server 'localhost_1_20'. (3530 ms elapsed)
          Received 'add_unsigned_2094' from server 'localhost_1_21'. (3209 ms elapsed)
          Received 'sub_unsigned_2504' from server 'localhost_1_0'. (4542 ms elapsed)
          Received 'sub_unsigned_2504_2816' from server 'localhost_1_16'. (4877 ms elapsed)
          Received 'add_unsigned_427_5_2638' from server 'localhost_1_17'. (4995 ms elapsed)
        Distributing super-thread jobs: cb_part_10161
          Sending 'cb_part_10161' to server 'localhost_1_20'...
            Sent 'cb_part_10161' to server 'localhost_1_20'.
          Received 'cb_part_10161' from server 'localhost_1_20'. (27859 ms elapsed)
        Distributing super-thread jobs: WALLACE_CSA_DUMMY_OP_group_6762 csa_tree_ADD_TC_OP_4_group_2949 WALLACE_CSA_DUMMY_OP_group_9038 WALLACE_CSA_DUMMY_OP_group_11011 WALLACE_CSA_DUMMY_OP_group_12680 sub_unsigned increment_unsigned_308_2545 increment_unsigned_308_2545_2897 biriscv_decoder_2525 biriscv_decoder add_unsigned_2512 add_unsigned_2512_2922 add_unsigned_2092
          Sending 'WALLACE_CSA_DUMMY_OP_group_6762' to server 'localhost_1_20'...
            Sent 'WALLACE_CSA_DUMMY_OP_group_6762' to server 'localhost_1_20'.
          Sending 'csa_tree_ADD_TC_OP_4_group_2949' to server 'localhost_1_19'...
            Sent 'csa_tree_ADD_TC_OP_4_group_2949' to server 'localhost_1_19'.
          Sending 'WALLACE_CSA_DUMMY_OP_group_9038' to server 'localhost_1_18'...
            Sent 'WALLACE_CSA_DUMMY_OP_group_9038' to server 'localhost_1_18'.
          Sending 'WALLACE_CSA_DUMMY_OP_group_11011' to server 'localhost_1_17'...
            Sent 'WALLACE_CSA_DUMMY_OP_group_11011' to server 'localhost_1_17'.
          Sending 'WALLACE_CSA_DUMMY_OP_group_12680' to server 'localhost_1_21'...
            Sent 'WALLACE_CSA_DUMMY_OP_group_12680' to server 'localhost_1_21'.
          Sending 'sub_unsigned' to server 'localhost_1_15'...
            Sent 'sub_unsigned' to server 'localhost_1_15'.
          Sending 'increment_unsigned_308_2545' to server 'localhost_1_16'...
            Sent 'increment_unsigned_308_2545' to server 'localhost_1_16'.
          Sending 'increment_unsigned_308_2545_2897' to server 'localhost_1_0'...
            Sent 'increment_unsigned_308_2545_2897' to server 'localhost_1_0'.
          Received 'increment_unsigned_308_2545_2897' from server 'localhost_1_0'. (768 ms elapsed)
          Sending 'biriscv_decoder_2525' to server 'localhost_1_0'...
            Sent 'biriscv_decoder_2525' to server 'localhost_1_0'.
          Received 'increment_unsigned_308_2545' from server 'localhost_1_16'. (1355 ms elapsed)
          Sending 'biriscv_decoder' to server 'localhost_1_16'...
            Sent 'biriscv_decoder' to server 'localhost_1_16'.
          Received 'biriscv_decoder_2525' from server 'localhost_1_0'. (1329 ms elapsed)
          Sending 'add_unsigned_2512' to server 'localhost_1_0'...
            Sent 'add_unsigned_2512' to server 'localhost_1_0'.
          Received 'sub_unsigned' from server 'localhost_1_15'. (3273 ms elapsed)
          Sending 'add_unsigned_2512_2922' to server 'localhost_1_15'...
            Sent 'add_unsigned_2512_2922' to server 'localhost_1_15'.
          Received 'add_unsigned_2512' from server 'localhost_1_0'. (1259 ms elapsed)
          Sending 'add_unsigned_2092' to server 'localhost_1_0'...
            Sent 'add_unsigned_2092' to server 'localhost_1_0'.
          Received 'biriscv_decoder' from server 'localhost_1_16'. (2632 ms elapsed)
          Received 'add_unsigned_2092' from server 'localhost_1_0'. (572 ms elapsed)
          Received 'WALLACE_CSA_DUMMY_OP_group_12680' from server 'localhost_1_21'. (5200 ms elapsed)
          Received 'WALLACE_CSA_DUMMY_OP_group_11011' from server 'localhost_1_17'. (5561 ms elapsed)
          Received 'WALLACE_CSA_DUMMY_OP_group_9038' from server 'localhost_1_18'. (5785 ms elapsed)
          Received 'csa_tree_ADD_TC_OP_4_group_2949' from server 'localhost_1_19'. (6101 ms elapsed)
          Received 'WALLACE_CSA_DUMMY_OP_group_6762' from server 'localhost_1_20'. (6383 ms elapsed)
          Received 'add_unsigned_2512_2922' from server 'localhost_1_15'. (3632 ms elapsed)
 
Global mapping status
=====================
                                   Group   
                                  Tot Wrst 
                           Total  Weighted 
Operation                   Area   Slacks  
 global_map               157946     -259 
            Worst cost_group: clk, WNS: -259.8
            Path: u_frontend_u_decode_genblk1.u_fifo_rd_ptr_q_reg[0]/CK -->
                    u_issue_pc_x_q_reg[3]/D

    Cost Group            Target    Slack    Diff.  Constr.
-----------------------------------------------------------
           clk               137     -260      -7%     5990 

 
Global incremental target info
==============================
Cost Group 'clk' target slack:  -260 ps
Target path end-point (Pin: u_issue_pc_x_q_reg[30]/D (DFFRHQX8/D))

              Distributing super-thread jobs: cb_seq
                Sending 'cb_seq' to server 'localhost_1_20'...
                  Sent 'cb_seq' to server 'localhost_1_20'.
                Received 'cb_seq' from server 'localhost_1_20'. (33194 ms elapsed)
              Distributing super-thread jobs: biriscv_alu_1234 biriscv_alu add_unsigned_427_5_2639 add_unsigned_427_5_2638
                Sending 'biriscv_alu_1234' to server 'localhost_1_20'...
                  Sent 'biriscv_alu_1234' to server 'localhost_1_20'.
                Sending 'biriscv_alu' to server 'localhost_1_19'...
                  Sent 'biriscv_alu' to server 'localhost_1_19'.
                Sending 'add_unsigned_427_5_2639' to server 'localhost_1_18'...
                  Sent 'add_unsigned_427_5_2639' to server 'localhost_1_18'.
                Sending 'add_unsigned_427_5_2638' to server 'localhost_1_17'...
                  Sent 'add_unsigned_427_5_2638' to server 'localhost_1_17'.
                Received 'add_unsigned_427_5_2639' from server 'localhost_1_18'. (339 ms elapsed)
                Received 'add_unsigned_427_5_2638' from server 'localhost_1_17'. (340 ms elapsed)
                Received 'biriscv_alu' from server 'localhost_1_19'. (1947 ms elapsed)
                Received 'biriscv_alu_1234' from server 'localhost_1_20'. (2049 ms elapsed)
              Distributing super-thread jobs: cb_part_10161 WALLACE_CSA_DUMMY_OP_group_6762 csa_tree_ADD_TC_OP_4_group_2949 WALLACE_CSA_DUMMY_OP_group_9038 WALLACE_CSA_DUMMY_OP_group_11011 WALLACE_CSA_DUMMY_OP_group_12680
                Sending 'cb_part_10161' to server 'localhost_1_20'...
                  Sent 'cb_part_10161' to server 'localhost_1_20'.
                Sending 'WALLACE_CSA_DUMMY_OP_group_6762' to server 'localhost_1_19'...
                  Sent 'WALLACE_CSA_DUMMY_OP_group_6762' to server 'localhost_1_19'.
                Sending 'csa_tree_ADD_TC_OP_4_group_2949' to server 'localhost_1_18'...
                  Sent 'csa_tree_ADD_TC_OP_4_group_2949' to server 'localhost_1_18'.
                Sending 'WALLACE_CSA_DUMMY_OP_group_9038' to server 'localhost_1_17'...
                  Sent 'WALLACE_CSA_DUMMY_OP_group_9038' to server 'localhost_1_17'.
                Sending 'WALLACE_CSA_DUMMY_OP_group_11011' to server 'localhost_1_21'...
                  Sent 'WALLACE_CSA_DUMMY_OP_group_11011' to server 'localhost_1_21'.
                Sending 'WALLACE_CSA_DUMMY_OP_group_12680' to server 'localhost_1_15'...
                  Sent 'WALLACE_CSA_DUMMY_OP_group_12680' to server 'localhost_1_15'.
                Received 'WALLACE_CSA_DUMMY_OP_group_6762' from server 'localhost_1_19'. (341 ms elapsed)
                Received 'csa_tree_ADD_TC_OP_4_group_2949' from server 'localhost_1_18'. (323 ms elapsed)
                Received 'WALLACE_CSA_DUMMY_OP_group_12680' from server 'localhost_1_15'. (274 ms elapsed)
                Received 'WALLACE_CSA_DUMMY_OP_group_9038' from server 'localhost_1_17'. (333 ms elapsed)
                Received 'WALLACE_CSA_DUMMY_OP_group_11011' from server 'localhost_1_21'. (373 ms elapsed)
                Received 'cb_part_10161' from server 'localhost_1_20'. (19055 ms elapsed)
==================================
Stage : global_incr_map 
==================================
  =================
   Message Summary
  =================
------------------------------------------------------------------------------------------------------------------------------------------------------------------------
|    Id    |Sev  |Count |                                                                Message Text                                                                  |
------------------------------------------------------------------------------------------------------------------------------------------------------------------------
| GLO-51   |Info |   15 |Hierarchical instance automatically ungrouped.                                                                                                |
|          |     |      |Hierarchical instances can be automatically ungrouped to allow for better area or timing optimization. To prevent this ungroup, set the       |
|          |     |      | root-level attribute 'auto_ungroup' to 'none'. You can also prevent individual ungroup with setting the attribute 'ungroup_ok' of instances  |
|          |     |      | or modules to 'false'.                                                                                                                       |
| LBR-155  |Info |  528 |Mismatch in unateness between 'timing_sense' attribute and the function.                                                                      |
|          |     |      |The 'timing_sense' attribute will be respected.                                                                                               |
| PA-7     |Info |   36 |Resetting power analysis results.                                                                                                             |
|          |     |      |All computed switching activities are removed.                                                                                                |
| PHYS-752 |Info |    1 |Partition Based Synthesis execution skipped.                                                                                                  |
| ST-110   |Info |   14 |Connection established with super-threading server.                                                                                           |
|          |     |      |The tool is entering super-threading mode and has established a connection with a CPU server process.  This is enabled by the root attributes |
|          |     |      | 'super_thread_servers' or 'auto_super_thread'.                                                                                               |
| ST-112   |Info |   14 |A super-threading server has been shut down normally.                                                                                         |
|          |     |      |A super-threaded optimization is complete and a CPU server was successfully shut down.                                                        |
| ST-128   |Info |    2 |Super thread servers are launched successfully.                                                                                               |
| SYNTH-2  |Info |    1 |Done synthesizing.                                                                                                                            |
| SYNTH-4  |Info |    1 |Mapping.                                                                                                                                      |
------------------------------------------------------------------------------------------------------------------------------------------------------------------------
 
Global incremental optimization status
======================================
                                   Group   
                                  Tot Wrst 
                           Total  Weighted 
Operation                   Area   Slacks  
 global_incr              135550     -363 
            Worst cost_group: clk, WNS: -363.7
            Path: mem_d_ack_i --> u_issue_pc_x_q_reg[2]/D

    Cost Group            Target    Slack    Diff.  Constr.
-----------------------------------------------------------
           clk              -260     -364      -2%     5990 


+-----------+----------+-----+----------------------+---------------------------+
|   Host    | Machine  | CPU | Physical Memory (MB) | Peak Physical Memory (MB) |
+-----------+----------+-----+----------------------+---------------------------+
| localhost | gmicro02 |  8  |        2046.7        |          2092.7           |
+-----------+----------+-----+----------------------+---------------------------+

+----------------+----------------------+---------------------------+
|     Server     | Physical Memory (MB) | Peak Physical Memory (MB) |
+----------------+----------------------+---------------------------+
| localhost_1_21 |       73.2 [1]       |          [1] [2]          |
| localhost_1_15 |       78.0 [1]       |          [1] [2]          |
| localhost_1_16 |       68.2 [1]       |          [1] [2]          |
| localhost_1_17 |       74.2 [1]       |          [1] [2]          |
| localhost_1_20 |      217.0 [1]       |          [1] [2]          |
| localhost_1_0  |      775.7 [3]       |         814.8 [3]         |
| localhost_1_19 |       78.8 [1]       |          [1] [2]          |
| localhost_1_18 |       84.1 [1]       |          [1] [2]          |
+----------------+----------------------+---------------------------+
[1] Memory is included in parent localhost_1_0.
[2] Peak physical memory is not available for forked background servers.
[3] Memory of child processes is included.


State Retention Synthesis Status
================================

Category                        Flops   Percentage
--------------------------------------------------
Total instances                  3967        100.0
Excluded from State Retention    3967        100.0
    - Will not convert           3967        100.0
      - Preserved                   0          0.0
      - Power intent excluded    3967        100.0
    - Could not convert             0          0.0
      - Scan type                   0          0.0
      - No suitable cell            0          0.0
State Retention instances           0          0.0
--------------------------------------------------

INFO: skipping constant propagation
PBS_Techmap-Global Mapping - Elapsed_Time 286, CPU_Time 272.55802100000005
stamp 'PBS_Techmap-Global Mapping' being created for table 'pbs_debug'

  Total Time (Wall) |  Stage Time (Wall)  |   % (Wall)   |    Date - Time     |  Memory   | Stage
--------------------+---------------------+--------------+--------------------+-----------+----------------------
 00:00:25(00:00:26) |  00:00:00(00:00:00) |   0.0(  0.0) |   13:05:35 (Dec02) |  711.1 MB | PBS_Generic-Start
--------------------+---------------------+--------------+--------------------+-----------+----------------------
 00:07:45(00:08:04) |  00:07:19(00:07:38) |  61.3( 61.2) |   13:13:13 (Dec02) |   1.74 GB | PBS_Generic_Opt-Post
--------------------+---------------------+--------------+--------------------+-----------+----------------------
 00:07:46(00:08:05) |  00:00:01(00:00:01) |   0.1(  0.1) |   13:13:14 (Dec02) |   1.74 GB | PBS_Generic-Postgen HBO Optimizations
--------------------+---------------------+--------------+--------------------+-----------+----------------------
 00:07:49(00:08:07) |  00:00:03(00:00:02) |   0.4(  0.3) |   13:13:16 (Dec02) |   1.74 GB | PBS_TechMap-Start
--------------------+---------------------+--------------+--------------------+-----------+----------------------
 00:07:50(00:08:08) |  00:00:01(00:00:01) |   0.1(  0.1) |   13:13:17 (Dec02) |   1.74 GB | PBS_TechMap-Premap HBO Optimizations
--------------------+---------------------+--------------+--------------------+-----------+----------------------
 00:12:22(00:12:54) |  00:04:32(00:04:46) |  38.0( 38.2) |   13:18:03 (Dec02) |   1.69 GB | PBS_Techmap-Global Mapping
--------------------+---------------------+--------------+--------------------+-----------+----------------------
Number of threads: 8 * 1   (id: pbs_debug, time_info v1.57)
Info: (*N*) indicates data that was populated from previously saved time_info database
Info: CPU time includes time of parent + longest thread
Info    : Wrote formal verification information. [CFM-5]
        : Wrote 'fv/riscv_core/fv_map.fv.json' for netlist 'fv/riscv_core/fv_map.v.gz'.
Info    : Existing dofile found. Copied as fv/riscv_core/rtl_to_fv_map.do~.
Info    : Wrote dofile. [CFM-1]
        : Dofile is 'fv/riscv_core/rtl_to_fv_map.do'.
        : Alias mapping flow is enabled.
PBS_TechMap-Datapath Postmap Operations - Elapsed_Time 6, CPU_Time 5.724995000000035
stamp 'PBS_TechMap-Datapath Postmap Operations' being created for table 'pbs_debug'

  Total Time (Wall) |  Stage Time (Wall)  |   % (Wall)   |    Date - Time     |  Memory   | Stage
--------------------+---------------------+--------------+--------------------+-----------+----------------------
 00:00:25(00:00:26) |  00:00:00(00:00:00) |   0.0(  0.0) |   13:05:35 (Dec02) |  711.1 MB | PBS_Generic-Start
--------------------+---------------------+--------------+--------------------+-----------+----------------------
 00:07:45(00:08:04) |  00:07:19(00:07:38) |  60.8( 60.7) |   13:13:13 (Dec02) |   1.74 GB | PBS_Generic_Opt-Post
--------------------+---------------------+--------------+--------------------+-----------+----------------------
 00:07:46(00:08:05) |  00:00:01(00:00:01) |   0.1(  0.1) |   13:13:14 (Dec02) |   1.74 GB | PBS_Generic-Postgen HBO Optimizations
--------------------+---------------------+--------------+--------------------+-----------+----------------------
 00:07:49(00:08:07) |  00:00:03(00:00:02) |   0.4(  0.3) |   13:13:16 (Dec02) |   1.74 GB | PBS_TechMap-Start
--------------------+---------------------+--------------+--------------------+-----------+----------------------
 00:07:50(00:08:08) |  00:00:01(00:00:01) |   0.1(  0.1) |   13:13:17 (Dec02) |   1.74 GB | PBS_TechMap-Premap HBO Optimizations
--------------------+---------------------+--------------+--------------------+-----------+----------------------
 00:12:22(00:12:54) |  00:04:32(00:04:46) |  37.7( 37.9) |   13:18:03 (Dec02) |   1.69 GB | PBS_Techmap-Global Mapping
--------------------+---------------------+--------------+--------------------+-----------+----------------------
 00:12:28(00:13:00) |  00:00:05(00:00:06) |   0.8(  0.8) |   13:18:09 (Dec02) |   1.69 GB | PBS_TechMap-Datapath Postmap Operations
--------------------+---------------------+--------------+--------------------+-----------+----------------------
Number of threads: 8 * 1   (id: pbs_debug, time_info v1.57)
Info: (*N*) indicates data that was populated from previously saved time_info database
Info: CPU time includes time of parent + longest thread
PBS_TechMap-Postmap HBO Optimizations - Elapsed_Time 0, CPU_Time 0.7069819999999254
stamp 'PBS_TechMap-Postmap HBO Optimizations' being created for table 'pbs_debug'

  Total Time (Wall) |  Stage Time (Wall)  |   % (Wall)   |    Date - Time     |  Memory   | Stage
--------------------+---------------------+--------------+--------------------+-----------+----------------------
 00:00:25(00:00:26) |  00:00:00(00:00:00) |   0.0(  0.0) |   13:05:35 (Dec02) |  711.1 MB | PBS_Generic-Start
--------------------+---------------------+--------------+--------------------+-----------+----------------------
 00:07:45(00:08:04) |  00:07:19(00:07:38) |  60.8( 60.7) |   13:13:13 (Dec02) |   1.74 GB | PBS_Generic_Opt-Post
--------------------+---------------------+--------------+--------------------+-----------+----------------------
 00:07:46(00:08:05) |  00:00:01(00:00:01) |   0.1(  0.1) |   13:13:14 (Dec02) |   1.74 GB | PBS_Generic-Postgen HBO Optimizations
--------------------+---------------------+--------------+--------------------+-----------+----------------------
 00:07:49(00:08:07) |  00:00:03(00:00:02) |   0.4(  0.3) |   13:13:16 (Dec02) |   1.74 GB | PBS_TechMap-Start
--------------------+---------------------+--------------+--------------------+-----------+----------------------
 00:07:50(00:08:08) |  00:00:01(00:00:01) |   0.1(  0.1) |   13:13:17 (Dec02) |   1.74 GB | PBS_TechMap-Premap HBO Optimizations
--------------------+---------------------+--------------+--------------------+-----------+----------------------
 00:12:22(00:12:54) |  00:04:32(00:04:46) |  37.7( 37.9) |   13:18:03 (Dec02) |   1.69 GB | PBS_Techmap-Global Mapping
--------------------+---------------------+--------------+--------------------+-----------+----------------------
 00:12:28(00:13:00) |  00:00:05(00:00:06) |   0.8(  0.8) |   13:18:09 (Dec02) |   1.69 GB | PBS_TechMap-Datapath Postmap Operations
--------------------+---------------------+--------------+--------------------+-----------+----------------------
 00:12:29(00:13:00) |  00:00:00(00:00:00) |   0.1(  0.0) |   13:18:09 (Dec02) |   1.69 GB | PBS_TechMap-Postmap HBO Optimizations
--------------------+---------------------+--------------+--------------------+-----------+----------------------
Number of threads: 8 * 1   (id: pbs_debug, time_info v1.57)
Info: (*N*) indicates data that was populated from previously saved time_info database
Info: CPU time includes time of parent + longest thread
 Doing ConstProp on design:riscv_core ... 

Time taken by ConstProp Step: 00:00:03
PBS_TechMap-Postmap Clock Gating - Elapsed_Time 4, CPU_Time 3.0
stamp 'PBS_TechMap-Postmap Clock Gating' being created for table 'pbs_debug'

  Total Time (Wall) |  Stage Time (Wall)  |   % (Wall)   |    Date - Time     |  Memory   | Stage
--------------------+---------------------+--------------+--------------------+-----------+----------------------
 00:00:25(00:00:26) |  00:00:00(00:00:00) |   0.0(  0.0) |   13:05:35 (Dec02) |  711.1 MB | PBS_Generic-Start
--------------------+---------------------+--------------+--------------------+-----------+----------------------
 00:07:45(00:08:04) |  00:07:19(00:07:38) |  60.5( 60.4) |   13:13:13 (Dec02) |   1.74 GB | PBS_Generic_Opt-Post
--------------------+---------------------+--------------+--------------------+-----------+----------------------
 00:07:46(00:08:05) |  00:00:01(00:00:01) |   0.1(  0.1) |   13:13:14 (Dec02) |   1.74 GB | PBS_Generic-Postgen HBO Optimizations
--------------------+---------------------+--------------+--------------------+-----------+----------------------
 00:07:49(00:08:07) |  00:00:03(00:00:02) |   0.4(  0.3) |   13:13:16 (Dec02) |   1.74 GB | PBS_TechMap-Start
--------------------+---------------------+--------------+--------------------+-----------+----------------------
 00:07:50(00:08:08) |  00:00:01(00:00:01) |   0.1(  0.1) |   13:13:17 (Dec02) |   1.74 GB | PBS_TechMap-Premap HBO Optimizations
--------------------+---------------------+--------------+--------------------+-----------+----------------------
 00:12:22(00:12:54) |  00:04:32(00:04:46) |  37.5( 37.7) |   13:18:03 (Dec02) |   1.69 GB | PBS_Techmap-Global Mapping
--------------------+---------------------+--------------+--------------------+-----------+----------------------
 00:12:28(00:13:00) |  00:00:05(00:00:06) |   0.8(  0.8) |   13:18:09 (Dec02) |   1.69 GB | PBS_TechMap-Datapath Postmap Operations
--------------------+---------------------+--------------+--------------------+-----------+----------------------
 00:12:29(00:13:00) |  00:00:00(00:00:00) |   0.1(  0.0) |   13:18:09 (Dec02) |   1.69 GB | PBS_TechMap-Postmap HBO Optimizations
--------------------+---------------------+--------------+--------------------+-----------+----------------------
 00:12:32(00:13:04) |  00:00:03(00:00:04) |   0.4(  0.5) |   13:18:13 (Dec02) |   1.69 GB | PBS_TechMap-Postmap Clock Gating
--------------------+---------------------+--------------+--------------------+-----------+----------------------
Number of threads: 8 * 1   (id: pbs_debug, time_info v1.57)
Info: (*N*) indicates data that was populated from previously saved time_info database
Info: CPU time includes time of parent + longest thread
-------------------------------------------------------------------------------
 hi_fo_buf                135540     -364   -235721       336        0
            Worst cost_group: clk, WNS: -364.9
            Path: u_frontend_u_decode_genblk1.u_fifo_rd_ptr_q_reg[0]/CK -->
                    u_lsu_mem_data_wr_q_reg[16]/D

           Trick     Calls     Accepts   Attempts    Time(secs) 
-----------------------------------------------------------
       hi_fo_buf         1  (        0 /        0 )  0.02

 
Incremental optimization status
===============================
                                   Group   
                                  Tot Wrst     Total - - DRC Totals - -
                           Total  Weighted      Neg      Max       Max 
Operation                   Area   Slacks      Slack    Trans      Cap 
 init_delay               135540     -364   -235721       336        0
            Worst cost_group: clk, WNS: -364.9
            Path: u_frontend_u_decode_genblk1.u_fifo_rd_ptr_q_reg[0]/CK -->
                    u_lsu_mem_data_wr_q_reg[16]/D
 incr_delay               138284     -120    -50941      1285        0
            Worst cost_group: clk, WNS: -120.8
            Path: u_frontend_u_decode_genblk1.u_fifo_rd_ptr_q_reg[0]/CK -->
                    u_lsu_mem_cacheable_q_reg/D
 incr_delay               140017      -66    -25581      2190        0
            Worst cost_group: clk, WNS: -66.4
            Path: u_frontend_u_decode_genblk1.u_fifo_rd_ptr_q_reg[0]/CK -->
                    u_issue_pc_x_q_reg[4]/D
 incr_delay               141003      -52    -19367      2440        0
            Worst cost_group: clk, WNS: -52.6
            Path: u_frontend_u_decode_genblk1.u_fifo_rd_ptr_q_reg[0]/CK -->
                    u_lsu_mem_cacheable_q_reg/D
 incr_delay               141493      -47    -14978      2202        0
            Worst cost_group: clk, WNS: -47.5
            Path: u_frontend_u_decode_genblk1.u_fifo_rd_ptr_q_reg[0]/CK -->
                    u_issue_pc_x_q_reg[13]/D
 incr_delay               141882      -40    -13293      2150        0
            Worst cost_group: clk, WNS: -40.9
            Path: u_frontend_u_decode_genblk1.u_fifo_rd_ptr_q_reg[0]/CK -->
                    u_lsu_mem_cacheable_q_reg/D
 incr_delay               141992      -37    -11651      2249        0
            Worst cost_group: clk, WNS: -37.0
            Path: u_frontend_u_decode_genblk1.u_fifo_rd_ptr_q_reg[0]/CK -->
                    u_mul_pp_scaled_s_p1_r_reg[2][38]/D

           Trick     Calls     Accepts   Attempts    Time(secs) 
-----------------------------------------------------------
       crit_upsz      3944  (     2124 /     2149 )  33.71
    plc_bal_star         0  (        0 /        0 )  0.00
     drc_buftimb         0  (        0 /        0 )  0.00
          plc_st       365  (        0 /        0 )  0.00
    plc_st_fence       365  (        0 /        0 )  0.00
        plc_star       365  (        0 /        0 )  0.00
      plc_laf_st       365  (        0 /        0 )  0.00
 plc_laf_st_fence       365  (        0 /        0 )  0.00
     drc_buftims         0  (        0 /        0 )  0.00
            fopt      1872  (      211 /      219 )  8.95
   plc_laf_lo_st       365  (        0 /        0 )  0.00
       plc_lo_st       365  (        0 /        0 )  0.00
        mb_split       365  (        0 /        0 )  0.00

 
Local TNS optimization status
=============================
                                   Group   
                                  Tot Wrst     Total - - DRC Totals - -
                           Total  Weighted      Neg      Max       Max 
Operation                   Area   Slacks      Slack    Trans      Cap 
 init_tns                 141992      -37    -11651      2249        0
            Worst cost_group: clk, WNS: -37.0
            Path: u_frontend_u_decode_genblk1.u_fifo_rd_ptr_q_reg[0]/CK -->
                    u_mul_pp_scaled_s_p1_r_reg[2][38]/D
 incr_tns                 142171      -25     -1046     12144        0
            Worst cost_group: clk, WNS: -25.7
            Path: u_frontend_u_decode_genblk1.u_fifo_rd_ptr_q_reg[0]/CK -->
                    u_lsu_mem_cacheable_q_reg/D
 incr_tns                 142171      -25     -1046     12144        0
            Worst cost_group: clk, WNS: -25.7
            Path: u_frontend_u_decode_genblk1.u_fifo_rd_ptr_q_reg[0]/CK -->
                    u_lsu_mem_cacheable_q_reg/D

           Trick     Calls     Accepts   Attempts    Time(secs) 
-----------------------------------------------------------
    plc_bal_star         0  (        0 /        0 )  0.00
     drc_buftimb         0  (        0 /        0 )  0.00
     drc_buftims         0  (        0 /        0 )  0.00
       crit_upsz      1541  (      299 /      566 )  3.68
   plc_laf_lo_st      1242  (        0 /        0 )  0.00
       plc_lo_st      1242  (        0 /        0 )  0.00
            fopt      1242  (        0 /        0 )  0.20
       crit_dnsz      3072  (      242 /      389 )  8.11
             dup      1000  (        6 /        8 )  0.40
        setup_dn       994  (        1 /       11 )  1.44
        mb_split       993  (        0 /        0 )  0.01

PBS_TechMap-Postmap Cleanup - Elapsed_Time 59, CPU_Time 69.83303899999976
stamp 'PBS_TechMap-Postmap Cleanup' being created for table 'pbs_debug'

  Total Time (Wall) |  Stage Time (Wall)  |   % (Wall)   |    Date - Time     |  Memory   | Stage
--------------------+---------------------+--------------+--------------------+-----------+----------------------
 00:00:25(00:00:26) |  00:00:00(00:00:00) |   0.0(  0.0) |   13:05:35 (Dec02) |  711.1 MB | PBS_Generic-Start
--------------------+---------------------+--------------+--------------------+-----------+----------------------
 00:07:45(00:08:04) |  00:07:19(00:07:38) |  55.2( 56.1) |   13:13:13 (Dec02) |   1.74 GB | PBS_Generic_Opt-Post
--------------------+---------------------+--------------+--------------------+-----------+----------------------
 00:07:46(00:08:05) |  00:00:01(00:00:01) |   0.1(  0.1) |   13:13:14 (Dec02) |   1.74 GB | PBS_Generic-Postgen HBO Optimizations
--------------------+---------------------+--------------+--------------------+-----------+----------------------
 00:07:49(00:08:07) |  00:00:03(00:00:02) |   0.4(  0.2) |   13:13:16 (Dec02) |   1.74 GB | PBS_TechMap-Start
--------------------+---------------------+--------------+--------------------+-----------+----------------------
 00:07:50(00:08:08) |  00:00:01(00:00:01) |   0.1(  0.1) |   13:13:17 (Dec02) |   1.74 GB | PBS_TechMap-Premap HBO Optimizations
--------------------+---------------------+--------------+--------------------+-----------+----------------------
 00:12:22(00:12:54) |  00:04:32(00:04:46) |  34.2( 35.0) |   13:18:03 (Dec02) |   1.69 GB | PBS_Techmap-Global Mapping
--------------------+---------------------+--------------+--------------------+-----------+----------------------
 00:12:28(00:13:00) |  00:00:05(00:00:06) |   0.7(  0.7) |   13:18:09 (Dec02) |   1.69 GB | PBS_TechMap-Datapath Postmap Operations
--------------------+---------------------+--------------+--------------------+-----------+----------------------
 00:12:29(00:13:00) |  00:00:00(00:00:00) |   0.1(  0.0) |   13:18:09 (Dec02) |   1.69 GB | PBS_TechMap-Postmap HBO Optimizations
--------------------+---------------------+--------------+--------------------+-----------+----------------------
 00:12:32(00:13:04) |  00:00:03(00:00:04) |   0.4(  0.5) |   13:18:13 (Dec02) |   1.69 GB | PBS_TechMap-Postmap Clock Gating
--------------------+---------------------+--------------+--------------------+-----------+----------------------
 00:13:42(00:14:03) |  00:01:09(00:00:59) |   8.8(  7.2) |   13:19:12 (Dec02) |   1.69 GB | PBS_TechMap-Postmap Cleanup
--------------------+---------------------+--------------+--------------------+-----------+----------------------
Number of threads: 8 * 1   (id: pbs_debug, time_info v1.57)
Info: (*N*) indicates data that was populated from previously saved time_info database
Info: CPU time includes time of parent + longest thread
PBS_Techmap-Post_MBCI - Elapsed_Time 1, CPU_Time 0.0
stamp 'PBS_Techmap-Post_MBCI' being created for table 'pbs_debug'

  Total Time (Wall) |  Stage Time (Wall)  |   % (Wall)   |    Date - Time     |  Memory   | Stage
--------------------+---------------------+--------------+--------------------+-----------+----------------------
 00:00:25(00:00:26) |  00:00:00(00:00:00) |   0.0(  0.0) |   13:05:35 (Dec02) |  711.1 MB | PBS_Generic-Start
--------------------+---------------------+--------------+--------------------+-----------+----------------------
 00:07:45(00:08:04) |  00:07:19(00:07:38) |  55.2( 56.0) |   13:13:13 (Dec02) |   1.74 GB | PBS_Generic_Opt-Post
--------------------+---------------------+--------------+--------------------+-----------+----------------------
 00:07:46(00:08:05) |  00:00:01(00:00:01) |   0.1(  0.1) |   13:13:14 (Dec02) |   1.74 GB | PBS_Generic-Postgen HBO Optimizations
--------------------+---------------------+--------------+--------------------+-----------+----------------------
 00:07:49(00:08:07) |  00:00:03(00:00:02) |   0.4(  0.2) |   13:13:16 (Dec02) |   1.74 GB | PBS_TechMap-Start
--------------------+---------------------+--------------+--------------------+-----------+----------------------
 00:07:50(00:08:08) |  00:00:01(00:00:01) |   0.1(  0.1) |   13:13:17 (Dec02) |   1.74 GB | PBS_TechMap-Premap HBO Optimizations
--------------------+---------------------+--------------+--------------------+-----------+----------------------
 00:12:22(00:12:54) |  00:04:32(00:04:46) |  34.2( 35.0) |   13:18:03 (Dec02) |   1.69 GB | PBS_Techmap-Global Mapping
--------------------+---------------------+--------------+--------------------+-----------+----------------------
 00:12:28(00:13:00) |  00:00:05(00:00:06) |   0.7(  0.7) |   13:18:09 (Dec02) |   1.69 GB | PBS_TechMap-Datapath Postmap Operations
--------------------+---------------------+--------------+--------------------+-----------+----------------------
 00:12:29(00:13:00) |  00:00:00(00:00:00) |   0.1(  0.0) |   13:18:09 (Dec02) |   1.69 GB | PBS_TechMap-Postmap HBO Optimizations
--------------------+---------------------+--------------+--------------------+-----------+----------------------
 00:12:32(00:13:04) |  00:00:03(00:00:04) |   0.4(  0.5) |   13:18:13 (Dec02) |   1.69 GB | PBS_TechMap-Postmap Clock Gating
--------------------+---------------------+--------------+--------------------+-----------+----------------------
 00:13:42(00:14:03) |  00:01:09(00:00:59) |   8.8(  7.2) |   13:19:12 (Dec02) |   1.69 GB | PBS_TechMap-Postmap Cleanup
--------------------+---------------------+--------------+--------------------+-----------+----------------------
 00:13:42(00:14:04) |  00:00:00(00:00:01) |   0.0(  0.1) |   13:19:13 (Dec02) |   1.69 GB | PBS_Techmap-Post_MBCI
--------------------+---------------------+--------------+--------------------+-----------+----------------------
Number of threads: 8 * 1   (id: pbs_debug, time_info v1.57)
Info: (*N*) indicates data that was populated from previously saved time_info database
Info: CPU time includes time of parent + longest thread
##>=================== Cadence Confidential (Mapping-Logical) ===================
##>Main Thread Summary:
##>----------------------------------------------------------------------------------------
##>STEP                           Elapsed       WNS       TNS     Insts      Area    Memory
##>----------------------------------------------------------------------------------------
##>M:Initial                            1         -         -     55094    173589      1744
##>M:Pre Cleanup                        1         -         -     55094    173589      1744
##>M:Setup                              0         -         -         -         -         -
##>M:Launch ST                          0         -         -         -         -         -
##>M:Design Partition                   0         -         -         -         -         -
##>M:Create Partition Netlists          0         -         -         -         -         -
##>M:Init Power                         0         -         -         -         -         -
##>M:Budgeting                          0         -         -         -         -         -
##>M:Derenv-DB                          0         -         -         -         -         -
##>M:Debug Outputs                      0         -         -         -         -         -
##>M:ST loading                         0         -         -         -         -         -
##>M:Distributed                        0         -         -         -         -         -
##>M:Timer                              0         -         -         -         -         -
##>M:Assembly                           0         -         -         -         -         -
##>M:DFT                                0         -         -         -         -         -
##>M:DP Operations                      6         -         -     31139     95915      1687
##>M:Const Prop                         0      -363    201682     31139     95915      1687
##>M:Cleanup                           59       -25      1046     31983    101911      1687
##>M:MBCI                               1         -         -     31983    101911      1687
##>M:Const Gate Removal                 0         -         -         -         -         -
##>M:Misc                             289
##>----------------------------------------------------------------------------------------
##>Total Elapsed                      357
##>========================================================================================

+-----------+----------+-----+----------------------+---------------------------+
|   Host    | Machine  | CPU | Physical Memory (MB) | Peak Physical Memory (MB) |
+-----------+----------+-----+----------------------+---------------------------+
| localhost | gmicro02 |  1  |        1687.6        |          2092.7           |
+-----------+----------+-----+----------------------+---------------------------+

+---------------+----------------------+---------------------------+
|    Server     | Physical Memory (MB) | Peak Physical Memory (MB) |
+---------------+----------------------+---------------------------+
| localhost_1_0 |        387.3         |           814.8           |
+---------------+----------------------+---------------------------+

Info    : Done mapping. [SYNTH-5]
        : Done mapping 'riscv_core'.
      flow.cputime  flow.realtime  timing.setup.tns  timing.setup.wns  snapshot
UM:*                                                                   syn_map
@file(riscv_core.tcl) 127: get_db insts .base_cell.name -u ;# List all cell names used in the current design.
@file(riscv_core.tcl) 133: report_design_rules ;# > ${RPT_DIR}/${HDL_NAME}_drc.rpt
============================================================
  Generated by:           Genus(TM) Synthesis Solution 21.18-s082_1
  Generated on:           Dec 02 2025  01:19:15 pm
  Module:                 riscv_core
  Library domain:         worst
    Domain index:         0
    Technology library:   slow_vdd1v0 1.0
  Library domain:         best
    Domain index:         1
    Technology library:   fast_vdd1v2 1.0
  Operating conditions:   PVT_0P9V_125C 
  Operating conditions:   PVT_1P32V_0C 
  Interconnect mode:      global
  Area mode:              physical library
============================================================

Max_transition design rule (violation total = 12144)
Pin                                         Slew           Max     Violation
------------------------------------------------------------------------------
u_issue_add_214_22_g1220/A                   405           280           125
  --> Other violations on net                        872
u_issue_add_214_22_g1199/A                   405           280           125
  --> Other violations on net                        872
u_issue_add_212_22_g336/A                    405           280           125
  --> Other violations on net                        872
g394691/A                                    405           280           125
  --> Other violations on net                        872
g382871/A0                                   405           280           125
  --> Other violations on net                        872
g382943/A                                    405           280           125
  --> Other violations on net                        872
g380938/A0N                                  405           280           125
  --> Other violations on net                        872
u_issue_pc_x_q_reg[22]/Q                     405           280           125
  --> Other violations on net                        872
u_issue_add_214_22_g1223/C                   400           280           120
  --> Other violations on net                        837
u_issue_add_214_22_g1194/A                   400           280           120
  --> Other violations on net                        837
u_issue_add_212_22_g345/A                    400           280           120
  --> Other violations on net                        837
g394695/A                                    400           280           120
  --> Other violations on net                        837
g382867/B0                                   400           280           120
  --> Other violations on net                        837
g382948/A                                    400           280           120
  --> Other violations on net                        837
g380948/A0N                                  400           280           120
  --> Other violations on net                        837
u_issue_pc_x_q_reg[13]/Q                     400           280           120
  --> Other violations on net                        837
u_issue_add_214_22_g1221/D                   397           280           117
  --> Other violations on net                        820
u_issue_add_214_22_g1181/A                   397           280           117
  --> Other violations on net                        820
u_issue_add_212_22_g339/A                    397           280           117
  --> Other violations on net                        820
g394866/A                                    397           280           117
  --> Other violations on net                        820
g383363/A                                    397           280           117
  --> Other violations on net                        820
g382959/A                                    397           280           117
  --> Other violations on net                        820
g380942/A0N                                  397           280           117
  --> Other violations on net                        820
u_issue_pc_x_q_reg[19]/Q                     397           280           117
  --> Other violations on net                        820
u_issue_add_214_22_g1210/A                   372           280            92
  --> Other violations on net                        648
u_issue_add_214_22_g1203/A                   372           280            92
  --> Other violations on net                        648
u_issue_add_212_22_g332/A                    372           280            92
  --> Other violations on net                        648
g394696/A                                    372           280            92
  --> Other violations on net                        648
g384163/AN                                   372           280            92
  --> Other violations on net                        648
g382946/A                                    372           280            92
  --> Other violations on net                        648
g380961/A0N                                  372           280            92
  --> Other violations on net                        648
u_issue_pc_x_q_reg[26]/Q                     372           280            92
  --> Other violations on net                        648
u_exec0_u_alu/g25126__6161/A0                569           280           289
  --> Other violations on net                        289
u_exec0_u_alu/g25305__6783/Y                 569           280           289
  --> Other violations on net                        289
u_issue_add_212_22_g396962/A                 358           280            78
  --> Other violations on net                        466
u_issue_add_214_22_g1190/A                   358           280            78
  --> Other violations on net                        466
g394688/A                                    358           280            78
  --> Other violations on net                        466
g382955/A                                    358           280            78
  --> Other violations on net                        466
g383376/A                                    358           280            78
  --> Other violations on net                        466
g380947/A0N                                  358           280            78
  --> Other violations on net                        466
u_issue_pc_x_q_reg[31]/Q                     358           280            78
  --> Other violations on net                        466
u_issue_add_214_22_g1226/B                   358           280            78
  --> Other violations on net                        466
u_issue_add_214_22_g1197/A                   358           280            78
  --> Other violations on net                        466
u_issue_add_212_22_g333/A                    358           280            78
  --> Other violations on net                        466
g394685/A                                    358           280            78
  --> Other violations on net                        466
g383366/A                                    358           280            78
  --> Other violations on net                        466
g382947/A                                    358           280            78
  --> Other violations on net                        466
u_issue_pc_x_q_reg[25]/Q                     358           280            78
  --> Other violations on net                        466
u_exec1_u_alu/g25091/A                       386           280           106
  --> Other violations on net                        423
u_exec1_u_alu/g25084/A0N                     386           280           106
  --> Other violations on net                        423
u_exec1_u_alu/g25104/A0N                     386           280           106
  --> Other violations on net                        423
u_exec1_u_alu/g25293/A1                      386           280           106
  --> Other violations on net                        423
u_exec1_u_alu/g26238/Y                       386           280           106
  --> Other violations on net                        423
u_issue_add_214_22_g1218/A                   400           280           120
  --> Other violations on net                        362
g384849/A0                                   400           280           120
  --> Other violations on net                        362
g383357/A                                    400           280           120
  --> Other violations on net                        362
u_issue_pc_x_q_reg[2]/Q                      400           280           120
  --> Other violations on net                        362
g393419/A0                                   339           280            59
  --> Other violations on net                        355
g390150/A0                                   339           280            59
  --> Other violations on net                        355
g374921/B0                                   339           280            59
  --> Other violations on net                        355
g374889/A0                                   339           280            59
  --> Other violations on net                        355
g374769/B0                                   339           280            59
  --> Other violations on net                        355
g374732/A0                                   339           280            59
  --> Other violations on net                        355
g383116/Y                                    339           280            59
  --> Other violations on net                        355
g388502/A0                                   327           280            47
  --> Other violations on net                        280
g394466/A                                    327           280            47
  --> Other violations on net                        280
g380486/A                                    327           280            47
  --> Other violations on net                        280
g380411/B0                                   327           280            47
  --> Other violations on net                        280
g380511/A                                    327           280            47
  --> Other violations on net                        280
g380746/A                                    327           280            47
  --> Other violations on net                        280
u_exec1_result_q_reg[27]/Q                   327           280            47
  --> Other violations on net                        280
g392324/C                                    412           280           132
  --> Other violations on net                        132
g393282/Y                                    412           280           132
  --> Other violations on net                        132
g388506/A0                                   317           280            37
  --> Other violations on net                        221
g394207/A                                    317           280            37
  --> Other violations on net                        221
g380484/A                                    317           280            37
  --> Other violations on net                        221
g380389/B0                                   317           280            37
  --> Other violations on net                        221
g380502/A                                    317           280            37
  --> Other violations on net                        221
g380781/A                                    317           280            37
  --> Other violations on net                        221
u_exec1_result_q_reg[30]/Q                   317           280            37
  --> Other violations on net                        221
u_exec0_u_alu/g24887__5115/A                 400           280           120
  --> Other violations on net                        120
u_exec0_u_alu/g24971__1705/Y                 400           280           120
  --> Other violations on net                        120
g374850/B0                                   395           280           115
  --> Other violations on net                        115
g380682/Y                                    395           280           115
  --> Other violations on net                        115
g394862/A                                    313           280            33
  --> Other violations on net                        166
g383449/A                                    313           280            33
  --> Other violations on net                        166
g382907/A0                                   313           280            33
  --> Other violations on net                        166
g380952/A0N                                  313           280            33
  --> Other violations on net                        166
g217553/A                                    313           280            33
  --> Other violations on net                        166
u_issue_pc_x_q_reg[14]/Q                     313           280            33
  --> Other violations on net                        166
g379608/A0                                   319           280            39
  --> Other violations on net                        154
g376684/A0                                   319           280            39
  --> Other violations on net                        154
g377810/A0                                   319           280            39
  --> Other violations on net                        154
g377862/A0N                                  319           280            39
  --> Other violations on net                        154
drc_bufs383660/Y                             319           280            39
  --> Other violations on net                        154
g394604/A                                    307           280            27
  --> Other violations on net                        162
g394014/B                                    307           280            27
  --> Other violations on net                        162
g393426/A1                                   307           280            27
  --> Other violations on net                        162
g392276/B0                                   307           280            27
  --> Other violations on net                        162
g385743/B0                                   307           280            27
  --> Other violations on net                        162
g391700/A                                    307           280            27
  --> Other violations on net                        162
u_div_op_b_abs_clz_r_reg[31]/QN              307           280            27
  --> Other violations on net                        162
g394864/A                                    311           280            31
  --> Other violations on net                        154
g383442/A                                    311           280            31
  --> Other violations on net                        154
g382913/A0                                   311           280            31
  --> Other violations on net                        154
g380951/A0N                                  311           280            31
  --> Other violations on net                        154
g217551/A                                    311           280            31
  --> Other violations on net                        154
u_issue_pc_x_q_reg[11]/Q                     311           280            31
  --> Other violations on net                        154
u_lsu_mem_addr_q_reg[0]/D                    370           280            90
  --> Other violations on net                        90
g385771/Y                                    370           280            90
  --> Other violations on net                        90
g385668/A1                                   340           280            60
  --> Other violations on net                        120
g380989/B                                    340           280            60
  --> Other violations on net                        120
g385875/Y                                    340           280            60
  --> Other violations on net                        120
u_exec0_u_alu/g25011__9315/B0                363           280            83
  --> Other violations on net                        83
u_exec0_u_alu/g25302__4319/Y                 363           280            83
  --> Other violations on net                        83
g386411/A0                                   307           280            27
  --> Other violations on net                        135
g394503/A                                    307           280            27
  --> Other violations on net                        135
g383479/A                                    307           280            27
  --> Other violations on net                        135
g380064/A0                                   307           280            27
  --> Other violations on net                        135
g379403/B0                                   307           280            27
  --> Other violations on net                        135
u_exec0_result_q_reg[0]/Q                    307           280            27
  --> Other violations on net                        135
g386436/A0                                   306           280            26
  --> Other violations on net                        130
g394461/A                                    306           280            26
  --> Other violations on net                        130
g383381/A                                    306           280            26
  --> Other violations on net                        130
g380392/A0                                   306           280            26
  --> Other violations on net                        130
g380088/A0                                   306           280            26
  --> Other violations on net                        130
u_exec0_result_q_reg[25]/Q                   306           280            26
  --> Other violations on net                        130
g379894/A                                    307           280            27
  --> Other violations on net                        107
g379594/B0                                   307           280            27
  --> Other violations on net                        107
g377297/A0                                   307           280            27
  --> Other violations on net                        107
g378435/B0                                   307           280            27
  --> Other violations on net                        107
drc_bufs383672/Y                             307           280            27
  --> Other violations on net                        107
g375108/B0                                   306           280            26
  --> Other violations on net                        104
g375125/B0                                   306           280            26
  --> Other violations on net                        104
g375122/A0                                   306           280            26
  --> Other violations on net                        104
g375091/B0                                   306           280            26
  --> Other violations on net                        104
g384134/Y                                    306           280            26
  --> Other violations on net                        104
g379607/A0                                   305           280            25
  --> Other violations on net                        102
g376659/A0                                   305           280            25
  --> Other violations on net                        102
g377808/A0                                   305           280            25
  --> Other violations on net                        102
g377855/A0N                                  305           280            25
  --> Other violations on net                        102
drc_bufs383656/Y                             305           280            25
  --> Other violations on net                        102
g382203/A                                    340           280            60
  --> Other violations on net                        60
g382248/Y                                    340           280            60
  --> Other violations on net                        60
g374796/A0                                   299           280            19
  --> Other violations on net                        94
g380019/A                                    299           280            19
  --> Other violations on net                        94
g381548/A                                    299           280            19
  --> Other violations on net                        94
g381545/B                                    299           280            19
  --> Other violations on net                        94
g381551/B                                    299           280            19
  --> Other violations on net                        94
g381790/Y                                    299           280            19
  --> Other violations on net                        94
g379897/A                                    302           280            22
  --> Other violations on net                        87
g379597/B0                                   302           280            22
  --> Other violations on net                        87
g377302/A0                                   302           280            22
  --> Other violations on net                        87
g378507/B0                                   302           280            22
  --> Other violations on net                        87
drc_bufs383684/Y                             302           280            22
  --> Other violations on net                        87
g381683/A                                    302           280            22
  --> Other violations on net                        87
g375124/B0                                   302           280            22
  --> Other violations on net                        87
g374832/B1                                   302           280            22
  --> Other violations on net                        87
g380926/A0                                   302           280            22
  --> Other violations on net                        87
g381787/Y                                    302           280            22
  --> Other violations on net                        87
g379889/A                                    302           280            22
  --> Other violations on net                        87
g379636/B0                                   302           280            22
  --> Other violations on net                        87
g377291/A0                                   302           280            22
  --> Other violations on net                        87
g378317/B0                                   302           280            22
  --> Other violations on net                        87
drc_bufs383680/Y                             302           280            22
  --> Other violations on net                        87
g379611/B0                                   302           280            22
  --> Other violations on net                        87
g378139/B0                                   302           280            22
  --> Other violations on net                        87
g379622/B0                                   302           280            22
  --> Other violations on net                        87
g377300/A0                                   302           280            22
  --> Other violations on net                        87
drc_bufs383588/Y                             302           280            22
  --> Other violations on net                        87
g379895/A                                    299           280            19
  --> Other violations on net                        77
g379595/B0                                   299           280            19
  --> Other violations on net                        77
g377318/A0                                   299           280            19
  --> Other violations on net                        77
g377911/A0N                                  299           280            19
  --> Other violations on net                        77
drc_bufs383668/Y                             299           280            19
  --> Other violations on net                        77
g386439/A0                                   296           280            16
  --> Other violations on net                        80
g393881/A                                    296           280            16
  --> Other violations on net                        80
g383393/A                                    296           280            16
  --> Other violations on net                        80
g380411/A0                                   296           280            16
  --> Other violations on net                        80
g380086/A0                                   296           280            16
  --> Other violations on net                        80
u_exec0_result_q_reg[27]/Q                   296           280            16
  --> Other violations on net                        80
u_exec1_u_alu/g25094/A                       311           280            31
  --> Other violations on net                        62
u_exec1_u_alu/g25050/A1                      311           280            31
  --> Other violations on net                        62
u_exec1_u_alu/g25105/Y                       311           280            31
  --> Other violations on net                        62
g376847/A                                    320           280            40
  --> Other violations on net                        40
g378544/Y                                    320           280            40
  --> Other violations on net                        40
g377861/A0N                                  295           280            15
  --> Other violations on net                        61
g379397/A                                    295           280            15
  --> Other violations on net                        61
g377809/B1                                   295           280            15
  --> Other violations on net                        61
g379623/B0                                   295           280            15
  --> Other violations on net                        61
drc_bufs383596/Y                             295           280            15
  --> Other violations on net                        61
g379629/A0N                                  295           280            15
  --> Other violations on net                        60
g379601/A0                                   295           280            15
  --> Other violations on net                        60
g379416/A                                    295           280            15
  --> Other violations on net                        60
g378568/A0N                                  295           280            15
  --> Other violations on net                        60
drc_bufs383572/Y                             295           280            15
  --> Other violations on net                        60
g376847/B                                    314           280            34
  --> Other violations on net                        34
g378543/Y                                    314           280            34
  --> Other violations on net                        34
g378423/A0                                   293           280            13
  --> Other violations on net                        52
g377813/A0                                   293           280            13
  --> Other violations on net                        52
g379592/A0                                   293           280            13
  --> Other violations on net                        52
g377853/A0N                                  293           280            13
  --> Other violations on net                        52
drc_bufs383628/Y                             293           280            13
  --> Other violations on net                        52
g376165/C                                    311           280            31
  --> Other violations on net                        31
g378537/Y                                    311           280            31
  --> Other violations on net                        31
g375924/B                                    309           280            29
  --> Other violations on net                        29
g377314/Y                                    309           280            29
  --> Other violations on net                        29
u_exec0_u_alu/g24794__7098/A                 307           280            27
  --> Other violations on net                        27
u_exec0_u_alu/g25263__9945/Y                 307           280            27
  --> Other violations on net                        27
g377913/A0N                                  288           280             8
  --> Other violations on net                        34
g379623/A0                                   288           280             8
  --> Other violations on net                        34
g377809/A0                                   288           280             8
  --> Other violations on net                        34
g378155/A0N                                  288           280             8
  --> Other violations on net                        34
drc_bufs383808/Y                             288           280             8
  --> Other violations on net                        34
g377871/A0N                                  288           280             8
  --> Other violations on net                        32
g377840/A0                                   288           280             8
  --> Other violations on net                        32
g379631/A0                                   288           280             8
  --> Other violations on net                        32
g378237/A0                                   288           280             8
  --> Other violations on net                        32
drc_bufs383880/Y                             288           280             8
  --> Other violations on net                        32
u_exec0_u_alu/g24989__5477/B0                299           280            19
  --> Other violations on net                        19
u_exec0_u_alu/g25104__7410/Y                 299           280            19
  --> Other violations on net                        19
g394868/A                                    286           280             6
  --> Other violations on net                        30
g383364/A                                    286           280             6
  --> Other violations on net                        30
g382911/B                                    286           280             6
  --> Other violations on net                        30
g380953/A0N                                  286           280             6
  --> Other violations on net                        30
g217549/A                                    286           280             6
  --> Other violations on net                        30
u_issue_pc_x_q_reg[10]/Q                     286           280             6
  --> Other violations on net                        30
g394694/A                                    286           280             6
  --> Other violations on net                        30
g383448/A                                    286           280             6
  --> Other violations on net                        30
g382908/A0                                   286           280             6
  --> Other violations on net                        30
g380946/A0N                                  286           280             6
  --> Other violations on net                        30
g217555/A                                    286           280             6
  --> Other violations on net                        30
u_issue_pc_x_q_reg[15]/Q                     286           280             6
  --> Other violations on net                        30
u_div_sub_126_44_g1302/B0                    290           280            10
  --> Other violations on net                        19
u_div_sub_126_44_g1353/A                     290           280            10
  --> Other violations on net                        19
u_div_sub_126_44_g1387/Y                     290           280            10
  --> Other violations on net                        19
g378293/B0                                   286           280             6
  --> Other violations on net                        23
g377290/A0                                   286           280             6
  --> Other violations on net                        23
g379635/B0                                   286           280             6
  --> Other violations on net                        23
g379616/B0                                   286           280             6
  --> Other violations on net                        23
drc_bufs383820/Y                             286           280             6
  --> Other violations on net                        23
g377916/A0N                                  286           280             6
  --> Other violations on net                        23
g377840/B1                                   286           280             6
  --> Other violations on net                        23
g379631/B0                                   286           280             6
  --> Other violations on net                        23
g378237/B0                                   286           280             6
  --> Other violations on net                        23
drc_bufs383876/Y                             286           280             6
  --> Other violations on net                        23
u_exec1_u_alu/g25015/A                       288           280             8
  --> Other violations on net                        8
u_exec1_u_alu/g25437/Y                       288           280             8
  --> Other violations on net                        8
g381680/A                                    283           280             3
  --> Other violations on net                        13
g375109/A0                                   283           280             3
  --> Other violations on net                        13
g374832/A0                                   283           280             3
  --> Other violations on net                        13
g375124/A0                                   283           280             3
  --> Other violations on net                        13
g381781/Y                                    283           280             3
  --> Other violations on net                        13
u_div_sub_126_44_g1327/A0                    283           280             3
  --> Other violations on net                        12
u_div_sub_126_44_g1257/A0                    283           280             3
  --> Other violations on net                        12
u_div_sub_126_44_g1351/B                     283           280             3
  --> Other violations on net                        12
u_div_sub_126_44_g1358/AN                    283           280             3
  --> Other violations on net                        12
u_div_sub_126_44_g1460/Y                     283           280             3
  --> Other violations on net                        12
g379901/A                                    282           280             2
  --> Other violations on net                        8
g379637/B0                                   282           280             2
  --> Other violations on net                        8
g377292/A0                                   282           280             2
  --> Other violations on net                        8
g378325/B0                                   282           280             2
  --> Other violations on net                        8
drc_bufs383688/Y                             282           280             2
  --> Other violations on net                        8
g379641/B0                                   282           280             2
  --> Other violations on net                        8
g379893/A                                    282           280             2
  --> Other violations on net                        8
g377295/A0                                   282           280             2
  --> Other violations on net                        8
g378411/B0                                   282           280             2
  --> Other violations on net                        8
drc_bufs383664/Y                             282           280             2
  --> Other violations on net                        8
g386604/B0                                   284           280             4
  --> Other violations on net                        4
g389037/Y                                    284           280             4
  --> Other violations on net                        4
g384037/B0                                   284           280             4
  --> Other violations on net                        4
g389036/Y                                    284           280             4
  --> Other violations on net                        4
g384036/B0                                   284           280             4
  --> Other violations on net                        4
g389035/Y                                    284           280             4
  --> Other violations on net                        4
g384035/B0                                   284           280             4
  --> Other violations on net                        4
g389034/Y                                    284           280             4
  --> Other violations on net                        4
g384034/B0                                   284           280             4
  --> Other violations on net                        4
g389033/Y                                    284           280             4
  --> Other violations on net                        4
g384033/B0                                   284           280             4
  --> Other violations on net                        4
g389032/Y                                    284           280             4
  --> Other violations on net                        4
g384032/B0                                   284           280             4
  --> Other violations on net                        4
g389031/Y                                    284           280             4
  --> Other violations on net                        4
g384031/B0                                   284           280             4
  --> Other violations on net                        4
g389030/Y                                    284           280             4
  --> Other violations on net                        4
g384030/B0                                   284           280             4
  --> Other violations on net                        4
g389029/Y                                    284           280             4
  --> Other violations on net                        4
g384029/B0                                   284           280             4
  --> Other violations on net                        4
g389028/Y                                    284           280             4
  --> Other violations on net                        4
g384028/B0                                   284           280             4
  --> Other violations on net                        4
g389027/Y                                    284           280             4
  --> Other violations on net                        4
g384027/B0                                   284           280             4
  --> Other violations on net                        4
g389026/Y                                    284           280             4
  --> Other violations on net                        4
g384026/B0                                   284           280             4
  --> Other violations on net                        4
g389025/Y                                    284           280             4
  --> Other violations on net                        4
g384023/B0                                   284           280             4
  --> Other violations on net                        4
g389022/Y                                    284           280             4
  --> Other violations on net                        4
g384024/B0                                   284           280             4
  --> Other violations on net                        4
g389023/Y                                    284           280             4
  --> Other violations on net                        4
g386608/B0                                   284           280             4
  --> Other violations on net                        4
g389041/Y                                    284           280             4
  --> Other violations on net                        4
g384022/B0                                   284           280             4
  --> Other violations on net                        4
g389021/Y                                    284           280             4
  --> Other violations on net                        4
g384021/B0                                   284           280             4
  --> Other violations on net                        4
g389020/Y                                    284           280             4
  --> Other violations on net                        4
g384020/B0                                   284           280             4
  --> Other violations on net                        4
g389019/Y                                    284           280             4
  --> Other violations on net                        4
g384019/B0                                   284           280             4
  --> Other violations on net                        4
g389018/Y                                    284           280             4
  --> Other violations on net                        4
g384017/B0                                   284           280             4
  --> Other violations on net                        4
g389016/Y                                    284           280             4
  --> Other violations on net                        4
g384014/B0                                   284           280             4
  --> Other violations on net                        4
g389015/Y                                    284           280             4
  --> Other violations on net                        4
g384016/B0                                   284           280             4
  --> Other violations on net                        4
g389014/Y                                    284           280             4
  --> Other violations on net                        4
g384013/B0                                   284           280             4
  --> Other violations on net                        4
g389012/Y                                    284           280             4
  --> Other violations on net                        4
g386607/B0                                   284           280             4
  --> Other violations on net                        4
g389040/Y                                    284           280             4
  --> Other violations on net                        4
g386605/B0                                   284           280             4
  --> Other violations on net                        4
g389038/Y                                    284           280             4
  --> Other violations on net                        4
g386137/A0N                                  281           280             1
  --> Other violations on net                        6
g394212/A                                    281           280             1
  --> Other violations on net                        6
g383476/A                                    281           280             1
  --> Other violations on net                        6
g380389/A0                                   281           280             1
  --> Other violations on net                        6
g380083/A0N                                  281           280             1
  --> Other violations on net                        6
u_exec0_result_q_reg[30]/Q                   281           280             1
  --> Other violations on net                        6
g384025/B0                                   283           280             3
  --> Other violations on net                        3
g389024/Y                                    283           280             3
  --> Other violations on net                        3
g375923/B                                    283           280             3
  --> Other violations on net                        3
g377317/Y                                    283           280             3
  --> Other violations on net                        3
g384437/A                                    282           280             2
  --> Other violations on net                        2
g390501/Y                                    282           280             2
  --> Other violations on net                        2
g382165/A1                                   281           280             1
  --> Other violations on net                        2
fopt396679/A                                 281           280             1
  --> Other violations on net                        2
g382478/Y                                    281           280             1
  --> Other violations on net                        2
u_div_minus_95_30_g771/B                     281           280             1
  --> Other violations on net                        2
u_div_minus_95_30_g782/B0                    281           280             1
  --> Other violations on net                        2
u_div_minus_95_30_g784/Y                     281           280             1
  --> Other violations on net                        2
g382557/B0                                   281           280             1
  --> Other violations on net                        1
g382596/Y                                    281           280             1
  --> Other violations on net                        1
g381684/A                                    280           280             0
  --> Other violations on net                        1
g375115/A0                                   280           280             0
  --> Other violations on net                        1
g374833/A0N                                  280           280             0
  --> Other violations on net                        1
g375117/A0                                   280           280             0
  --> Other violations on net                        1
g384136/Y                                    280           280             0
  --> Other violations on net                        1
g379550/A                                    280           280             0
  --> Other violations on net                        0
g380411/Y                                    280           280             0
  --> Other violations on net                        0


Max_capacitance design rule: no violations.


Max_fanout design rule: no constraints.



@file(riscv_core.tcl) 134: report_area -detail > ${RPT_DIR}/${freq_mhz}_MHz/${OP_CORNER}/${HDL_NAME}_area_detail.rpt
@file(riscv_core.tcl) 135: report_timing > ${RPT_DIR}/${freq_mhz}_MHz/${OP_CORNER}/${HDL_NAME}_timing.rpt
@file(riscv_core.tcl) 136: report_gates > ${RPT_DIR}/${freq_mhz}_MHz/${OP_CORNER}/${HDL_NAME}_gates.rpt
@file(riscv_core.tcl) 137: report_qor > ${RPT_DIR}/${freq_mhz}_MHz/${OP_CORNER}/${HDL_NAME}_qor.rpt
@file(riscv_core.tcl) 138: report_power -unit uW > ${RPT_DIR}/${freq_mhz}_MHz/${OP_CORNER}/${HDL_NAME}_power_no_vcd.rpt
Info    : Joules engine is used. [RPT-16]
        : Joules engine is being used for the command report_power.
Info   : ACTP-0001 [ACTPInfo] Activity propagation started for stim#0 netlist
       : riscv_core
Info   : ACTP-0009 [ACTPInfo] Activity Propagation Progress Report :   0%   1%   2%   3%   4%   5%   6%   7%   8%   9%  10%  11%  12%  13%  14%  15%  16%  17%  18%  19%  20%  21%  22%  23%  24%  25%  26%  27%  28%  29%  30%  31%  32%  33%  34%  35%  36%  37%  38%  39%  40%  41%  42%  43%  44%  45%  46%  47%  48%  49%  50%  51%  52%  53%  54%  55%  56%  57%  58%  59%  60%  61%  62%  63%  64%  65%  66%  67%  68%  69%  70%  71%  72%  73%  74%  75%  76%  77%  78%  79%  80%  81%  82%  83%  84%  85%  86%  87%  88%  89%  90%  91%  92%  93%  94%  95%  96%  97%  98%  99% 100%
Info   : ACTP-0001 Activity propagation ended for stim#0
Info   : PWRA-0001 [PwrInfo] compute_power effective options 
       : -mode : vectorless
       : -skip_propagation : 1
       : -frequency_scaling_factor : 1.0
       : -use_clock_freq : stim
       : -stim :/stim#0
       : -fromGenus : 1
Info   : ACTP-0001 Timing initialization started
Info   : ACTP-0001 Timing initialization ended
Info   : PWRA-0002 [PwrInfo] Skipping activity propagation due to -skip_ap
       : option....
Warning: PWRA-0302 [PwrWarn] Frequency scaling is not applicable for vectorless
       : flow. Ignoring frequency scaling.
Warning: PWRA-0304 [PwrWarn] -stim option is not applicable with vectorless mode
       : of power analysis, ignored this option.
Info   : PWRA-0002 Started 'vectorless' power computation.
Info   : PWRA-0009 [PwrInfo] Power Computation Progress Report :   3%   6%   9%  12%  15%  18%  21%  25%  28%  31%  34%  37%  40%  43%  46%  50%  53%  56%  59%  62%  65%  68%  71%  75%  78%  81%  84%  90%  93%  96% 100%
Info   : PWRA-0002 Finished power computation.
Info   : PWRA-0007 [PwrInfo] Completed successfully.
       : Info=6, Warn=2, Error=0, Fatal=0
Output file: /home/schultz/Documents/ARQIII_RiscV_Work/Synthesis/reports/167_MHz/WORST/riscv_core_power_no_vcd.rpt
@file(riscv_core.tcl) 139: report_area > ${RPT_DIR}/${freq_mhz}_MHz/${OP_CORNER}/${HDL_NAME}_area.rpt
@file(riscv_core.tcl) 140: report_hierarchy > ${RPT_DIR}/${freq_mhz}_MHz/${OP_CORNER}/${HDL_NAME}_hierarchy.rpt
#@ End verbose source /home/schultz/Documents/ARQIII_RiscV_Work/Synthesis/scripts/riscv_core.tcl
WARNING: This version of the tool is 868 days old.
@genus:design:riscv_core 2> report_timing
============================================================
  Generated by:           Genus(TM) Synthesis Solution 21.18-s082_1
  Generated on:           Dec 02 2025  01:19:27 pm
  Module:                 riscv_core
  Operating conditions:   PVT_0P9V_125C 
  Operating conditions:   PVT_1P32V_0C 
  Interconnect mode:      global
  Area mode:              physical library
============================================================


Path 1: VIOLATED (-26 ps) Setup Check with Pin u_lsu_mem_cacheable_q_reg/CK->D
          Group: clk
     Startpoint: (R) u_frontend_u_decode_genblk1.u_fifo_rd_ptr_q_reg[0]/CK
          Clock: (R) clk
       Endpoint: (R) u_lsu_mem_cacheable_q_reg/D
          Clock: (R) clk

                     Capture       Launch     
        Clock Edge:+    5990            0     
       Src Latency:+       0            0     
       Net Latency:+     100 (I)      100 (I) 
           Arrival:=    6090          100     
                                              
             Setup:-     148                  
       Uncertainty:-      50                  
     Required Time:=    5892                  
      Launch Clock:-     100                  
         Data Path:-    5818                  
             Slack:=     -26                  

#-------------------------------------------------------------------------------------------------------------------------------
#                     Timing Point                      Flags   Arc   Edge    Cell     Fanout Load Trans Delay Arrival Instance 
#                                                                                             (fF)  (ps)  (ps)   (ps)  Location 
#-------------------------------------------------------------------------------------------------------------------------------
  u_frontend_u_decode_genblk1.u_fifo_rd_ptr_q_reg[0]/CK -       -     R     (arrival)    3967    -     0     0     100    (-,-) 
  u_frontend_u_decode_genblk1.u_fifo_rd_ptr_q_reg[0]/Q  -       CK->Q R     DFFRX4          1  9.3    81   305     405    (-,-) 
  fopt188/Y                                             -       A->Y  F     CLKINVX16       2 15.9    54    62     466    (-,-) 
  fopt154/Y                                             -       A->Y  R     INVX20          6 40.5    64    65     532    (-,-) 
  fopt122/Y                                             -       A->Y  F     CLKINVX8        8 24.4   102    85     616    (-,-) 
  fopt121/Y                                             -       A->Y  R     CLKINVX3        1  4.5    52    75     691    (-,-) 
  g218097/Y                                             -       B->Y  F     NOR2X4          1  3.6    50    51     742    (-,-) 
  g218176/Y                                             -       B->Y  F     OR2X6           3  8.4    67   148     890    (-,-) 
  u_frontend_u_decode_genblk1.u_dec0/g12750/Y           -       A->Y  F     BUFX2           1  4.3    70   120    1010    (-,-) 
  u_frontend_u_decode_genblk1.u_dec0/g12683/Y           -       B->Y  R     NAND2X4         4 12.8    86    80    1090    (-,-) 
  u_frontend_u_decode_genblk1.u_dec0/g12613/Y           -       A0->Y F     OAI31X4         1  5.1   136   157    1247    (-,-) 
  u_frontend_u_decode_genblk1.u_dec0/g12607/Y           -       B->Y  R     NOR2X6          2  7.0    89   106    1354    (-,-) 
  u_frontend_u_decode_genblk1.u_dec0/g12587/Y           -       A->Y  F     NAND2X6         1  5.8    95   112    1465    (-,-) 
  u_frontend_u_decode_genblk1.u_dec0/g12578/Y           -       C->Y  R     NOR3X8          1  6.1   104   101    1566    (-,-) 
  u_frontend_u_decode_genblk1.u_dec0/g12574/Y           -       B->Y  F     NAND2X8         1  5.8    89   100    1666    (-,-) 
  u_frontend_u_decode_genblk1.u_dec0/g12573/Y           -       B->Y  R     NAND2X8         3 10.0    53    65    1730    (-,-) 
  g381718/Y                                             -       A1->Y F     OAI21X4         1  5.8   143   112    1842    (-,-) 
  g381594/Y                                             -       B->Y  R     NOR2X8          3 16.3   128   131    1973    (-,-) 
  g381512/Y                                             -       A->Y  F     CLKINVX6        4 17.4   107   113    2086    (-,-) 
  g381458/Y                                             -       B->Y  R     NAND2X8         4 10.8    69    73    2159    (-,-) 
  g380998/Y                                             -       A2->Y F     AOI32X2         1  3.4   264   228    2387    (-,-) 
  g380853/Y                                             -       B->Y  F     CLKAND2X3       1  5.8    67   218    2606    (-,-) 
  g380498/Y                                             -       A->Y  R     NAND2X8         1  6.1    41    54    2659    (-,-) 
  g380423/Y                                             -       A->Y  F     NOR2X8          1  5.8    44    50    2709    (-,-) 
  g379905/Y                                             -       A->Y  R     NAND2X8         2 10.0    47    49    2758    (-,-) 
  g378556/Y                                             -       A->Y  F     NOR2X8          2  6.2    46    53    2812    (-,-) 
  g377181/Y                                             -       B->Y  F     CLKAND2X12      5 16.4    63   114    2926    (-,-) 
  g376570/Y                                             -       B->Y  F     CLKAND2X12      8 19.5    69   126    3051    (-,-) 
  g375587/Y                                             -       B->Y  R     NAND2X2         1  4.5    85    72    3124    (-,-) 
  g384123/Y                                             -       B->Y  F     NAND2BX4        3  8.2   157   134    3258    (-,-) 
  g375098/Y                                             -       B1->Y F     AO22X4          1  4.3    68   238    3496    (-,-) 
  g374827/Y                                             -       B->Y  R     NOR2X4          1  4.5    83    78    3574    (-,-) 
  g374648/Y                                             -       B1->Y F     OAI22X4         1  5.8   157   135    3708    (-,-) 
  g374637/Y                                             -       A->Y  R     NOR2X8          1  6.1    77   119    3827    (-,-) 
  g374630/Y                                             -       B->Y  F     NAND2X8         2  8.7   105   100    3927    (-,-) 
  g394260/Y                                             -       A->Y  R     NOR2X8          2  7.4    78   100    4027    (-,-) 
  g393365/Y                                             -       B->Y  R     CLKAND2X12     29 65.2   134   183    4210    (-,-) 
  g392610/Y                                             -       A->Y  F     CLKINVX12       5 17.0    74    91    4301    (-,-) 
  g392609/Y                                             -       A->Y  R     CLKINVX16       4 13.6    42    54    4355    (-,-) 
  g395779/Y                                             -       B->Y  F     NOR2BX2         1  5.8    96    74    4429    (-,-) 
  g391332/Y                                             -       A->Y  R     NOR2X8          3 10.8    89   107    4536    (-,-) 
  g390621/Y                                             -       B->Y  F     NAND2X8         2  8.7   107   105    4641    (-,-) 
  g390387/Y                                             -       A->Y  R     CLKINVX8        2  8.4    48    66    4707    (-,-) 
  g389458/Y                                             -       B->Y  F     NOR2X8          4 12.2    79    58    4765    (-,-) 
  g388693/Y                                             -       A->Y  R     INVX3           1  4.5    49    64    4828    (-,-) 
  g382241/Y                                             -       A1->Y F     OAI21X4         1  5.8   138   110    4938    (-,-) 
  g385877/Y                                             -       A->Y  R     NOR2X8          2  8.4    76   118    5056    (-,-) 
  g385741/Y                                             -       B->Y  F     NOR2X8          1  5.8    46    59    5115    (-,-) 
  g385678/Y                                             -       A->Y  R     NOR2X8          5 16.6   126   103    5218    (-,-) 
  g385631/Y                                             -       B->Y  R     OR2X6           3 11.8    58   145    5363    (-,-) 
  g385534/Y                                             -       B->Y  F     NOR2X8          2  7.3    50    53    5416    (-,-) 
  g385495/Y                                             -       A->Y  R     CLKINVX4        1  4.5    37    45    5461    (-,-) 
  g385272/Y                                             -       A1->Y F     AOI21X4         1  4.4   110    99    5560    (-,-) 
  g385106/Y                                             -       A0->Y R     OAI21X4         2  7.2   123   136    5696    (-,-) 
  g384917/Y                                             -       B->Y  F     NAND2X4         1  4.4   109   121    5817    (-,-) 
  g384777/Y                                             -       A1->Y R     OAI21X4         1  3.2    80   100    5918    (-,-) 
  u_lsu_mem_cacheable_q_reg/D                           <<<     -     R     DFFRHQX1        1    -     -     0    5918    (-,-) 
#-------------------------------------------------------------------------------------------------------------------------------

@genus:design:riscv_core 3> syn_opt
Current PLE settings:

Aspect ratio        : 1.000
Shrink factor       : 1.000
Scale of res/length : 1.000
Scale of cap/length : 1.000
Net derating factor : 1.000
Thermal factor      : 1.324
Via Resistance      : 0.600 ohm (from qrc_tech_file)
Site size           : 1.910 um (from lef [tech+cell])

                                    Capacitance  
   Layer                             / Length         Data source:
 Name        Direction Utilization  (pF/micron)       qrc_tech_file
-------------------------------------------------
metal1_conn      H         0.00        0.000367  
metal2_conn      V         1.00        0.000317  
metal3_conn      H         1.00        0.000315  
metal4_conn      V         1.00        0.000317  
metal5_conn      H         1.00        0.000317  
metal6_conn      V         1.00        0.000318  
metal7_conn      H         1.00        0.000318  
metal8_conn      V         1.00        0.000315  
metal9_conn      H         1.00        0.001755  
metal10_conn     V         1.00        0.000854  
metal11_conn     H         1.00        0.000739  

                                     Resistance   
   Layer                              / Length         Data source:
 Name        Direction Utilization  (ohm/micron)       qrc_tech_file
--------------------------------------------------
metal1_conn      H         0.00         1.900028  
metal2_conn      V         1.00         1.183743  
metal3_conn      H         1.00         1.183743  
metal4_conn      V         1.00         1.183743  
metal5_conn      H         1.00         1.183743  
metal6_conn      V         1.00         1.183743  
metal7_conn      H         1.00         1.183743  
metal8_conn      V         1.00         0.432387  
metal9_conn      H         1.00         0.432387  
metal10_conn     V         1.00         0.157232  
metal11_conn     H         1.00         0.158932  

                                         Area     
   Layer                               / Length        Data source:
 Name        Direction Utilization     (micron)        lef_library
--------------------------------------------------
Metal1           H         0.00         0.060000  
Metal2           V         1.00         0.080000  
Metal3           H         1.00         0.080000  
Metal4           V         1.00         0.080000  
Metal5           H         1.00         0.080000  
Metal6           V         1.00         0.080000  
Metal7           H         1.00         0.080000  
Metal8           V         1.00         0.080000  
Metal9           H         1.00         0.080000  
Metal10          V         1.00         0.220000  
Metal11          H         1.00         0.220000  

Info    : Incrementally optimizing. [SYNTH-7]
        : Incrementally optimizing 'riscv_core' using 'high' effort.
 
Incremental optimization status
===============================
                                   Group   
                                  Tot Wrst     Total - - DRC Totals - -
                           Total  Weighted      Neg      Max       Max 
Operation                   Area   Slacks      Slack    Trans      Cap 
 init_iopt                142171      -25     -1046     12144        0
            Worst cost_group: clk, WNS: -25.7
            Path: u_frontend_u_decode_genblk1.u_fifo_rd_ptr_q_reg[0]/CK -->
                    u_lsu_mem_cacheable_q_reg/D
-------------------------------------------------------------------------------
 const_prop               142169      -25     -1046     12144        0
            Worst cost_group: clk, WNS: -25.7
            Path: u_frontend_u_decode_genblk1.u_fifo_rd_ptr_q_reg[0]/CK -->
                    u_lsu_mem_cacheable_q_reg/D
 simp_cc_inputs           142063      -25     -1046     11762        0
            Worst cost_group: clk, WNS: -25.7
            Path: u_frontend_u_decode_genblk1.u_fifo_rd_ptr_q_reg[0]/CK -->
                    u_lsu_mem_cacheable_q_reg/D
-------------------------------------------------------------------------------
 hi_fo_buf                142063      -25     -1046     11762        0
            Worst cost_group: clk, WNS: -25.7
            Path: u_frontend_u_decode_genblk1.u_fifo_rd_ptr_q_reg[0]/CK -->
                    u_lsu_mem_cacheable_q_reg/D

           Trick     Calls     Accepts   Attempts    Time(secs) 
-----------------------------------------------------------
       hi_fo_buf         1  (        0 /        0 )  0.00

 
Incremental optimization status
===============================
                                   Group   
                                  Tot Wrst     Total - - DRC Totals - -
                           Total  Weighted      Neg      Max       Max 
Operation                   Area   Slacks      Slack    Trans      Cap 
 init_delay               142063      -25     -1046     11762        0
            Worst cost_group: clk, WNS: -25.7
            Path: u_frontend_u_decode_genblk1.u_fifo_rd_ptr_q_reg[0]/CK -->
                    u_lsu_mem_cacheable_q_reg/D
 incr_delay               142316        0         0     13849        0

           Trick     Calls     Accepts   Attempts    Time(secs) 
-----------------------------------------------------------
        crit_msz       331  (      205 /      220 )  4.72
       crit_upsz         0  (        0 /        0 )  0.00
       crit_slew         0  (        0 /        0 )  0.00
        setup_dn         0  (        0 /        0 )  0.00
    plc_bal_star         0  (        0 /        0 )  0.00
     drc_buftimb         0  (        0 /        0 )  0.00
          plc_st         0  (        0 /        0 )  0.00
    plc_st_fence         0  (        0 /        0 )  0.00
        plc_star         0  (        0 /        0 )  0.00
      plc_laf_st         0  (        0 /        0 )  0.00
 plc_laf_st_fence         0  (        0 /        0 )  0.00
     drc_buftims         0  (        0 /        0 )  0.00
   plc_laf_lo_st         0  (        0 /        0 )  0.00
       plc_lo_st         0  (        0 /        0 )  0.00
            fopt         0  (        0 /        0 )  0.00
       crit_swap         0  (        0 /        0 )  0.00
       mux2_swap         0  (        0 /        0 )  0.00
       crit_dnsz         0  (        0 /        0 )  0.00
       load_swap         0  (        0 /        0 )  0.00
            fopt         0  (        0 /        0 )  0.00
        setup_dn         0  (        0 /        0 )  0.00
       load_isol         0  (        0 /        0 )  0.00
       load_isol         0  (        0 /        0 )  0.00
        move_for         0  (        0 /        0 )  0.00
        move_for         0  (        0 /        0 )  0.00
          rem_bi         0  (        0 /        0 )  0.00
         offload         0  (        0 /        0 )  0.00
          rem_bi         0  (        0 /        0 )  0.00
         offload         0  (        0 /        0 )  0.00
           phase         0  (        0 /        0 )  0.00
        in_phase         0  (        0 /        0 )  0.00
       merge_bit         0  (        0 /        0 )  0.00
     merge_idrvr         0  (        0 /        0 )  0.00
     merge_iload         0  (        0 /        0 )  0.00
    merge_idload         0  (        0 /        0 )  0.00
      merge_drvr         0  (        0 /        0 )  0.00
      merge_load         0  (        0 /        0 )  0.00
          decomp         0  (        0 /        0 )  0.00
        p_decomp         0  (        0 /        0 )  0.00
        levelize         0  (        0 /        0 )  0.00
        mb_split         0  (        0 /        0 )  0.00
             dup         0  (        0 /        0 )  0.00
      mux_retime         0  (        0 /        0 )  0.00
         buf2inv         0  (        0 /        0 )  0.00
             exp         0  (        0 /        0 )  0.00
       gate_deco         0  (        0 /        0 )  0.00
       gcomp_tim         0  (        0 /        0 )  0.00
  inv_pair_2_buf         0  (        0 /        0 )  0.00


           Trick     Calls     Accepts   Attempts    Time(secs) 
-----------------------------------------------------------
         crr_220         0  (        0 /        0 )  0.00
        crr_glob         0  (        0 /        0 )  0.00
         crr_320         0  (        0 /        0 )  0.00
        crr_glob         0  (        0 /        0 )  0.00
         crr_330         0  (        0 /        0 )  0.00
        crr_glob         0  (        0 /        0 )  0.00
         crr_230         0  (        0 /        0 )  0.00
        crr_glob         0  (        0 /        0 )  0.00
         crr_130         0  (        0 /        0 )  0.00
        crr_glob         0  (        0 /        0 )  0.00
         crr_420         0  (        0 /        0 )  0.00
        crr_glob         0  (        0 /        0 )  0.00
         crr_310         0  (        0 /        0 )  0.00
        crr_glob         0  (        0 /        0 )  0.00
         crr_200         0  (        0 /        0 )  0.00
        crr_glob         0  (        0 /        0 )  0.00
         crr_300         0  (        0 /        0 )  0.00
        crr_glob         0  (        0 /        0 )  0.00
         crr_400         0  (        0 /        0 )  0.00
        crr_glob         0  (        0 /        0 )  0.00
         crr_410         0  (        0 /        0 )  0.00
        crr_glob         0  (        0 /        0 )  0.00
         crr_500         0  (        0 /        0 )  0.00
        crr_glob         0  (        0 /        0 )  0.00
         crr_120         0  (        0 /        0 )  0.00
        crr_glob         0  (        0 /        0 )  0.00
         crr_111         0  (        0 /        0 )  0.00
        crr_glob         0  (        0 /        0 )  0.00
         crr_210         0  (        0 /        0 )  0.00
        crr_glob         0  (        0 /        0 )  0.00
         crr_110         0  (        0 /        0 )  0.00
        crr_glob         0  (        0 /        0 )  0.00
         crr_101         0  (        0 /        0 )  0.00
        crr_glob         0  (        0 /        0 )  0.00
         crr_201         0  (        0 /        0 )  0.00
        crr_glob         0  (        0 /        0 )  0.00
         crr_211         0  (        0 /        0 )  0.00
        crr_glob         0  (        0 /        0 )  0.00
        crit_msz         0  (        0 /        0 )  0.00
       crit_upsz         0  (        0 /        0 )  0.00
       crit_slew         0  (        0 /        0 )  0.00
        setup_dn         0  (        0 /        0 )  0.00
    plc_bal_star         0  (        0 /        0 )  0.00
     drc_buftimb         0  (        0 /        0 )  0.00
          plc_st         0  (        0 /        0 )  0.00
    plc_st_fence         0  (        0 /        0 )  0.00
        plc_star         0  (        0 /        0 )  0.00
      plc_laf_st         0  (        0 /        0 )  0.00
 plc_laf_st_fence         0  (        0 /        0 )  0.00
     drc_buftims         0  (        0 /        0 )  0.00
       plc_lo_st         0  (        0 /        0 )  0.00
            fopt         0  (        0 /        0 )  0.00
       crit_swap         0  (        0 /        0 )  0.00
       mux2_swap         0  (        0 /        0 )  0.00
       crit_dnsz         0  (        0 /        0 )  0.00
       load_swap         0  (        0 /        0 )  0.00
            fopt         0  (        0 /        0 )  0.00
        setup_dn         0  (        0 /        0 )  0.00
       load_isol         0  (        0 /        0 )  0.00
       load_isol         0  (        0 /        0 )  0.00
        move_for         0  (        0 /        0 )  0.00
        move_for         0  (        0 /        0 )  0.00
          rem_bi         0  (        0 /        0 )  0.00
         offload         0  (        0 /        0 )  0.00
          rem_bi         0  (        0 /        0 )  0.00
         offload         0  (        0 /        0 )  0.00
       merge_bit         0  (        0 /        0 )  0.00
     merge_idrvr         0  (        0 /        0 )  0.00
     merge_iload         0  (        0 /        0 )  0.00
    merge_idload         0  (        0 /        0 )  0.00
      merge_drvr         0  (        0 /        0 )  0.00
      merge_load         0  (        0 /        0 )  0.00
           phase         0  (        0 /        0 )  0.00
          decomp         0  (        0 /        0 )  0.00
        p_decomp         0  (        0 /        0 )  0.00
        levelize         0  (        0 /        0 )  0.00
        mb_split         0  (        0 /        0 )  0.00
        in_phase         0  (        0 /        0 )  0.00
             dup         0  (        0 /        0 )  0.00
      mux_retime         0  (        0 /        0 )  0.00
         buf2inv         0  (        0 /        0 )  0.00
             exp         0  (        0 /        0 )  0.00
       gate_deco         0  (        0 /        0 )  0.00
       gcomp_tim         0  (        0 /        0 )  0.00
  inv_pair_2_buf         0  (        0 /        0 )  0.00
 init_drc                 142316        0         0     13849        0
 incr_max_trans           142747        0         0       867        0
 incr_max_trans           142758        0         0       464        0

           Trick     Calls     Accepts   Attempts    Time(secs) 
-----------------------------------------------------------
          plc_st       105  (        0 /        0 )  0.00
        plc_star       105  (        0 /        0 )  0.00
        drc_bufs       210  (       62 /      105 )  0.96
        drc_fopt        43  (        0 /        0 )  0.01
        drc_bufb        43  (        0 /        0 )  0.00
      simple_buf        43  (       15 /       42 )  0.36
             dup        28  (        0 /        0 )  0.00
       crit_dnsz         1  (        0 /        0 )  0.00
       crit_upsz        28  (        0 /       27 )  0.14
       crit_slew        28  (        0 /        0 )  0.00


           Trick     Calls     Accepts   Attempts    Time(secs) 
-----------------------------------------------------------
          plc_st         0  (        0 /        0 )  0.00
        plc_star         0  (        0 /        0 )  0.00
      drc_buf_sp         0  (        0 /        0 )  0.00
        drc_bufs         0  (        0 /        0 )  0.00
        drc_fopt         0  (        0 /        0 )  0.00
        drc_bufb         0  (        0 /        0 )  0.00
      simple_buf         0  (        0 /        0 )  0.00
             dup         0  (        0 /        0 )  0.00
       crit_dnsz         0  (        0 /        0 )  0.00
       crit_upsz         0  (        0 /        0 )  0.00


           Trick     Calls     Accepts   Attempts    Time(secs) 
-----------------------------------------------------------
          plc_st         0  (        0 /        0 )  0.00
        plc_star         0  (        0 /        0 )  0.00
      drc_buf_sp         0  (        0 /        0 )  0.00
        drc_bufs         0  (        0 /        0 )  0.00
        drc_fopt         0  (        0 /        0 )  0.00
        drc_bufb         0  (        0 /        0 )  0.00
             dup         0  (        0 /        0 )  0.00
       crit_dnsz         0  (        0 /        0 )  0.00
       crit_upsz         0  (        0 /        0 )  0.00

 init_tns                 142758        0         0       464        0

           Trick     Calls     Accepts   Attempts    Time(secs) 
-----------------------------------------------------------
            fopt         0  (        0 /        0 )  0.00
    plc_bal_star         0  (        0 /        0 )  0.00
     drc_buftimb         0  (        0 /        0 )  0.00
     drc_buftims         0  (        0 /        0 )  0.00
        crit_msz         0  (        0 /        0 )  0.00
       crit_upsz         0  (        0 /        0 )  0.00
   plc_laf_lo_st         0  (        0 /        0 )  0.00
       plc_lo_st         0  (        0 /        0 )  0.00
       crit_swap         0  (        0 /        0 )  0.00
       mux2_swap         0  (        0 /        0 )  0.00
       crit_dnsz         0  (        0 /        0 )  0.00
       load_swap         0  (        0 /        0 )  0.00
            fopt         0  (        0 /        0 )  0.00
        setup_dn         0  (        0 /        0 )  0.00
       load_isol         0  (        0 /        0 )  0.00
       load_isol         0  (        0 /        0 )  0.00
        move_for         0  (        0 /        0 )  0.00
        move_for         0  (        0 /        0 )  0.00
          rem_bi         0  (        0 /        0 )  0.00
         offload         0  (        0 /        0 )  0.00
          rem_bi         0  (        0 /        0 )  0.00
         offload         0  (        0 /        0 )  0.00
       merge_bit         0  (        0 /        0 )  0.00
     merge_idrvr         0  (        0 /        0 )  0.00
     merge_iload         0  (        0 /        0 )  0.00
    merge_idload         0  (        0 /        0 )  0.00
      merge_drvr         0  (        0 /        0 )  0.00
      merge_load         0  (        0 /        0 )  0.00
           phase         0  (        0 /        0 )  0.00
          decomp         0  (        0 /        0 )  0.00
        p_decomp         0  (        0 /        0 )  0.00
        levelize         0  (        0 /        0 )  0.00
        mb_split         0  (        0 /        0 )  0.00
             dup         0  (        0 /        0 )  0.00
      mux_retime         0  (        0 /        0 )  0.00
       crr_local         0  (        0 /        0 )  0.00
         buf2inv         0  (        0 /        0 )  0.00

 init_area                142758        0         0       464        0
 undup                    142756        0         0       464        0
 rem_buf                  141038        0         0       464        0
 rem_inv                  139704        0         0       464        0
 merge_bi                 139377        0         0       464        0
 merge_bi                 139375        0         0       464        0
 merge_bi                 139356        0         0       464        0
 rem_inv_qb               139195        0         0       464        0
 seq_res_area             139126        0         0       464        0
 io_phase                 138994        0         0       462        0
 gate_comp                137302        0         0       462        0
 gcomp_mog                137274        0         0       462        0
 glob_area                133641        0         0       461        0
 area_down                132315        0         0       461        0
 size_n_buf               132302        0         0       461        0
 rem_buf                  132277        0         0       461        0
 rem_inv                  132246        0         0       461        0
 merge_bi                 132234        0         0       461        0
 rem_inv_qb               132233        0         0       461        0

           Trick     Calls     Accepts   Attempts    Time(secs) 
-----------------------------------------------------------
           undup        23  (        1 /        1 )  0.20
         rem_buf       857  (      501 /      532 )  3.38
         rem_inv       824  (      496 /      508 )  4.41
        merge_bi       253  (      133 /      145 )  2.01
      rem_inv_qb       195  (        4 /        4 )  0.50
    seq_res_area        51  (        3 /        6 )  23.62
        io_phase       454  (       61 /       91 )  1.60
       gate_comp      6396  (      880 /      929 )  24.04
       gcomp_mog        24  (        9 /        9 )  1.50
       glob_area       136  (      134 /      136 )  17.53
       area_down      3380  (      862 /      935 )  27.47
      size_n_buf        67  (        3 /        3 )  1.06
  gate_deco_area         0  (        0 /        0 )  0.04
         rem_buf       373  (       11 /       38 )  1.20
         rem_inv       248  (       10 /       16 )  0.90
        merge_bi       114  (        5 /       13 )  0.72
      rem_inv_qb        47  (        1 /        2 )  0.12

 
Incremental optimization status
===============================
                                   Group   
                                  Tot Wrst     Total - - DRC Totals - -
                           Total  Weighted      Neg      Max       Max 
Operation                   Area   Slacks      Slack    Trans      Cap 
 init_delay               132233        0         0       461        0

           Trick     Calls     Accepts   Attempts    Time(secs) 
-----------------------------------------------------------
         crr_220         0  (        0 /        0 )  0.00
        crr_glob         0  (        0 /        0 )  0.00
         crr_320         0  (        0 /        0 )  0.00
        crr_glob         0  (        0 /        0 )  0.00
         crr_330         0  (        0 /        0 )  0.00
        crr_glob         0  (        0 /        0 )  0.00
         crr_230         0  (        0 /        0 )  0.00
        crr_glob         0  (        0 /        0 )  0.00
         crr_130         0  (        0 /        0 )  0.00
        crr_glob         0  (        0 /        0 )  0.00
         crr_420         0  (        0 /        0 )  0.00
        crr_glob         0  (        0 /        0 )  0.00
         crr_310         0  (        0 /        0 )  0.00
        crr_glob         0  (        0 /        0 )  0.00
         crr_200         0  (        0 /        0 )  0.00
        crr_glob         0  (        0 /        0 )  0.00
         crr_300         0  (        0 /        0 )  0.00
        crr_glob         0  (        0 /        0 )  0.00
         crr_400         0  (        0 /        0 )  0.00
        crr_glob         0  (        0 /        0 )  0.00
         crr_410         0  (        0 /        0 )  0.00
        crr_glob         0  (        0 /        0 )  0.00
         crr_500         0  (        0 /        0 )  0.00
        crr_glob         0  (        0 /        0 )  0.00
         crr_120         0  (        0 /        0 )  0.00
        crr_glob         0  (        0 /        0 )  0.00
         crr_111         0  (        0 /        0 )  0.00
        crr_glob         0  (        0 /        0 )  0.00
         crr_210         0  (        0 /        0 )  0.00
        crr_glob         0  (        0 /        0 )  0.00
         crr_110         0  (        0 /        0 )  0.00
        crr_glob         0  (        0 /        0 )  0.00
         crr_101         0  (        0 /        0 )  0.00
        crr_glob         0  (        0 /        0 )  0.00
         crr_201         0  (        0 /        0 )  0.00
        crr_glob         0  (        0 /        0 )  0.00
         crr_211         0  (        0 /        0 )  0.00
        crr_glob         0  (        0 /        0 )  0.00
        crit_msz         0  (        0 /        0 )  0.00
       crit_upsz         0  (        0 /        0 )  0.00
       crit_slew         0  (        0 /        0 )  0.00
        setup_dn         0  (        0 /        0 )  0.00
    plc_bal_star         0  (        0 /        0 )  0.00
     drc_buftimb         0  (        0 /        0 )  0.00
          plc_st         0  (        0 /        0 )  0.00
    plc_st_fence         0  (        0 /        0 )  0.00
        plc_star         0  (        0 /        0 )  0.00
      plc_laf_st         0  (        0 /        0 )  0.00
 plc_laf_st_fence         0  (        0 /        0 )  0.00
     drc_buftims         0  (        0 /        0 )  0.00
       plc_lo_st         0  (        0 /        0 )  0.00
            fopt         0  (        0 /        0 )  0.00
       crit_swap         0  (        0 /        0 )  0.00
       mux2_swap         0  (        0 /        0 )  0.00
       crit_dnsz         0  (        0 /        0 )  0.00
       load_swap         0  (        0 /        0 )  0.00
            fopt         0  (        0 /        0 )  0.00
        setup_dn         0  (        0 /        0 )  0.00
       load_isol         0  (        0 /        0 )  0.00
       load_isol         0  (        0 /        0 )  0.00
        move_for         0  (        0 /        0 )  0.00
        move_for         0  (        0 /        0 )  0.00
          rem_bi         0  (        0 /        0 )  0.00
         offload         0  (        0 /        0 )  0.00
          rem_bi         0  (        0 /        0 )  0.00
         offload         0  (        0 /        0 )  0.00
       merge_bit         0  (        0 /        0 )  0.00
     merge_idrvr         0  (        0 /        0 )  0.00
     merge_iload         0  (        0 /        0 )  0.00
    merge_idload         0  (        0 /        0 )  0.00
      merge_drvr         0  (        0 /        0 )  0.00
      merge_load         0  (        0 /        0 )  0.00
           phase         0  (        0 /        0 )  0.00
          decomp         0  (        0 /        0 )  0.00
        p_decomp         0  (        0 /        0 )  0.00
        levelize         0  (        0 /        0 )  0.00
        mb_split         0  (        0 /        0 )  0.00
        in_phase         0  (        0 /        0 )  0.00
             dup         0  (        0 /        0 )  0.00
      mux_retime         0  (        0 /        0 )  0.00
         buf2inv         0  (        0 /        0 )  0.00
             exp         0  (        0 /        0 )  0.00
       gate_deco         0  (        0 /        0 )  0.00
       gcomp_tim         0  (        0 /        0 )  0.00
  inv_pair_2_buf         0  (        0 /        0 )  0.00
 init_drc                 132233        0         0       461        0
 incr_max_trans           132235        0         0       232        0

           Trick     Calls     Accepts   Attempts    Time(secs) 
-----------------------------------------------------------
          plc_st        28  (        0 /        0 )  0.00
        plc_star        28  (        0 /        0 )  0.00
        drc_bufs        56  (        0 /       28 )  0.03
        drc_fopt        28  (        0 /        0 )  0.01
        drc_bufb        28  (        0 /        0 )  0.00
      simple_buf        28  (        1 /       28 )  0.26
             dup        27  (        0 /        0 )  0.00
       crit_dnsz         0  (        0 /        0 )  0.00
       crit_upsz        27  (        0 /       27 )  0.17
       crit_slew        27  (        0 /        0 )  0.00


           Trick     Calls     Accepts   Attempts    Time(secs) 
-----------------------------------------------------------
          plc_st         0  (        0 /        0 )  0.00
        plc_star         0  (        0 /        0 )  0.00
        drc_bufs         0  (        0 /        0 )  0.00
        drc_fopt         0  (        0 /        0 )  0.00
        drc_bufb         0  (        0 /        0 )  0.00
      simple_buf         0  (        0 /        0 )  0.00
             dup         0  (        0 /        0 )  0.00
       crit_dnsz         0  (        0 /        0 )  0.00
       crit_upsz         0  (        0 /        0 )  0.00


           Trick     Calls     Accepts   Attempts    Time(secs) 
-----------------------------------------------------------
          plc_st         0  (        0 /        0 )  0.00
        plc_star         0  (        0 /        0 )  0.00
        drc_bufs         0  (        0 /        0 )  0.00
        drc_fopt         0  (        0 /        0 )  0.00
        drc_bufb         0  (        0 /        0 )  0.00
             dup         0  (        0 /        0 )  0.00
       crit_dnsz         0  (        0 /        0 )  0.00
       crit_upsz         0  (        0 /        0 )  0.00

 init_tns                 132235        0         0       232        0

           Trick     Calls     Accepts   Attempts    Time(secs) 
-----------------------------------------------------------
            fopt         0  (        0 /        0 )  0.00
    plc_bal_star         0  (        0 /        0 )  0.00
     drc_buftimb         0  (        0 /        0 )  0.00
     drc_buftims         0  (        0 /        0 )  0.00
        crit_msz         0  (        0 /        0 )  0.00
       crit_upsz         0  (        0 /        0 )  0.00
   plc_laf_lo_st         0  (        0 /        0 )  0.00
       plc_lo_st         0  (        0 /        0 )  0.00
       crit_swap         0  (        0 /        0 )  0.00
       mux2_swap         0  (        0 /        0 )  0.00
       crit_dnsz         0  (        0 /        0 )  0.00
       load_swap         0  (        0 /        0 )  0.00
            fopt         0  (        0 /        0 )  0.00
        setup_dn         0  (        0 /        0 )  0.00
       load_isol         0  (        0 /        0 )  0.00
       load_isol         0  (        0 /        0 )  0.00
        move_for         0  (        0 /        0 )  0.00
        move_for         0  (        0 /        0 )  0.00
          rem_bi         0  (        0 /        0 )  0.00
         offload         0  (        0 /        0 )  0.00
          rem_bi         0  (        0 /        0 )  0.00
         offload         0  (        0 /        0 )  0.00
       merge_bit         0  (        0 /        0 )  0.00
     merge_idrvr         0  (        0 /        0 )  0.00
     merge_iload         0  (        0 /        0 )  0.00
    merge_idload         0  (        0 /        0 )  0.00
      merge_drvr         0  (        0 /        0 )  0.00
      merge_load         0  (        0 /        0 )  0.00
           phase         0  (        0 /        0 )  0.00
          decomp         0  (        0 /        0 )  0.00
        p_decomp         0  (        0 /        0 )  0.00
        levelize         0  (        0 /        0 )  0.00
        mb_split         0  (        0 /        0 )  0.00
             dup         0  (        0 /        0 )  0.00
      mux_retime         0  (        0 /        0 )  0.00
       crr_local         0  (        0 /        0 )  0.00
         buf2inv         0  (        0 /        0 )  0.00

 init_area                132235        0         0       232        0
 undup                    132226        0         0       232        0
 rem_buf                  132223        0         0       232        0
 rem_inv                  132220        0         0       232        0
 io_phase                 132183        0         0       232        0
 gate_comp                132106        0         0       232        0
 gcomp_mog                132094        0         0       232        0
 glob_area                131883        0         0       232        0
 area_down                131784        0         0       232        0

           Trick     Calls     Accepts   Attempts    Time(secs) 
-----------------------------------------------------------
           undup        26  (        3 /        3 )  0.21
         rem_buf       363  (        1 /       28 )  1.01
         rem_inv       234  (        1 /        7 )  0.78
        merge_bi       108  (        0 /        8 )  0.68
      rem_inv_qb        46  (        0 /        1 )  0.09
        io_phase       388  (       32 /       32 )  0.88
       gate_comp      5223  (       85 /       94 )  17.32
       gcomp_mog        16  (        1 /        1 )  1.56
       glob_area       118  (       98 /      118 )  17.01
       area_down      3130  (       95 /      172 )  19.96
      size_n_buf         0  (        0 /        0 )  0.09
  gate_deco_area         0  (        0 /        0 )  0.00

 
Incremental optimization status
===============================
                                   Group   
                                  Tot Wrst     Total - - DRC Totals - -
                           Total  Weighted      Neg      Max       Max 
Operation                   Area   Slacks      Slack    Trans      Cap 
 init_delay               131784        0         0       232        0

           Trick     Calls     Accepts   Attempts    Time(secs) 
-----------------------------------------------------------
        crit_msz         0  (        0 /        0 )  0.00
       crit_upsz         0  (        0 /        0 )  0.00
       crit_slew         0  (        0 /        0 )  0.00
        setup_dn         0  (        0 /        0 )  0.00
    plc_bal_star         0  (        0 /        0 )  0.00
     drc_buftimb         0  (        0 /        0 )  0.00
          plc_st         0  (        0 /        0 )  0.00
    plc_st_fence         0  (        0 /        0 )  0.00
        plc_star         0  (        0 /        0 )  0.00
      plc_laf_st         0  (        0 /        0 )  0.00
 plc_laf_st_fence         0  (        0 /        0 )  0.00
     drc_buftims         0  (        0 /        0 )  0.00
   plc_laf_lo_st         0  (        0 /        0 )  0.00
       plc_lo_st         0  (        0 /        0 )  0.00
            fopt         0  (        0 /        0 )  0.00
       crit_swap         0  (        0 /        0 )  0.00
       mux2_swap         0  (        0 /        0 )  0.00
       crit_dnsz         0  (        0 /        0 )  0.00
       load_swap         0  (        0 /        0 )  0.00
            fopt         0  (        0 /        0 )  0.00
        setup_dn         0  (        0 /        0 )  0.00
       load_isol         0  (        0 /        0 )  0.00
       load_isol         0  (        0 /        0 )  0.00
        move_for         0  (        0 /        0 )  0.00
        move_for         0  (        0 /        0 )  0.00
          rem_bi         0  (        0 /        0 )  0.00
         offload         0  (        0 /        0 )  0.00
          rem_bi         0  (        0 /        0 )  0.00
         offload         0  (        0 /        0 )  0.00
           phase         0  (        0 /        0 )  0.00
        in_phase         0  (        0 /        0 )  0.00
       merge_bit         0  (        0 /        0 )  0.00
     merge_idrvr         0  (        0 /        0 )  0.00
     merge_iload         0  (        0 /        0 )  0.00
    merge_idload         0  (        0 /        0 )  0.00
      merge_drvr         0  (        0 /        0 )  0.00
      merge_load         0  (        0 /        0 )  0.00
          decomp         0  (        0 /        0 )  0.00
        p_decomp         0  (        0 /        0 )  0.00
        levelize         0  (        0 /        0 )  0.00
        mb_split         0  (        0 /        0 )  0.00
             dup         0  (        0 /        0 )  0.00
      mux_retime         0  (        0 /        0 )  0.00
         buf2inv         0  (        0 /        0 )  0.00
             exp         0  (        0 /        0 )  0.00
       gate_deco         0  (        0 /        0 )  0.00
       gcomp_tim         0  (        0 /        0 )  0.00
  inv_pair_2_buf         0  (        0 /        0 )  0.00

 init_drc                 131784        0         0       232        0

           Trick     Calls     Accepts   Attempts    Time(secs) 
-----------------------------------------------------------
          plc_st        27  (        0 /        0 )  0.00
        plc_star        27  (        0 /        0 )  0.00
        drc_bufs        54  (        0 /       27 )  0.02
        drc_fopt        27  (        0 /        0 )  0.01
        drc_bufb        27  (        0 /        0 )  0.00
      simple_buf        27  (        0 /       27 )  0.21
             dup        27  (        0 /        0 )  0.00
       crit_dnsz         0  (        0 /        0 )  0.00
       crit_upsz        27  (        0 /       27 )  0.16
       crit_slew        27  (        0 /        0 )  0.00


           Trick     Calls     Accepts   Attempts    Time(secs) 
-----------------------------------------------------------
          plc_st         0  (        0 /        0 )  0.00
        plc_star         0  (        0 /        0 )  0.00
        drc_bufs         0  (        0 /        0 )  0.00
        drc_fopt         0  (        0 /        0 )  0.00
        drc_bufb         0  (        0 /        0 )  0.00
      simple_buf         0  (        0 /        0 )  0.00
             dup         0  (        0 /        0 )  0.00
       crit_dnsz         0  (        0 /        0 )  0.00
       crit_upsz         0  (        0 /        0 )  0.00


           Trick     Calls     Accepts   Attempts    Time(secs) 
-----------------------------------------------------------
          plc_st         0  (        0 /        0 )  0.00
        plc_star         0  (        0 /        0 )  0.00
        drc_bufs         0  (        0 /        0 )  0.00
        drc_fopt         0  (        0 /        0 )  0.00
        drc_bufb         0  (        0 /        0 )  0.00
             dup         0  (        0 /        0 )  0.00
       crit_dnsz         0  (        0 /        0 )  0.00
       crit_upsz         0  (        0 /        0 )  0.00

==================================
Stage : incr_opt 
==================================
  =================
   Message Summary
  =================
-------------------------------------------------------------------------------------------------------------------
|   Id    |  Sev   |Count |                                     Message Text                                      |
-------------------------------------------------------------------------------------------------------------------
| CFM-1   |Info    |    1 |Wrote dofile.                                                                          |
| CFM-5   |Info    |    1 |Wrote formal verification information.                                                 |
| LBR-155 |Info    |  528 |Mismatch in unateness between 'timing_sense' attribute and the function.               |
|         |        |      |The 'timing_sense' attribute will be respected.                                        |
| MESG-10 |Warning |    2 |Unknown message ID.                                                                    |
| PA-7    |Info    |    4 |Resetting power analysis results.                                                      |
|         |        |      |All computed switching activities are removed.                                         |
| RPT-16  |Info    |    1 |Joules engine is used.                                                                 |
| ST-112  |Info    |    7 |A super-threading server has been shut down normally.                                  |
|         |        |      |A super-threaded optimization is complete and a CPU server was successfully shut down. |
| SYNTH-5 |Info    |    1 |Done mapping.                                                                          |
| SYNTH-7 |Info    |    1 |Incrementally optimizing.                                                              |
-------------------------------------------------------------------------------------------------------------------
Info    : Done incrementally optimizing. [SYNTH-8]
        : Done incrementally optimizing 'riscv_core'.
      flow.cputime  flow.realtime  timing.setup.tns  timing.setup.wns  snapshot
UM:*                                                                   syn_opt
@genus:design:riscv_core 4> report_timing
============================================================
  Generated by:           Genus(TM) Synthesis Solution 21.18-s082_1
  Generated on:           Dec 02 2025  01:22:46 pm
  Module:                 riscv_core
  Operating conditions:   PVT_0P9V_125C 
  Operating conditions:   PVT_1P32V_0C 
  Interconnect mode:      global
  Area mode:              physical library
============================================================


Path 1: MET (0 ps) Setup Check with Pin u_mul_pp_scaled_s_p1_r_reg[1][20]/CK->D
          Group: clk
     Startpoint: (R) u_frontend_u_decode_genblk1.u_fifo_rd_ptr_q_reg[0]/CK
          Clock: (R) clk
       Endpoint: (R) u_mul_pp_scaled_s_p1_r_reg[1][20]/D
          Clock: (R) clk

                     Capture       Launch     
        Clock Edge:+    5990            0     
       Src Latency:+       0            0     
       Net Latency:+     100 (I)      100 (I) 
           Arrival:=    6090          100     
                                              
             Setup:-     170                  
       Uncertainty:-      50                  
     Required Time:=    5870                  
      Launch Clock:-     100                  
         Data Path:-    5770                  
             Slack:=       0                  

#-------------------------------------------------------------------------------------------------------------------------------
#                     Timing Point                      Flags   Arc   Edge    Cell     Fanout Load Trans Delay Arrival Instance 
#                                                                                             (fF)  (ps)  (ps)   (ps)  Location 
#-------------------------------------------------------------------------------------------------------------------------------
  u_frontend_u_decode_genblk1.u_fifo_rd_ptr_q_reg[0]/CK -       -     R     (arrival)    3967    -     0     0     100    (-,-) 
  u_frontend_u_decode_genblk1.u_fifo_rd_ptr_q_reg[0]/Q  -       CK->Q R     DFFRX4          1  9.3    81   305     405    (-,-) 
  fopt188/Y                                             -       A->Y  F     CLKINVX16       2 15.9    54    62     466    (-,-) 
  fopt154/Y                                             -       A->Y  R     INVX20          5 39.0    62    64     531    (-,-) 
  fopt111/Y                                             -       A->Y  F     CLKINVX16      10 27.0    69    65     596    (-,-) 
  fopt110/Y                                             -       A->Y  R     CLKINVX8        4 12.8    52    57     653    (-,-) 
  g383252/Y                                             -       B->Y  F     NOR2X4          1  5.8    64    59     711    (-,-) 
  g383208/Y                                             -       A->Y  R     NOR2X8          2 10.9    89    93     805    (-,-) 
  g383127/Y                                             -       A->Y  F     CLKINVX12       7 14.1    59    68     872    (-,-) 
  g384163/Y                                             -       B->Y  R     NOR2BX4         1  5.3    87    78     951    (-,-) 
  g382895/Y                                             -       B->Y  F     NOR2X6          1  5.8    54    68    1019    (-,-) 
  g382768/Y                                             -       A->Y  R     NAND2X8         1  5.3    37    46    1065    (-,-) 
  g382730/Y                                             -       A->Y  F     NOR2X6          1  4.0    41    47    1112    (-,-) 
  g382670/Y                                             -       A->Y  F     CLKAND2X6       2  9.5    61   114    1226    (-,-) 
  g382639/Y                                             -       A->Y  R     CLKINVX6        1  6.1    38    47    1273    (-,-) 
  g382554/Y                                             -       C->Y  F     NOR3X8          1  4.5    52    41    1314    (-,-) 
  g382481/Y                                             -       A->Y  F     CLKAND2X12      7 23.6    77   134    1448    (-,-) 
  g382269/Y                                             -       B->Y  F     CLKAND2X3       1  5.8    67   128    1576    (-,-) 
  g382210/Y                                             -       B->Y  R     NOR2X8          4 14.4   108    93    1670    (-,-) 
  g382104/Y                                             -       A->Y  R     CLKBUFX16       8 23.9    57   141    1811    (-,-) 
  g381631/Y                                             -       A1->Y F     OAI22X4         1  5.8   158   139    1950    (-,-) 
  g381422/Y                                             -       C->Y  R     NOR3X8          1  6.1   111   126    2076    (-,-) 
  g381122/Y                                             -       B->Y  F     NAND2X8         1  5.8    90   103    2178    (-,-) 
  g381071/Y                                             -       B->Y  R     NOR2X8          3 11.0    93    92    2270    (-,-) 
  g380743/Y                                             -       A->Y  F     NOR2X8          1  5.8    51    75    2345    (-,-) 
  g380553/Y                                             -       B->Y  R     NAND2X8         1  6.1    53    43    2388    (-,-) 
  g380309/Y                                             -       B->Y  F     NOR2X8          4 14.0    73    63    2452    (-,-) 
  g379907/Y                                             -       B->Y  F     CLKAND2X12     19 59.0   157   180    2632    (-,-) 
  g379524/Y                                             -       B->Y  F     CLKAND2X12     27 56.7   152   218    2850    (-,-) 
  g377642/Y                                             -       A1->Y R     AOI22X2         1  3.1   132   170    3019    (-,-) 
  g376084/Y                                             -       A->Y  R     AND2X1          1  4.5   109   217    3236    (-,-) 
  g375889/Y                                             -       B->Y  F     NAND2X4         1  4.3   105   114    3350    (-,-) 
  g375233/Y                                             -       B->Y  R     NOR2X4          1  3.9    76    91    3441    (-,-) 
  g375141/Y                                             -       A->Y  R     CLKAND2X6       1  7.8    46   131    3572    (-,-) 
  fopt396803/Y                                          -       A->Y  F     CLKINVX12       4 13.4    49    49    3621    (-,-) 
  fopt396801/Y                                          -       A->Y  R     CLKINVX6        5 16.7    71    61    3682    (-,-) 
  fopt396800/Y                                          -       A->Y  F     CLKINVX12      10 19.4    67    67    3749    (-,-) 
  u_mul_minus_157_27_spec1_spec0_g915/Y                 -       A->Y  R     NOR2X4          2  5.3    88    93    3842    (-,-) 
  u_mul_minus_157_27_spec1_spec0_g901/Y                 -       B->Y  R     CLKAND2X3       2  5.1    51   131    3973    (-,-) 
  u_mul_minus_157_27_spec1_spec0_g894/Y                 -       B->Y  R     CLKAND2X3       1  3.9    44   111    4084    (-,-) 
  u_mul_minus_157_27_spec1_spec0_g872/Y                 -       B->Y  R     CLKAND2X6       7 14.7    69   120    4204    (-,-) 
  u_mul_minus_157_27_spec1_spec0_g863/Y                 -       B->Y  R     CLKAND2X6       2  8.0    46   118    4322    (-,-) 
  u_mul_minus_157_27_spec1_spec0_g859/Y                 -       B->Y  F     NAND2X8         9 21.7   192   138    4460    (-,-) 
  u_mul_minus_157_27_spec1_spec0_g858/Y                 -       A->Y  R     INVX4           8 15.3   114   141    4601    (-,-) 
  u_mul_minus_157_27_spec1_spec0_g837/Y                 -       B->Y  R     CLKAND2X2       1  3.3    51   151    4752    (-,-) 
  u_mul_minus_157_27_spec1_spec0_g828/Y                 -       B->Y  R     XNOR2X1         1  3.3    86   166    4918    (-,-) 
  g392862/Y                                             -       A->Y  F     NAND2X1         1  3.4   218   186    5104    (-,-) 
  g392584/Y                                             -       B->Y  F     CLKAND2X3       3  9.3    97   212    5316    (-,-) 
  g392190/Y                                             -       A->Y  R     CLKINVX8       14 30.5   101    94    5410    (-,-) 
  g399130/Y                                             -       A0->Y R     AO22X1          1  4.5   115   280    5690    (-,-) 
  g386727/Y                                             -       C0->Y F     AOI211X4        1  3.6   129    84    5774    (-,-) 
  g384667/Y                                             -       B0->Y R     OAI21X2         1  3.2   131    96    5870    (-,-) 
  u_mul_pp_scaled_s_p1_r_reg[1][20]/D                   <<<     -     R     DFFHQX1         1    -     -     0    5870    (-,-) 
#-------------------------------------------------------------------------------------------------------------------------------

@genus:design:riscv_core 5> report_area
============================================================
  Generated by:           Genus(TM) Synthesis Solution 21.18-s082_1
  Generated on:           Dec 02 2025  01:22:54 pm
  Module:                 riscv_core
  Operating conditions:   PVT_0P9V_125C 
  Operating conditions:   PVT_1P32V_0C 
  Interconnect mode:      global
  Area mode:              physical library
============================================================

              Instance                      Module         Cell Count  Cell Area  Net Area   Total Area 
--------------------------------------------------------------------------------------------------------
riscv_core                                                      29630  93248.694 38535.156   131783.850 
  u_exec0_u_alu                      biriscv_alu                 1215   3041.406  1379.542     4420.948 
  u_exec1_u_alu                      biriscv_alu_1234            1215   3044.826  1390.375     4435.201 
  u_frontend_u_decode_genblk1.u_dec0 biriscv_decoder              149    559.512   140.643      700.155 
  u_frontend_u_decode_genblk1.u_dec1 biriscv_decoder_2525         159    619.020   148.759      767.779 
@genus:design:riscv_core 6> report_power -unit uw
Info    : Joules engine is used. [RPT-16]
        : Joules engine is being used for the command report_power.
Info   : ACTP-0001 Activity propagation started for stim#0 netlist riscv_core
Info   : ACTP-0009 [ACTPInfo] Activity Propagation Progress Report :   0%   1%   2%   3%   4%   5%   6%   7%   8%   9%  10%  11%  12%  13%  14%  15%  16%  17%  18%  19%  20%  21%  22%  23%  24%  25%  26%  27%  28%  29%  30%  31%  32%  33%  34%  35%  36%  37%  38%  39%  40%  41%  42%  43%  44%  45%  46%  47%  48%  49%  50%  51%  52%  53%  54%  55%  56%  57%  58%  59%  60%  61%  62%  63%  64%  65%  66%  67%  68%  69%  70%  71%  72%  73%  74%  75%  76%  77%  78%  79%  80%  81%  82%  83%  84%  85%  86%  87%  88%  89%  90%  91%  92%  93%  94%  95%  96%  97%  98%  99% 100%
Info   : ACTP-0001 Activity propagation ended for stim#0
Info   : PWRA-0001 compute_power effective options 
       : -mode : vectorless
       : -skip_propagation : 1
       : -frequency_scaling_factor : 1.0
       : -use_clock_freq : stim
       : -stim :/stim#0
       : -fromGenus : 1
Info   : ACTP-0001 Timing initialization started
Info   : ACTP-0001 Timing initialization ended
Info   : PWRA-0002 Skipping activity propagation due to -skip_ap option....
Warning: PWRA-0302 Frequency scaling is not applicable for vectorless flow.
       : Ignoring frequency scaling.
Warning: PWRA-0304 -stim option is not applicable with vectorless mode of power
       : analysis, ignored this option.
Info   : PWRA-0002 Started 'vectorless' power computation.
Info   : PWRA-0009 [PwrInfo] Power Computation Progress Report :   3%   6%  10%  13%  16%  20%  23%  26%  30%  33%  37%  40%  43%  47%  50%  53%  57%  60%  64%  67%  70%  74%  77%  80%  84%  87%  91%  94% 100%
Info   : PWRA-0002 Finished power computation.
Info   : PWRA-0007 Completed successfully.
       : Info=6, Warn=2, Error=0, Fatal=0
Instance: /riscv_core
Power Unit: uw
PDB Frames: /stim#0/frame#0
  -------------------------------------------------------------------------
    Category         Leakage     Internal    Switching        Total    Row%
  -------------------------------------------------------------------------
      memory     0.00000e+00  0.00000e+00  0.00000e+00  0.00000e+00   0.00%
    register     5.08746e-01  1.69913e+03  4.14453e+02  2.11409e+03  51.08%
       latch     0.00000e+00  0.00000e+00  0.00000e+00  0.00000e+00   0.00%
       logic     2.20529e+00  6.54367e+02  1.36852e+03  2.02509e+03  48.92%
        bbox     0.00000e+00  0.00000e+00  0.00000e+00  0.00000e+00   0.00%
       clock     0.00000e+00  0.00000e+00  0.00000e+00  0.00000e+00   0.00%
         pad     0.00000e+00  0.00000e+00  0.00000e+00  0.00000e+00   0.00%
          pm     0.00000e+00  0.00000e+00  0.00000e+00  0.00000e+00   0.00%
  -------------------------------------------------------------------------
    Subtotal     2.71404e+00  2.35350e+03  1.78297e+03  4.13918e+03 100.00%
  Percentage           0.07%       56.86%       43.08%      100.00% 100.00%
  -------------------------------------------------------------------------
@genus:design:riscv_core 7> 
@genus:design:riscv_core 7> 
@genus:design:riscv_core 7> exit

Lic Summary:
[16:46:59.366033] Cdslmd servers: gmicro0
[16:46:59.366048] Feature usage summary:
[16:46:59.366048] Genus_Synthesis
[16:46:59.366049] Genus_Physical_Opt

Normal exit.