Cadence Genus(TM) Synthesis Solution.
Copyright 2023 Cadence Design Systems, Inc. All rights reserved worldwide.
Cadence and the Cadence logo are registered trademarks and Genus is a trademark
of Cadence Design Systems, Inc. in the United States and other countries.

[15:58:12.296882] Configured Lic search path (21.01-s002): 27001@192.168.1.10:27001@200.132.35.25

Version: 21.18-s082_1, built Tue Jul 18 09:08:41 PDT 2023
Options: -abort_on_error -lic_startup Genus_Synthesis -lic_startup_options Genus_Physical_Opt -log genus -overwrite -files /home/schultz/Documents/ARQIII_RiscV_Work/Synthesis_mul/scripts/biriscv_multiplier.tcl 
Date:    Tue Nov 04 15:58:12 2025
Host:    gmicro02 (x86_64 w/Linux 4.18.0-553.37.1.el8_10.x86_64) (16cores*32cpus*2physical cpus*Intel(R) Xeon(R) Silver 4314 CPU @ 2.40GHz 16384KB) (124344320KB)
PID:     816821
OS:      Red Hat Enterprise Linux release 8.10 (Ootpa)


[15:58:12.084576] Periodic Lic check successful
[15:58:12.084579] Feature usage summary:
[15:58:12.084584] Genus_Synthesis
Checking out license: Genus_Synthesis


***********************************************************************************************************
***********************************************************************************************************



Loading tool scripts...
Finished loading tool scripts (10 seconds elapsed).


[15:58:22.378451] Periodic Lic check successful
[15:58:22.378459] Feature usage summary:
[15:58:22.378464] Genus_Synthesis
[15:58:22.378464] Genus_Physical_Opt
Checking out license: Genus_Physical_Opt

#@ Processing -files option
@genus 1> source /home/schultz/Documents/ARQIII_RiscV_Work/Synthesis_mul/scripts/biriscv_multiplier.tcl
#@ Begin verbose source /home/schultz/Documents/ARQIII_RiscV_Work/Synthesis_mul/scripts/biriscv_multiplier.tcl
@file(biriscv_multiplier.tcl) 16: set PROJECT_DIR $env(PROJECT_DIR)
@file(biriscv_multiplier.tcl) 17: set TECH_DIR $env(TECH_DIR)
@file(biriscv_multiplier.tcl) 18: set DESIGNS $env(DESIGNS)
@file(biriscv_multiplier.tcl) 19: set HDL_NAME $env(HDL_NAME)
@file(biriscv_multiplier.tcl) 20: set INTERCONNECT_MODE ple
@file(biriscv_multiplier.tcl) 21: set OP_CORNER $env(OP_CORNER)
@file(biriscv_multiplier.tcl) 22: set HDL_LANG $env(HDL_LANG)
@file(biriscv_multiplier.tcl) 23: set USE_VCD_POWER_ANALYSIS 1
@file(biriscv_multiplier.tcl) 25: set freq_mhz $env(FREQ_MHZ)
@file(biriscv_multiplier.tcl) 30: set MAIN_CLOCK_NAME clk_i
@file(biriscv_multiplier.tcl) 31: set MAIN_RST_NAME rst_i
@file(biriscv_multiplier.tcl) 32: set BEST_LIB_OPERATING_CONDITION PVT_1P32V_0C
@file(biriscv_multiplier.tcl) 33: set WORST_LIB_OPERATING_CONDITION PVT_0P9V_125C
@file(biriscv_multiplier.tcl) 34: set period_clk [format "%.2f" [expr 1000.0 / $freq_mhz]] ;# (100 ns = 10 MHz) (10 ns = 100 MHz) (2 ns = 500 MHz) (1 ns = 1 GHz)
@file(biriscv_multiplier.tcl) 35: set clk_uncertainty 0.05 ;# ns (“a guess”)
@file(biriscv_multiplier.tcl) 36: set clk_latency 0.10 ;# ns (“a guess”)
@file(biriscv_multiplier.tcl) 37: set in_delay 0.30 ;# ns
@file(biriscv_multiplier.tcl) 38: set out_delay 0.30;#ns 
@file(biriscv_multiplier.tcl) 39: set out_load 0.045 ;#pF 
@file(biriscv_multiplier.tcl) 40: set slew "146 164 264 252" ;#minimum rise, minimum fall, maximum rise and maximum fall 
@file(biriscv_multiplier.tcl) 41: set slew_min_rise 0.146 ;# ns
@file(biriscv_multiplier.tcl) 42: set slew_min_fall 0.164 ;# ns
@file(biriscv_multiplier.tcl) 43: set slew_max_rise 0.264 ;# ns
@file(biriscv_multiplier.tcl) 44: set slew_max_fall 0.252 ;# ns
@file(biriscv_multiplier.tcl) 46: set WORST_LIST {slow_vdd1v0_basicCells.lib} 
@file(biriscv_multiplier.tcl) 47: set BEST_LIST {fast_vdd1v2_basicCells.lib} 
@file(biriscv_multiplier.tcl) 48: set LEF_LIST {gsclib045_tech.lef gsclib045_macro.lef}
@file(biriscv_multiplier.tcl) 49: set WORST_CAP_LIST ${TECH_DIR}/gpdk045_v_6_0/soce/gpdk045.basic.CapTbl
@file(biriscv_multiplier.tcl) 50: set QRC_LIST ${TECH_DIR}/gpdk045_v_6_0/qrc/rcworst/qrcTechFile
@file(biriscv_multiplier.tcl) 57: source ${PROJECT_DIR}/Synthesis_mul/scripts/common/path.tcl
Sourcing '/home/schultz/Documents/ARQIII_RiscV_Work/Synthesis_mul/scripts/common/path.tcl' (Tue Nov 04 15:58:22 -03 2025)...
#@ Begin verbose source /home/schultz/Documents/ARQIII_RiscV_Work/Synthesis_mul/scripts/common/path.tcl
@file(path.tcl) 5: set SYNT_DIR ${PROJECT_DIR}/Synthesis_mul
@file(path.tcl) 6: set SCRIPT_DIR ${SYNT_DIR}/scripts
@file(path.tcl) 7: set RPT_DIR ${SYNT_DIR}/reports
@file(path.tcl) 8: set DEV_DIR ${SYNT_DIR}/deliverables
@file(path.tcl) 13: set FRONTEND_DIR ${PROJECT_DIR}/src/core
@file(path.tcl) 14: set HDL_DIR ${PROJECT_DIR}/src/core
@file(path.tcl) 15: set OTHERS ""
@file(path.tcl) 16: lappend FRONTEND_DIR $OTHERS
@file(path.tcl) 21: set LIB_DIR ${TECH_DIR}/gsclib045_svt_v4.4/gsclib045/timing
@file(path.tcl) 24: set LEF_DIR ${TECH_DIR}/gsclib045_svt_v4.4/gsclib045/lef
@file(path.tcl) 25: lappend LEF_DIR ${TECH_DIR}/giolib045_v3.3/lef
#@ End verbose source /home/schultz/Documents/ARQIII_RiscV_Work/Synthesis_mul/scripts/common/path.tcl
@file(biriscv_multiplier.tcl) 62: source ${SCRIPT_DIR}/common/tech.tcl
Sourcing '/home/schultz/Documents/ARQIII_RiscV_Work/Synthesis_mul/scripts/common/tech.tcl' (Tue Nov 04 15:58:22 -03 2025)...
#@ Begin verbose source /home/schultz/Documents/ARQIII_RiscV_Work/Synthesis_mul/scripts/common/tech.tcl
@file(tech.tcl) 5: create_library_domain {worst best} 
@file(tech.tcl) 6: get_db library_domains *
@file(tech.tcl) 12: set_db lib_search_path "${LIB_DIR} ${LEF_DIR}"
  Setting attribute of root '/': 'lib_search_path' = /home/tools/design_kits/cadence/GPDK045//gsclib045_svt_v4.4/gsclib045/timing /home/tools/design_kits/cadence/GPDK045//gsclib045_svt_v4.4/gsclib045/lef /home/tools/design_kits/cadence/GPDK045//giolib045_v3.3/lef
@file(tech.tcl) 13: set_db [get_db library_domains worst] .library ${WORST_LIST}

Threads Configured:3

  Message Summary for Library slow_vdd1v0_basicCells.lib:
  *******************************************************
  Missing a function attribute in the output pin definition. [LBR-518]: 1
  *******************************************************
 
Info    : Created nominal operating condition. [LBR-412]
        : Operating condition '_nominal_' was created for the PVT values (1.000000, 0.900000, 125.000000) in library 'slow_vdd1v0_basicCells.lib'.
        : The nominal operating condition is represented, either by the nominal PVT values specified in the library source (via nom_process,nom_voltage and nom_temperature respectively), or by the default PVT values (1.0,1.0,1.0).
Warning : Library cell has no output pins defined. [LBR-9]
        : Library cell 'ANTENNA' must have an output pin.
        : Add the missing output pin(s), then reload the library. Else the library cell will be marked as timing model i.e. unusable. Timing_model means that the cell does not have any defined function. If there is no output pin, Genus will mark library cell as unusable i.e. the attribute 'usable' will be marked to 'false' on the libcell. Therefore, the cell is not used for mapping and it will not be picked up from the library for synthesis. If you query the attribute 'unusable_reason' on the libcell; result will be: 'Library cell has no output pins.'Note: The message LBR-9 is only for the logical pins and not for the power_ground pins. Genus will depend upon the output function defined in the pin group (output pin) of the cell, to use it for mapping. The pg_pin will not have any function defined.
Warning : Library cell has no output pins defined. [LBR-9]
        : Library cell 'ANTENNA' must have an output pin.
Warning : Library cell has no output pins defined. [LBR-9]
        : Library cell 'DECAP10' must have an output pin.
Warning : Library cell has no output pins defined. [LBR-9]
        : Library cell 'DECAP10' must have an output pin.
Warning : Library cell has no output pins defined. [LBR-9]
        : Library cell 'DECAP2' must have an output pin.
Warning : Library cell has no output pins defined. [LBR-9]
        : Library cell 'DECAP2' must have an output pin.
Warning : Library cell has no output pins defined. [LBR-9]
        : Library cell 'DECAP3' must have an output pin.
Warning : Library cell has no output pins defined. [LBR-9]
        : Library cell 'DECAP3' must have an output pin.
Warning : Library cell has no output pins defined. [LBR-9]
        : Library cell 'DECAP4' must have an output pin.
Warning : Library cell has no output pins defined. [LBR-9]
        : Library cell 'DECAP4' must have an output pin.
Warning : Library cell has no output pins defined. [LBR-9]
        : Library cell 'DECAP5' must have an output pin.
Warning : Library cell has no output pins defined. [LBR-9]
        : Library cell 'DECAP5' must have an output pin.
Warning : Library cell has no output pins defined. [LBR-9]
        : Library cell 'DECAP6' must have an output pin.
Warning : Library cell has no output pins defined. [LBR-9]
        : Library cell 'DECAP6' must have an output pin.
Warning : Library cell has no output pins defined. [LBR-9]
        : Library cell 'DECAP7' must have an output pin.
Warning : Library cell has no output pins defined. [LBR-9]
        : Library cell 'DECAP7' must have an output pin.
Warning : Library cell has no output pins defined. [LBR-9]
        : Library cell 'DECAP8' must have an output pin.
Warning : Library cell has no output pins defined. [LBR-9]
        : Library cell 'DECAP8' must have an output pin.
Warning : Library cell has no output pins defined. [LBR-9]
        : Library cell 'DECAP9' must have an output pin.
Warning : Library cell has no output pins defined. [LBR-9]
        : Library cell 'DECAP9' must have an output pin.
Info    : Set default library domain. [LBR-109]
        : The default library domain is 'library_domain:worst'.
  Setting attribute of library_domain 'worst': 'library' = slow_vdd1v0_basicCells.lib
@file(tech.tcl) 14: set_db [get_db library_domains best] .library ${BEST_LIST}

Threads Configured:3

  Message Summary for Library fast_vdd1v2_basicCells.lib:
  *******************************************************
  Missing a function attribute in the output pin definition. [LBR-518]: 1
  *******************************************************
 
Info    : Created nominal operating condition. [LBR-412]
        : Operating condition '_nominal_' was created for the PVT values (1.000000, 1.320000, 0.000000) in library 'fast_vdd1v2_basicCells.lib'.
Warning : Library cell has no output pins defined. [LBR-9]
        : Library cell 'ANTENNA' must have an output pin.
Warning : Library cell has no output pins defined. [LBR-9]
        : Library cell 'ANTENNA' must have an output pin.
Warning : Library cell has no output pins defined. [LBR-9]
        : Library cell 'DECAP10' must have an output pin.
Warning : Library cell has no output pins defined. [LBR-9]
        : Library cell 'DECAP10' must have an output pin.
Warning : Library cell has no output pins defined. [LBR-9]
        : Library cell 'DECAP2' must have an output pin.
Warning : Library cell has no output pins defined. [LBR-9]
        : Library cell 'DECAP2' must have an output pin.
Warning : Library cell has no output pins defined. [LBR-9]
        : Library cell 'DECAP3' must have an output pin.
Warning : Library cell has no output pins defined. [LBR-9]
        : Library cell 'DECAP3' must have an output pin.
Warning : Library cell has no output pins defined. [LBR-9]
        : Library cell 'DECAP4' must have an output pin.
Warning : Library cell has no output pins defined. [LBR-9]
        : Library cell 'DECAP4' must have an output pin.
Warning : Library cell has no output pins defined. [LBR-9]
        : Library cell 'DECAP5' must have an output pin.
Warning : Library cell has no output pins defined. [LBR-9]
        : Library cell 'DECAP5' must have an output pin.
Warning : Library cell has no output pins defined. [LBR-9]
        : Library cell 'DECAP6' must have an output pin.
Warning : Library cell has no output pins defined. [LBR-9]
        : Library cell 'DECAP6' must have an output pin.
Warning : Library cell has no output pins defined. [LBR-9]
        : Library cell 'DECAP7' must have an output pin.
Warning : Library cell has no output pins defined. [LBR-9]
        : Library cell 'DECAP7' must have an output pin.
Warning : Library cell has no output pins defined. [LBR-9]
        : Library cell 'DECAP8' must have an output pin.
Warning : Library cell has no output pins defined. [LBR-9]
        : Library cell 'DECAP8' must have an output pin.
Warning : Library cell has no output pins defined. [LBR-9]
        : Library cell 'DECAP9' must have an output pin.
Warning : Library cell has no output pins defined. [LBR-9]
        : Library cell 'DECAP9' must have an output pin.
  Setting attribute of library_domain 'best': 'library' = fast_vdd1v2_basicCells.lib
@file(tech.tcl) 20: get_db [get_db library_domains *worst] .operating_conditions
@file(tech.tcl) 21: set_db [get_db library_domains *worst] .operating_conditions ${WORST_LIB_OPERATING_CONDITION}
  Setting attribute of library_domain 'worst': 'operating_conditions' = operating_condition:ls_of_ld_worst/slow_vdd1v0/PVT_0P9V_125C
@file(tech.tcl) 22: get_db [get_db library_domains *worst] .operating_conditions
@file(tech.tcl) 24: get_db [get_db library_domains *best] .operating_conditions
@file(tech.tcl) 25: set_db [get_db library_domains *best] .operating_conditions ${BEST_LIB_OPERATING_CONDITION}
  Setting attribute of library_domain 'best': 'operating_conditions' = operating_condition:ls_of_ld_best/fast_vdd1v2/PVT_1P32V_0C
@file(tech.tcl) 26: get_db [get_db library_domains *best] .operating_conditions
@file(tech.tcl) 28: get_db [get_db library_domain *worst] .default
@file(tech.tcl) 29: get_db [get_db library_domain *best] .default 
@file(tech.tcl) 31: get_db [vfind /libraries -library_domain worst] .active_operating_conditions
  Library has 324 usable logic and 128 usable sequential lib-cells.
  Library has 324 usable logic and 128 usable sequential lib-cells.
@file(tech.tcl) 32: get_db [vfind /libraries -library_domain best] .active_operating_conditions 
@file(tech.tcl) 44: set_db lef_library ${LEF_LIST}
Info    : Via with no resistance will have a value of '0.0' assigned for resistance value. [PHYS-129]
        : Via 'M2_M1_HV' has no resistance value.
        : If this is the expected behavior, this message can be ignored.
Info    : Via with no resistance will have a value of '0.0' assigned for resistance value. [PHYS-129]
        : Via 'M2_M1_VV' has no resistance value.
Info    : Via with no resistance will have a value of '0.0' assigned for resistance value. [PHYS-129]
        : Via 'M2_M1_VH' has no resistance value.
Info    : Via with no resistance will have a value of '0.0' assigned for resistance value. [PHYS-129]
        : Via 'M2_M1_HH' has no resistance value.
Info    : Via with no resistance will have a value of '0.0' assigned for resistance value. [PHYS-129]
        : Via 'M2_M1_2x1_HV_E' has no resistance value.
Info    : Via with no resistance will have a value of '0.0' assigned for resistance value. [PHYS-129]
        : Via 'M2_M1_2x1_HV_W' has no resistance value.
Info    : Via with no resistance will have a value of '0.0' assigned for resistance value. [PHYS-129]
        : Via 'M2_M1_1x2_HV_N' has no resistance value.
Info    : Via with no resistance will have a value of '0.0' assigned for resistance value. [PHYS-129]
        : Via 'M2_M1_1x2_HV_S' has no resistance value.
Info    : Via with no resistance will have a value of '0.0' assigned for resistance value. [PHYS-129]
        : Via 'M3_M2_VH' has no resistance value.
Info    : Via with no resistance will have a value of '0.0' assigned for resistance value. [PHYS-129]
        : Via 'M3_M2_HH' has no resistance value.
Info    : Via with no resistance will have a value of '0.0' assigned for resistance value. [PHYS-129]
        : Via 'M3_M2_HV' has no resistance value.
Info    : Via with no resistance will have a value of '0.0' assigned for resistance value. [PHYS-129]
        : Via 'M3_M2_VV' has no resistance value.
Info    : Via with no resistance will have a value of '0.0' assigned for resistance value. [PHYS-129]
        : Via 'M3_M2_M_NH' has no resistance value.
Info    : Via with no resistance will have a value of '0.0' assigned for resistance value. [PHYS-129]
        : Via 'M3_M2_M_SH' has no resistance value.
Info    : Via with no resistance will have a value of '0.0' assigned for resistance value. [PHYS-129]
        : Via 'M3_M2_2x1_VH_E' has no resistance value.
Info    : Via with no resistance will have a value of '0.0' assigned for resistance value. [PHYS-129]
        : Via 'M3_M2_2x1_VH_W' has no resistance value.
Info    : Via with no resistance will have a value of '0.0' assigned for resistance value. [PHYS-129]
        : Via 'M3_M2_1x2_VH_N' has no resistance value.
Info    : Via with no resistance will have a value of '0.0' assigned for resistance value. [PHYS-129]
        : Via 'M3_M2_1x2_VH_S' has no resistance value.
Info    : Via with no resistance will have a value of '0.0' assigned for resistance value. [PHYS-129]
        : Via 'M4_M3_HV' has no resistance value.
Info    : Via with no resistance will have a value of '0.0' assigned for resistance value. [PHYS-129]
        : Via 'M4_M3_VV' has no resistance value.
Warning : Maximum message print count reached. [MESG-11]
        : Maximum print count of '20' reached for message 'PHYS-129'.

  According to lef_library, there are total 11 routing layers [ V(5) / H(6) ]

Warning : Physical cell not defined in library. [PHYS-279]
        : The physical (LEF) cell DFF2RX1 cannot be found in library.
        : Ensure that the proper library files are available and have been imported.
Warning : Physical cell not defined in library. [PHYS-279]
        : The physical (LEF) cell DFF2RX2 cannot be found in library.
Warning : Physical cell not defined in library. [PHYS-279]
        : The physical (LEF) cell DFF2X1 cannot be found in library.
Warning : Physical cell not defined in library. [PHYS-279]
        : The physical (LEF) cell DFF2X2 cannot be found in library.
Warning : Physical cell not defined in library. [PHYS-279]
        : The physical (LEF) cell DFF4RX1 cannot be found in library.
Warning : Physical cell not defined in library. [PHYS-279]
        : The physical (LEF) cell DFF4RX2 cannot be found in library.
Warning : Physical cell not defined in library. [PHYS-279]
        : The physical (LEF) cell DFF4X1 cannot be found in library.
Warning : Physical cell not defined in library. [PHYS-279]
        : The physical (LEF) cell DFF4X2 cannot be found in library.
Warning : Physical cell not defined in library. [PHYS-279]
        : The physical (LEF) cell FILL1 cannot be found in library.
Warning : Physical cell not defined in library. [PHYS-279]
        : The physical (LEF) cell FILL16 cannot be found in library.
Warning : Physical cell not defined in library. [PHYS-279]
        : The physical (LEF) cell FILL2 cannot be found in library.
Warning : Physical cell not defined in library. [PHYS-279]
        : The physical (LEF) cell FILL32 cannot be found in library.
Warning : Physical cell not defined in library. [PHYS-279]
        : The physical (LEF) cell FILL4 cannot be found in library.
Warning : Physical cell not defined in library. [PHYS-279]
        : The physical (LEF) cell FILL64 cannot be found in library.
Warning : Physical cell not defined in library. [PHYS-279]
        : The physical (LEF) cell FILL8 cannot be found in library.
Warning : Physical cell not defined in library. [PHYS-279]
        : The physical (LEF) cell FSWNX1 cannot be found in library.
Warning : Physical cell not defined in library. [PHYS-279]
        : The physical (LEF) cell FSWX1 cannot be found in library.
Warning : Physical cell not defined in library. [PHYS-279]
        : The physical (LEF) cell HSWDNX1 cannot be found in library.
Warning : Physical cell not defined in library. [PHYS-279]
        : The physical (LEF) cell HSWDX1 cannot be found in library.
Warning : Physical cell not defined in library. [PHYS-279]
        : The physical (LEF) cell HSWNX1 cannot be found in library.
Warning : Maximum message print count reached. [MESG-11]
        : Maximum print count of '20' reached for message 'PHYS-279'.
  Setting attribute of root '/': 'lef_library' = /home/tools/design_kits/cadence/GPDK045//gsclib045_svt_v4.4/gsclib045/lef/gsclib045_tech.lef /home/tools/design_kits/cadence/GPDK045//gsclib045_svt_v4.4/gsclib045/lef/gsclib045_macro.lef
@file(tech.tcl) 52: set_db qrc_tech_file ${QRC_LIST}

  According to qrc_tech_file, there are total 11 routing layers [ V(5) / H(6) ]

  Setting attribute of root '/': 'qrc_tech_file' = /home/tools/design_kits/cadence/GPDK045//gpdk045_v_6_0/qrc/rcworst/qrcTechFile
@file(tech.tcl) 56: get_db interconnect_mode
@file(tech.tcl) 57: set_db interconnect_mode ple ;# global
  Setting attribute of root '/': 'interconnect_mode' = ple
@file(tech.tcl) 67: get_lib_cells
@file(tech.tcl) 68: get_db lib_cells *SDFF*
@file(tech.tcl) 69: get_db base_cell:SDFFRHQX1 .dont_use
@file(tech.tcl) 70: set_db base_cell:SDFFRHQX1 .dont_use true
  Setting attribute of base_cell 'SDFFRHQX1': 'dont_use' = true
@file(tech.tcl) 72: foreach lc [get_db base_cells -if {.name == "SDFF*"}] {
  get_db $lc .dont_use
  set_db $lc .dont_use true
}
  Setting attribute of base_cell 'SDFFHQX1': 'dont_use' = true
  Setting attribute of base_cell 'SDFFHQX2': 'dont_use' = true
  Setting attribute of base_cell 'SDFFHQX4': 'dont_use' = true
  Setting attribute of base_cell 'SDFFHQX8': 'dont_use' = true
  Setting attribute of base_cell 'SDFFNSRX1': 'dont_use' = true
  Setting attribute of base_cell 'SDFFNSRX2': 'dont_use' = true
  Setting attribute of base_cell 'SDFFNSRX4': 'dont_use' = true
  Setting attribute of base_cell 'SDFFNSRXL': 'dont_use' = true
  Setting attribute of base_cell 'SDFFQX1': 'dont_use' = true
  Setting attribute of base_cell 'SDFFQX2': 'dont_use' = true
  Setting attribute of base_cell 'SDFFQX4': 'dont_use' = true
  Setting attribute of base_cell 'SDFFQXL': 'dont_use' = true
  Setting attribute of base_cell 'SDFFRHQX1': 'dont_use' = true
  Setting attribute of base_cell 'SDFFRHQX2': 'dont_use' = true
  Setting attribute of base_cell 'SDFFRHQX4': 'dont_use' = true
  Setting attribute of base_cell 'SDFFRHQX8': 'dont_use' = true
  Setting attribute of base_cell 'SDFFRX1': 'dont_use' = true
  Setting attribute of base_cell 'SDFFRX2': 'dont_use' = true
  Setting attribute of base_cell 'SDFFRX4': 'dont_use' = true
  Setting attribute of base_cell 'SDFFRXL': 'dont_use' = true
  Setting attribute of base_cell 'SDFFSHQX1': 'dont_use' = true
  Setting attribute of base_cell 'SDFFSHQX2': 'dont_use' = true
  Setting attribute of base_cell 'SDFFSHQX4': 'dont_use' = true
  Setting attribute of base_cell 'SDFFSHQX8': 'dont_use' = true
  Setting attribute of base_cell 'SDFFSRHQX1': 'dont_use' = true
  Setting attribute of base_cell 'SDFFSRHQX2': 'dont_use' = true
  Setting attribute of base_cell 'SDFFSRHQX4': 'dont_use' = true
  Setting attribute of base_cell 'SDFFSRHQX8': 'dont_use' = true
  Setting attribute of base_cell 'SDFFSRX1': 'dont_use' = true
  Setting attribute of base_cell 'SDFFSRX2': 'dont_use' = true
  Setting attribute of base_cell 'SDFFSRX4': 'dont_use' = true
  Setting attribute of base_cell 'SDFFSRXL': 'dont_use' = true
  Setting attribute of base_cell 'SDFFSX1': 'dont_use' = true
  Setting attribute of base_cell 'SDFFSX2': 'dont_use' = true
  Setting attribute of base_cell 'SDFFSX4': 'dont_use' = true
  Setting attribute of base_cell 'SDFFSXL': 'dont_use' = true
  Setting attribute of base_cell 'SDFFTRX1': 'dont_use' = true
  Setting attribute of base_cell 'SDFFTRX2': 'dont_use' = true
  Setting attribute of base_cell 'SDFFTRX4': 'dont_use' = true
  Setting attribute of base_cell 'SDFFTRXL': 'dont_use' = true
  Setting attribute of base_cell 'SDFFX1': 'dont_use' = true
  Setting attribute of base_cell 'SDFFX2': 'dont_use' = true
  Setting attribute of base_cell 'SDFFX4': 'dont_use' = true
  Setting attribute of base_cell 'SDFFXL': 'dont_use' = true
  Setting attribute of base_cell 'SDFF2RX1': 'dont_use' = true
  Setting attribute of base_cell 'SDFF2RX2': 'dont_use' = true
  Setting attribute of base_cell 'SDFF4RX1': 'dont_use' = true
  Setting attribute of base_cell 'SDFF4RX2': 'dont_use' = true
@file(tech.tcl) 78: foreach lc [get_db base_cells -if {.name == "TLATS*"}] {
  get_db $lc .dont_use
  set_db $lc .dont_use true
}
  Setting attribute of base_cell 'TLATSRX1': 'dont_use' = true
  Setting attribute of base_cell 'TLATSRX2': 'dont_use' = true
  Setting attribute of base_cell 'TLATSRX4': 'dont_use' = true
  Setting attribute of base_cell 'TLATSRXL': 'dont_use' = true
@file(tech.tcl) 83: if { $OP_CORNER eq "WORST" } {
    puts "\n Setting WORST LIB! \n"
    set_db [get_db library_domain *worst] .default true
} else {
    puts "\n Setting BEST LIB! \n"
    set_db [get_db library_domain *best] .default true
}

 Setting WORST LIB! 

  Setting attribute of library_domain 'worst': 'default' = true
@file(tech.tcl) 96: get_db [get_db library_sets *worst] .libraries
@file(tech.tcl) 97: get_db [get_db library_sets *best] .libraries
@file(tech.tcl) 99: get_db [get_db library_sets *worst] .libraries.lib_cells
@file(tech.tcl) 100: get_db [get_db library_sets *best] .libraries.lib_cells
@file(tech.tcl) 102: get_db [get_db [get_db library_sets *worst] .libraries *slow_vdd1v0] .lib_cells
@file(tech.tcl) 103: get_db [get_db [get_db library_sets *best] .libraries *fast_vdd1v2] .lib_cells 
@file(tech.tcl) 105: get_db [get_db library_sets *worst] .libraries.lib_cells -regexp XOR
@file(tech.tcl) 106: get_db [get_db library_sets *best] .libraries.lib_cells -regexp XOR
@file(tech.tcl) 108: get_db [get_db [get_db library_sets *worst] .libraries.lib_cells -regexp CLKXOR2X1] .*
Object: lib_cell:ls_of_ld_worst/slow_vdd1v0/CLKXOR2X1
  area:                  2.736
  area_multiplier:       1.0
  async_clear_pins:      {}
  async_preset_pins:     {}
  avoid:                 false
  backup_power_pins:     {}
  base_cell:             base_cell:CLKXOR2X1
  base_name:             CLKXOR2X1
  bbox:                  {0.0 0.0 1.6 1.71}
  bit_width:             1
  bottom_padding:        0
  cell_delay_multiplier:  1.0
  cell_min_delay_multiplier:  1.0
  clock_gating_integrated_cell:  {}
  clock_pins:            {}
  combinational:         true
  congestion_avoid:      false
  constraint_multiplier:  1.0
  data_pins:             {}
  dont_touch:            false
  dont_use:              false
  escaped_name:          ls_of_ld_worst/slow_vdd1v0/CLKXOR2X1
  failure_probability:   0.0
  has_lvf:               false
  has_non_seq_setup_arc:  false
  internal_power:        no_value
  is_always_on:          false
  is_black_box:          false
  is_buffer:             false
  is_clock_isolation_cell:  false
  is_combinational:      true
  is_dummy_scmr_iw_cell:  false
  is_eeq_cell:           false
  is_fall_edge_triggered:  false
  is_fixed_mask:         false
  is_flop:               false
  is_inferred_macro:     false
  is_integrated_clock_gating:  false
  is_interface_timing:   false
  is_inverter:           false
  is_isolation_cell:     false
  is_latch:              false
  is_level_shifter:      false
  is_macro:              false
  is_master_eeq_cell:    false
  is_master_slave_flop:  false
  is_master_slave_lssd_flop:  false
  is_memory:             false
  is_negative_level_sensitive:  false
  is_pad:                false
  is_pll:                false
  is_positive_level_sensitive:  false
  is_power_switch:       false
  is_retention:          false
  is_rise_edge_triggered:  false
  is_sequential:         false
  is_timing_model:       false
  is_tristate:           false
  is_usable:             true
  keep_as_physical:      false
  latch_enable:          {}
  latch_enable_pins:     {}
  leakage_power:         0.0
  leakage_scale_factor:  1.0
  lef_inconsistent:      false
  left_padding:          0
  level_shifter_direction:  {}
  level_shifter_type:    {}
  level_shifter_valid_location:  {}
  lib_arcs:              NC
  lib_pins:              NC
  liberty_attributes:    area 2.736 
  library:               library:ls_of_ld_worst/slow_vdd1v0
  master_physical_variant_cell:  {}
  max_ground_input_voltage:  0.0
  max_ground_output_voltage:  0.0
  max_input_voltage:     0.0
  max_output_voltage:    0.0
  min_ground_input_voltage:  0.0
  min_ground_output_voltage:  0.0
  min_input_voltage:     0.0
  min_output_voltage:    0.0
  mode_definition:       NC
  name:                  ls_of_ld_worst/slow_vdd1v0/CLKXOR2X1
  obj_type:              lib_cell
  pg_lib_pins:           NC
  physical_variant_cells:  {}
  power_gating_cell_type:  {}
  preserve:              false
  preserve_avoid:        false
  primary_power:         {}
  required_condition:    {}
  right_padding:         0
  scan_enable_pins:      {}
  scan_in_pins:          {}
  scan_out:              {}
  scan_out_pins:         {}
  seq_functions:         NC
  sequential:            false
  short:                 {}
  std_cell_main_rail_pin:  pg_lib_pin:ls_of_ld_worst/slow_vdd1v0/CLKXOR2X1/VDD
  switch_off_enables:    {}
  switched_power:        {}
  symmetry:              xy
  sync_clear_pins:       {}
  sync_enable_pins:      {}
  sync_preset_pins:      {}
  timing_model_reason:   {}
  timing_model_type:     {}
  top_padding:           0
  tristate:              false
  type_changed_pin_names:  {}
  unusable_reason:       {}
  usable_flop:           false
  usable_latch:          false
#@ End verbose source /home/schultz/Documents/ARQIII_RiscV_Work/Synthesis_mul/scripts/common/tech.tcl
@file(biriscv_multiplier.tcl) 67: set_db init_hdl_search_path ${FRONTEND_DIR}
  Setting attribute of root '/': 'init_hdl_search_path' = /home/schultz/Documents/ARQIII_RiscV_Work/src/core {}
@file(biriscv_multiplier.tcl) 76: read_hdl -language v2001 "${HDL_DIR}/biriscv_defs.v"
@file(biriscv_multiplier.tcl) 77: read_hdl -language v2001 "${HDL_DIR}/new_multiplier.v"
@file(biriscv_multiplier.tcl) 85: elaborate ${HDL_NAME}
Info    : Elaborating Design. [ELAB-1]
        : Elaborating top-level block 'biriscv_multiplier' from file '/home/schultz/Documents/ARQIII_RiscV_Work/src/core/new_multiplier.v'.
Warning : Signal or variable has multiple drivers. [CDFG2G-622]
        : 'upper_reg' in module 'biriscv_multiplier'.
        : This may cause simulation mismatches between the original and synthesized designs.
Warning : Signal or variable has multiple drivers. [CDFG2G-622]
        : 'upper2_reg' in module 'biriscv_multiplier'.
Info    : Done Elaborating Design. [ELAB-3]
        : Done elaborating 'biriscv_multiplier'.
Checking for analog nets...
Check completed for analog nets.
Checking for source RTL...
Check completed for source RTL.
Running Unified Mux Engine Tricks...
Completed Unified Mux Engine Tricks

Stage: post_elab
--------------------------------------------------------
| Trick             | Accepts | Rejects | Runtime (ms) | 
--------------------------------------------------------
| ume_constant_bmux |       0 |       0 |         1.00 | 
--------------------------------------------------------
Starting clip mux common data inputs [v1.0] (stage: post_elab, startdef: biriscv_multiplier, recur: true)
Completed clip mux common data inputs (accepts: 0, rejects: 0, runtime: 0.000s)
Starting clip the non-user hierarchies [v2.0] (stage: post_elab, startdef: biriscv_multiplier, recur: true)
Completed clip the non-user hierarchies (accepts: 0, rejects: 0, runtime: 0.000s)

Stage: post_elab
---------------------------------------------------------
| Transform          | Accepts | Rejects | Runtime (ms) | 
---------------------------------------------------------
| hlo_clip_mux_input |       0 |       0 |         0.00 | 
| hlo_clip           |       0 |       0 |         0.00 | 
---------------------------------------------------------
UM:   flow.cputime  flow.realtime  timing.setup.tns  timing.setup.wns  snapshot
UM:*                                                                   elaborate
@file(biriscv_multiplier.tcl) 86: set_top_module ${HDL_NAME}
@file(biriscv_multiplier.tcl) 87: check_design -unresolved ${HDL_NAME}


 	 Check Design Report (c)
	 ------------------- 

  Unresolved References & Empty Modules
  ------------------------------------- 
No unresolved references in design 'biriscv_multiplier'

No empty modules in design 'biriscv_multiplier'

  Done Checking the design.
@file(biriscv_multiplier.tcl) 88: get_db current_design
@file(biriscv_multiplier.tcl) 89: check_library
============================================================
  Generated by:           Genus(TM) Synthesis Solution 21.18-s082_1
  Generated on:           Nov 04 2025  03:58:33 pm
  Module:                 biriscv_multiplier
  Library domain:         worst
    Domain index:         0
    Technology library:   slow_vdd1v0 1.0
  Library domain:         best
    Domain index:         1
    Technology library:   fast_vdd1v2 1.0
  Operating conditions:   PVT_0P9V_125C 
  Operating conditions:   PVT_1P32V_0C 
  Interconnect mode:      global
  Area mode:              physical library
============================================================

                                                                              
==============================================================================
Library Domain   Total cells   LS cell   ISO cell   Combo (LS+ISO)   SR Flops 
------------------------------------------------------------------------------
best(1.32)       426           0         0          0                0        
worst(0.9)       426           0         0          0                0        
------------------------------------------------------------------------------

Unusable libcells
=================
                                                                              
==============================================================================
Library Domain   Total cells   LS cell   ISO cell   Combo (LS+ISO)   SR Flops 
------------------------------------------------------------------------------
best(1.32)       157           0         0          0                0        
worst(0.9)       157           0         0          0                0        
------------------------------------------------------------------------------
@file(biriscv_multiplier.tcl) 95: read_sdc ${PROJECT_DIR}/Synthesis_mul/constraints/${HDL_NAME}.sdc
Statistics for commands executed by read_sdc:
 "all_inputs"               - successful      5 , failed      0 (runtime  0.00)
 "all_outputs"              - successful      2 , failed      0 (runtime  0.00)
 "create_clock"             - successful      1 , failed      0 (runtime  0.01)
 "current_design"           - successful      1 , failed      0 (runtime  0.01)
 "get_clocks"               - successful      4 , failed      0 (runtime  0.00)
 "get_nets"                 - successful      2 , failed      0 (runtime  0.00)
 "get_ports"                - successful      7 , failed      0 (runtime  0.01)
 "remove_from_collection"   - successful      5 , failed      0 (runtime  0.00)
 "set_clock_latency"        - successful      1 , failed      0 (runtime  0.00)
 "set_clock_uncertainty"    - successful      1 , failed      0 (runtime  0.00)
 "set_ideal_net"            - successful      2 , failed      0 (runtime  0.01)
 "set_input_delay"          - successful      1 , failed      0 (runtime  0.00)
 "set_input_transition"     - successful      4 , failed      0 (runtime  0.03)
 "set_load"                 - successful      1 , failed      0 (runtime  0.00)
 "set_output_delay"         - successful      1 , failed      0 (runtime  0.00)
read_sdc completed in 00:00:00 (hh:mm:ss)
@file(biriscv_multiplier.tcl) 96: report timing -lint
============================================================
  Generated by:           Genus(TM) Synthesis Solution 21.18-s082_1
  Generated on:           Nov 04 2025  03:58:34 pm
  Module:                 biriscv_multiplier
  Library domain:         worst
    Domain index:         0
    Technology library:   slow_vdd1v0 1.0
  Library domain:         best
    Domain index:         1
    Technology library:   fast_vdd1v2 1.0
  Operating conditions:   PVT_0P9V_125C 
  Operating conditions:   PVT_1P32V_0C 
  Interconnect mode:      global
  Area mode:              physical library
============================================================

-------------------------------------------------------------------------------
Nets with multiple drivers

The following nets have multiple drivers and at least one of the drivers is     
non-tristate:                                                                   

hnet:biriscv_multiplier/upper2_reg
hnet:biriscv_multiplier/upper_reg
-------------------------------------------------------------------------------


Lint summary
 Unconnected/logic driven clocks                                  0
 Sequential data pins driven by a clock signal                    0
 Sequential clock pins without clock waveform                     0
 Sequential clock pins with multiple clock waveforms              0
 Generated clocks without clock waveform                          0
 Generated clocks with incompatible options                       0
 Generated clocks with multi-master clock                         0
 Paths constrained with different clocks                          0
 Loop-breaking cells for combinational feedback                   0
 Nets with multiple drivers                                       2
 Timing exceptions with no effect                                 0
 Suspicious multi_cycle exceptions                                0
 Pins/ports with conflicting case constants                       0
 Inputs without clocked external delays                           0
 Outputs without clocked external delays                          0
 Inputs without external driver/transition                        0
 Outputs without external load                                    0
 Exceptions with invalid timing start-/endpoints                  0

                                                  Total:          2
@file(biriscv_multiplier.tcl) 97: report_timing -lint > ${RPT_DIR}/${freq_mhz}_MHz/${OP_CORNER}/${HDL_NAME}_timing_lint.rpt
@file(biriscv_multiplier.tcl) 102: set_db auto_ungroup both ;# (none|both) ungrouping will not be performed
  Setting attribute of root '/': 'auto_ungroup' = both
@file(biriscv_multiplier.tcl) 115: syn_generic ${HDL_NAME} 

Stage: pre_early_cg
------------------------------------------------
| Transform | Accepts | Rejects | Runtime (ms) | 
------------------------------------------------
------------------------------------------------
##Generic Timing Info for library domain: worst typical gate delay: 152.5 ps std_slew: 18.2 ps std_load: 1.0 fF
Starting mux data reorder optimization [v1.0] (stage: pre_to_gen_setup, startdef: biriscv_multiplier, recur: true)
Completed mux data reorder optimization (accepts: 0, rejects: 0, runtime: 0.000s)

Stage: pre_to_gen_setup
------------------------------------------------------
| Transform       | Accepts | Rejects | Runtime (ms) | 
------------------------------------------------------
| hlo_mux_reorder |       0 |       0 |         0.00 | 
------------------------------------------------------
Current PLE settings:

Aspect ratio        : 1.000
Shrink factor       : 1.000
Scale of res/length : 1.000
Scale of cap/length : 1.000
Net derating factor : 1.000
Thermal factor      : 1.324
Via Resistance      : 0.600 ohm (from qrc_tech_file)
Site size           : 1.910 um (from lef [tech+cell])

                                    Capacitance  
   Layer                             / Length         Data source:
 Name        Direction Utilization  (pF/micron)       qrc_tech_file
-------------------------------------------------
metal1_conn      H         0.00        0.000367  
metal2_conn      V         1.00        0.000317  
metal3_conn      H         1.00        0.000315  
metal4_conn      V         1.00        0.000317  
metal5_conn      H         1.00        0.000317  
metal6_conn      V         1.00        0.000318  
metal7_conn      H         1.00        0.000318  
metal8_conn      V         1.00        0.000315  
metal9_conn      H         1.00        0.001755  
metal10_conn     V         1.00        0.000854  
metal11_conn     H         1.00        0.000739  

                                     Resistance   
   Layer                              / Length         Data source:
 Name        Direction Utilization  (ohm/micron)       qrc_tech_file
--------------------------------------------------
metal1_conn      H         0.00         1.900028  
metal2_conn      V         1.00         1.183743  
metal3_conn      H         1.00         1.183743  
metal4_conn      V         1.00         1.183743  
metal5_conn      H         1.00         1.183743  
metal6_conn      V         1.00         1.183743  
metal7_conn      H         1.00         1.183743  
metal8_conn      V         1.00         0.432387  
metal9_conn      H         1.00         0.432387  
metal10_conn     V         1.00         0.157232  
metal11_conn     H         1.00         0.158932  

                                         Area     
   Layer                               / Length        Data source:
 Name        Direction Utilization     (micron)        lef_library
--------------------------------------------------
Metal1           H         0.00         0.060000  
Metal2           V         1.00         0.080000  
Metal3           H         1.00         0.080000  
Metal4           V         1.00         0.080000  
Metal5           H         1.00         0.080000  
Metal6           V         1.00         0.080000  
Metal7           H         1.00         0.080000  
Metal8           V         1.00         0.080000  
Metal9           H         1.00         0.080000  
Metal10          V         1.00         0.220000  
Metal11          H         1.00         0.220000  

Info    : Synthesizing. [SYNTH-1]
        : Synthesizing 'biriscv_multiplier' to generic gates using 'medium' effort.
Running Synthesis Turbo Flow Version 1.
PBS_Generic-Start - Elapsed_Time 0, CPU_Time 0.0
stamp 'PBS_Generic-Start' being created for table 'pbs_debug'

  Total Time (Wall) |  Stage Time (Wall)  |   % (Wall)   |    Date - Time     |  Memory   | Stage
--------------------+---------------------+--------------+--------------------+-----------+----------------------
 00:00:22(00:00:19) |  00:00:00(00:00:00) |   0.0(  0.0) |   15:58:36 (Nov04) |  492.0 MB | PBS_Generic-Start
--------------------+---------------------+--------------+--------------------+-----------+----------------------
Number of threads: 8 * 1   (id: pbs_debug, time_info v1.57)
Info: (*N*) indicates data that was populated from previously saved time_info database
Info: CPU time includes time of parent + longest thread
TNS Restructuring config: no_value at stage: generic applied.
Info    : Partition Based Synthesis execution skipped. [PHYS-752]
        : Design size is less than the partition size '100000' for distributed generic optimization to kick in.
Starting mux data reorder optimization [v1.0] (stage: pre_to_gen_setup, startdef: biriscv_multiplier, recur: true)
Completed mux data reorder optimization (accepts: 0, rejects: 0, runtime: 0.021s)

Stage: pre_to_gen_setup
------------------------------------------------------
| Transform       | Accepts | Rejects | Runtime (ms) | 
------------------------------------------------------
| hlo_mux_reorder |       0 |       0 |        21.00 | 
------------------------------------------------------
Starting mux data reorder optimization [v1.0] (stage: post_to_gen_setup, startdef: biriscv_multiplier, recur: true)
Completed mux data reorder optimization (accepts: 0, rejects: 0, runtime: 0.000s)

Stage: post_to_gen_setup
------------------------------------------------------
| Transform       | Accepts | Rejects | Runtime (ms) | 
------------------------------------------------------
| hlo_mux_reorder |       0 |       0 |         0.00 | 
------------------------------------------------------
Current PLE settings:

Aspect ratio        : 1.000
Shrink factor       : 1.000
Scale of res/length : 1.000
Scale of cap/length : 1.000
Net derating factor : 1.000
Thermal factor      : 1.324
Via Resistance      : 0.600 ohm (from qrc_tech_file)
Site size           : 1.910 um (from lef [tech+cell])

                                    Capacitance  
   Layer                             / Length         Data source:
 Name        Direction Utilization  (pF/micron)       qrc_tech_file
-------------------------------------------------
metal1_conn      H         0.00        0.000367  
metal2_conn      V         1.00        0.000317  
metal3_conn      H         1.00        0.000315  
metal4_conn      V         1.00        0.000317  
metal5_conn      H         1.00        0.000317  
metal6_conn      V         1.00        0.000318  
metal7_conn      H         1.00        0.000318  
metal8_conn      V         1.00        0.000315  
metal9_conn      H         1.00        0.001755  
metal10_conn     V         1.00        0.000854  
metal11_conn     H         1.00        0.000739  

                                     Resistance   
   Layer                              / Length         Data source:
 Name        Direction Utilization  (ohm/micron)       qrc_tech_file
--------------------------------------------------
metal1_conn      H         0.00         1.900028  
metal2_conn      V         1.00         1.183743  
metal3_conn      H         1.00         1.183743  
metal4_conn      V         1.00         1.183743  
metal5_conn      H         1.00         1.183743  
metal6_conn      V         1.00         1.183743  
metal7_conn      H         1.00         1.183743  
metal8_conn      V         1.00         0.432387  
metal9_conn      H         1.00         0.432387  
metal10_conn     V         1.00         0.157232  
metal11_conn     H         1.00         0.158932  

                                         Area     
   Layer                               / Length        Data source:
 Name        Direction Utilization     (micron)        lef_library
--------------------------------------------------
Metal1           H         0.00         0.060000  
Metal2           V         1.00         0.080000  
Metal3           H         1.00         0.080000  
Metal4           V         1.00         0.080000  
Metal5           H         1.00         0.080000  
Metal6           V         1.00         0.080000  
Metal7           H         1.00         0.080000  
Metal8           V         1.00         0.080000  
Metal9           H         1.00         0.080000  
Metal10          V         1.00         0.220000  
Metal11          H         1.00         0.220000  

Running Unified Mux Engine Tricks...
Completed Unified Mux Engine Tricks

Stage: pre_hlo_rtlopt
--------------------------------------------
| Trick | Accepts | Rejects | Runtime (ms) | 
--------------------------------------------
--------------------------------------------
Starting infer macro optimization [v1.0] (stage: pre_rtlopt, startdef: biriscv_multiplier, recur: true)
Completed infer macro optimization (accepts: 0, rejects: 0, runtime: 0.137s)
Starting decode mux sandwich optimization [v2.0] (stage: pre_rtlopt, startdef: biriscv_multiplier, recur: true)
Completed decode mux sandwich optimization (accepts: 0, rejects: 0, runtime: 0.000s)
Starting decode mux optimization [v1.0] (stage: pre_rtlopt, startdef: biriscv_multiplier, recur: true)
Completed decode mux optimization (accepts: 0, rejects: 0, runtime: 0.001s)
Starting chop wide muxes [v1.0] (stage: pre_rtlopt, startdef: biriscv_multiplier, recur: true)
Completed chop wide muxes (accepts: 0, rejects: 0, runtime: 0.000s)
Starting common data mux cascade opt [v1.0] (stage: pre_rtlopt, startdef: biriscv_multiplier, recur: true)
Completed common data mux cascade opt (accepts: 0, rejects: 0, runtime: 0.000s)
Starting mux input consolidation [v1.0] (stage: pre_rtlopt, startdef: biriscv_multiplier, recur: true)
Completed mux input consolidation (accepts: 0, rejects: 0, runtime: 0.000s)
Starting constant-data mux optimization [v1.0] (stage: pre_rtlopt, startdef: biriscv_multiplier, recur: true)
Completed constant-data mux optimization (accepts: 0, rejects: 0, runtime: 0.001s)
Starting chain-to-tree inequality transform [v2.0] (stage: pre_rtlopt, startdef: biriscv_multiplier, recur: true)
Completed chain-to-tree inequality transform (accepts: 0, rejects: 0, runtime: 0.178s)
Starting reconvergence optimization [v1.0] (stage: pre_rtlopt, startdef: biriscv_multiplier, recur: true)
Completed reconvergence optimization (accepts: 0, rejects: 0, runtime: 0.000s)
Starting logic restructure optimization [v1.0] (stage: pre_rtlopt, startdef: biriscv_multiplier, recur: true)
Completed logic restructure optimization (accepts: 0, rejects: 0, runtime: 0.002s)
Starting common select mux optimization [v1.0] (stage: pre_rtlopt, startdef: biriscv_multiplier, recur: true)
Completed common select mux optimization (accepts: 0, rejects: 0, runtime: 0.001s)
Starting identity transform [v3.0] (stage: pre_rtlopt, startdef: biriscv_multiplier, recur: true)
Completed identity transform (accepts: 0, rejects: 0, runtime: 0.003s)
Starting reduce operator chain [v1.0] (stage: pre_rtlopt, startdef: biriscv_multiplier, recur: true)
Completed reduce operator chain (accepts: 0, rejects: 0, runtime: 0.000s)
Starting common data mux cascade opt [v1.0] (stage: pre_rtlopt, startdef: biriscv_multiplier, recur: true)
Completed common data mux cascade opt (accepts: 0, rejects: 0, runtime: 0.000s)
Starting mux input consolidation [v1.0] (stage: pre_rtlopt, startdef: biriscv_multiplier, recur: true)
Completed mux input consolidation (accepts: 0, rejects: 0, runtime: 0.000s)
Starting optimize datapath elements [v1.0] (stage: pre_rtlopt, startdef: biriscv_multiplier, recur: true)
Completed optimize datapath elements (accepts: 0, rejects: 0, runtime: 0.000s)
Starting datapath recasting [v1.0] (stage: pre_rtlopt, startdef: biriscv_multiplier, recur: true)
Completed datapath recasting (accepts: 0, rejects: 0, runtime: 0.000s)
Starting clip mux common data inputs [v1.0] (stage: pre_rtlopt, startdef: biriscv_multiplier, recur: true)
Completed clip mux common data inputs (accepts: 0, rejects: 0, runtime: 0.000s)
Starting clip the non-user hierarchies [v2.0] (stage: pre_rtlopt, startdef: biriscv_multiplier, recur: true)
Completed clip the non-user hierarchies (accepts: 0, rejects: 0, runtime: 0.000s)

Stage: pre_rtlopt
----------------------------------------------------------------
| Transform                 | Accepts | Rejects | Runtime (ms) | 
----------------------------------------------------------------
| hlo_infer_macro           |       0 |       0 |       137.00 | 
| hlo_decode_mux_sandwich   |       0 |       0 |         0.00 | 
| hlo_mux_decode            |       0 |       0 |         1.00 | 
| hlo_chop_mux              |       0 |       0 |         0.00 | 
| hlo_mux_cascade_opt       |       0 |       0 |         0.00 | 
| hlo_mux_consolidation     |       0 |       0 |         0.00 | 
| hlo_constant_mux_opt      |       0 |       0 |         1.00 | 
| hlo_inequality_transform  |       0 |       0 |       178.00 | 
| hlo_reconv_opt            |       0 |       0 |         0.00 | 
| hlo_restructure           |       0 |       0 |         2.00 | 
| hlo_common_select_muxopto |       0 |       0 |         1.00 | 
| hlo_identity_transform    |       0 |       0 |         3.00 | 
| hlo_reduce_operator_chain |       0 |       0 |         0.00 | 
| hlo_mux_cascade_opt       |       0 |       0 |         0.00 | 
| hlo_mux_consolidation     |       0 |       0 |         0.00 | 
| hlo_optimize_datapath     |       0 |       0 |         0.00 | 
| hlo_datapath_recast       |       0 |       0 |         0.00 | 
| hlo_clip_mux_input        |       0 |       0 |         0.00 | 
| hlo_clip                  |       0 |       0 |         0.00 | 
----------------------------------------------------------------
Running Unified Mux Engine Tricks...
Completed Unified Mux Engine Tricks

Stage: post_hlo_rtlopt
--------------------------------------------------
| Trick       | Accepts | Rejects | Runtime (ms) | 
--------------------------------------------------
| ume_runtime |       0 |       0 |         0.00 | 
--------------------------------------------------
Number of big hc bmuxes before = 0
Number of non-ctl's : 1
mux_cmbsop_sig_A_S1_s_72_15 
SOP DEBUG : Module= biriscv_multiplier, Cluster= ctl_72_15, ctl= 1, Non-ctl= 1
Selected impl_type 0 (ctl + 1-hot mux form) for sop cluster ctl_72_15.
Info    : Pre-processed datapath logic. [DPOPT-6]
        : Pre-processing optimizations applied to datapath logic in 'biriscv_multiplier':
          sop(1) msb_trim(1) live_trim(63) 
Info    : Optimizing datapath logic. [DPOPT-1]
        : Optimizing datapath logic in 'biriscv_multiplier'.
Info    : Implementing datapath configurations. [DPOPT-3]
        : Implementing datapath configurations for 'CDN_DP_region_0_1'
CSAGen Prep Share:0 Re-Write:0 Speculation: 0
MaxCSA: Successfully built Maximal CSA Expression Expr0
CDN_DP_region_0_1 level = 0 loads = 0 drivers = 0
CDN_DP_region_0_1_c0 in biriscv_multiplier: area: 65731945230 ,dp = 7 mux = 0 sg = slow         worst_clk_period: -1.0000 
    wns: 12336  norm_wns:  -1.0000 
    fail_endp: -1 
    tns:  358761  tns_per_endp:  -1.0000   norm_tns_per_endp:  -1.0000 
    tns_sense_max:  -1.0000  tns_sense_avg:  -1.0000   tns_sense_num: -1
    power:  -9223372036854775808  
 skipped
CDN_DP_region_0_1_c1 in biriscv_multiplier: area: 35680919400 ,dp = 1 mux = 0 sg = fast         worst_clk_period: -1.0000 
    wns: 0  norm_wns:  -1.0000 
    fail_endp: -1 
    tns:  0  tns_per_endp:  -1.0000   norm_tns_per_endp:  -1.0000 
    tns_sense_max:  -1.0000  tns_sense_avg:  -1.0000   tns_sense_num: -1
    power:  -9223372036854775808  
 is current best
CDN_DP_region_0_1_c2 in biriscv_multiplier: area: 35680919400 ,dp = 1 mux = 0 sg = very_slow    worst_clk_period: -1.0000 
    wns: 0  norm_wns:  -1.0000 
    fail_endp: -1 
    tns:  0  tns_per_endp:  -1.0000   norm_tns_per_endp:  -1.0000 
    tns_sense_max:  -1.0000  tns_sense_avg:  -1.0000   tns_sense_num: -1
    power:  -9223372036854775808  
 is current best
CDN_DP_region_0_1_c3 in biriscv_multiplier: area: 35680919400 ,dp = 1 mux = 0 sg = very_fast    worst_clk_period: -1.0000 
    wns: 0  norm_wns:  -1.0000 
    fail_endp: -1 
    tns:  0  tns_per_endp:  -1.0000   norm_tns_per_endp:  -1.0000 
    tns_sense_max:  -1.0000  tns_sense_avg:  -1.0000   tns_sense_num: -1
    power:  -9223372036854775808  
 is current best
CDN_DP_region_0_1_c4 in biriscv_multiplier: area: 35680919400 ,dp = 1 mux = 0 sg = very_fast    worst_clk_period: -1.0000 
    wns: 0  norm_wns:  -1.0000 
    fail_endp: -1 
    tns:  0  tns_per_endp:  -1.0000   norm_tns_per_endp:  -1.0000 
    tns_sense_max:  -1.0000  tns_sense_avg:  -1.0000   tns_sense_num: -1
    power:  -9223372036854775808  
 is current best
CDN_DP_region_0_1_c5 in biriscv_multiplier: area: 35680919400 ,dp = 1 mux = 0 sg = very_fast    worst_clk_period: -1.0000 
    wns: 0  norm_wns:  -1.0000 
    fail_endp: -1 
    tns:  0  tns_per_endp:  -1.0000   norm_tns_per_endp:  -1.0000 
    tns_sense_max:  -1.0000  tns_sense_avg:  -1.0000   tns_sense_num: -1
    power:  -9223372036854775808  
 is current best
CDN_DP_region_0_1_c6 in biriscv_multiplier: area: 35680919400 ,dp = 1 mux = 0 sg = very_fast    worst_clk_period: -1.0000 
    wns: 0  norm_wns:  -1.0000 
    fail_endp: -1 
    tns:  0  tns_per_endp:  -1.0000   norm_tns_per_endp:  -1.0000 
    tns_sense_max:  -1.0000  tns_sense_avg:  -1.0000   tns_sense_num: -1
    power:  -9223372036854775808  
 is current best
CDN_DP_region_0_1_c7 in biriscv_multiplier: area: 35728992495 ,dp = 1 mux = 0 sg = very_fast    worst_clk_period: -1.0000 
    wns: 0  norm_wns:  -1.0000 
    fail_endp: -1 
    tns:  0  tns_per_endp:  -1.0000   norm_tns_per_endp:  -1.0000 
    tns_sense_max:  -1.0000  tns_sense_avg:  -1.0000   tns_sense_num: -1
    power:  -9223372036854775808  

Best config: CDN_DP_region_0_1_c6 in biriscv_multiplier: area: 35680919400 ,dp = 1 mux = 0 sg = very_fast    worst_clk_period: -1.0000 
    wns: 0  norm_wns:  -1.0000 
    fail_endp: -1 
    tns:  0  tns_per_endp:  -1.0000   norm_tns_per_endp:  -1.0000 
    tns_sense_max:  -1.0000  tns_sense_avg:  -1.0000   tns_sense_num: -1
    power:  -9223372036854775808  
  Smallest config area : 35680919400.  Fastest config wns;  0
##>+----------------------------------------------------------------------------------------------------------------------------------------------------------------+
##>Summary table of configs (Best config is CDN_DP_region_0_1_c6)
##>+----------------------------------------------------------------------------------------------------------------------------------------------------------------+
##>                     0                  1                  2                  3                  4                  5                  6                  7            
##>+----------------------------------------------------------------------------------------------------------------------------------------------------------------+
##>           Area      65731945230        35680919400        35680919400        35680919400        35680919400        35680919400        35680919400        35728992495  
##>            WNS         -1233.60            +253.90            +253.90            +253.90            +253.90            +253.90            +253.90            +253.90  
##>            TNS           358761                  0                  0                  0                  0                  0                  0                  0  
##>    Num Rewrite                0                  1                  1                  1                  1                  1                  1                  0  
##>     Num Factor                0                  0                  0                  0                  0                  0                  0                  0  
##>      Num Share                0                  0                  0                  0                  0                  0                  0                  0  
##>   Num CmultCse                0                  0                  0                  0                  0                  0                  0                  0  
##>   Num Downsize                0                  0                  0                  0                  0                  0                  0                  0  
##>  Num Speculate                0                  0                  0                  0                  0                  0                  0                  0  
##>     Runtime(s)                0                  1                  1                  1                  1                  1                  1                  3  
+----------------------------------------------------------------------------------------------------------------------------------------------------------------+
##>
##>
##>+-----------------------------------------------------------------------------------------------------------------------------------------------------------------------------------------------------+
##>Optimization Step DEBUG Table for config CDN_DP_region_0_1_c6
##>
##>                          Step                        Area   (  % Chg)         WNS (Change)          TNS (Change)                Power   (  % Chg)        Runtime (s)        Comment                   
##>+-----------------------------------------------------------------------------------------------------------------------------------------------------------------------------------------------------+
##>createMaxCarrySave              START            65731945230 (       )    107372948.80 (        )          0 (        )                    0 (       )              
##> datapath_rewrite_one_def       START            65731945230 (  +0.00)    107372948.80 (   +0.00)          0 (       0)                    0 (  +0.00)              
##>  fast_cse_elim                 START            65731945230 (  +0.00)    107372948.80 (   +0.00)          0 (       0)                    0 (  +0.00)              
##>                                  END            65731945230 (  +0.00)    107372948.80 (   +0.00)          0 (       0)                    0 (  +0.00)           0  
##>  fast_cse_elim                 START            65731945230 (  +0.00)    107372948.80 (   +0.00)          0 (       0)                    0 (  +0.00)              
##>                                  END            65731945230 (  +0.00)    107372948.80 (   +0.00)          0 (       0)                    0 (  +0.00)           0  
##>                                  END            65731945230 (  +0.00)    107372948.80 (   +0.00)          0 (       0)                    0 (  +0.00)           0  
##> dpopt_share_one_def            START            65731945230 (  +0.00)    107372948.80 (   +0.00)          0 (       0)                    0 (  +0.00)              
##>                                  END            65731945230 (  +0.00)    107372948.80 (   +0.00)          0 (       0)                    0 (  +0.00)           0  
##> csa_opto                       START            65731945230 (  +0.00)    214748364.70 (+107375415.90)          0 (       0)                    0 (  +0.00)              
##>                                  END            35675577945 ( -45.73)    214748364.70 (   +0.00)          0 (       0)                    0 (  +0.00)           0  
##>                                  END            35675577945 ( -45.73)    214748364.70 (+107375415.90)          0 (       0)                    0 (  +0.00)           0  
##>canonicalize_by_names           START            35675577945 (  +0.00)    214748364.70 (   +0.00)          0 (       0)                    0 (  +0.00)              
##>                                  END            35675577945 (  +0.00)    214748364.70 (   +0.00)          0 (       0)                    0 (  +0.00)           0  
##>datapath_rewrite_post_csa_one_  START            35675577945 (  +0.00)    214748364.70 (   +0.00)          0 (       0)                    0 (  +0.00)              
##> rewrite                        START            35675577945 (  +0.00)    214748364.70 (   +0.00)          0 (       0)                    0 (  +0.00)              (a,ar) csa_add_and_inc_v2 --> csa_add_ci
##>                                  END            35680919400 (  +0.01)    214748364.70 (   +0.00)          0 (       0)                    0 (  +0.00)           0  
##>                                  END            35680919400 (  +0.01)    214748364.70 (   +0.00)          0 (       0)                    0 (  +0.00)           0  
##>datapath_csa_factoring_one_gde  START            35680919400 (  +0.00)    214748364.70 (   +0.00)          0 (       0)                    0 (  +0.00)              
##>                                  END            35680919400 (  +0.00)    214748364.70 (   +0.00)          0 (       0)                    0 (  +0.00)           0  
##>dpopt_share_one_def             START            35680919400 (  +0.00)    214748364.70 (   +0.00)          0 (       0)                    0 (  +0.00)              
##>                                  END            35680919400 (  +0.00)    214748364.70 (   +0.00)          0 (       0)                    0 (  +0.00)           0  
##>datapath_rewrite_post_share     START            35680919400 (  +0.00)    214748364.70 (   +0.00)          0 (       0)                    0 (  +0.00)              
##>                                  END            35680919400 (  +0.00)    214748364.70 (   +0.00)          0 (       0)                    0 (  +0.00)           0  
##>dp_combine_const_mult_with_com  START            35680919400 (  +0.00)    214748364.70 (   +0.00)          0 (       0)                    0 (  +0.00)              
##>                                  END            35680919400 (  +0.00)    214748364.70 (   +0.00)          0 (       0)                    0 (  +0.00)           0  
##>dp_operator_level_decompositio  START            35680919400 (  +0.00)    214748364.70 (   +0.00)          0 (       0)                    0 (  +0.00)              
##>                                  END            35680919400 (  +0.00)    214748364.70 (   +0.00)          0 (       0)                    0 (  +0.00)           0  
##>selective_flatten_dp_config     START            35680919400 (  +0.00)    214748364.70 (   +0.00)          0 (       0)                    0 (  +0.00)              
##>                                  END            35680919400 (  +0.00)    214748364.70 (   +0.00)          0 (       0)                    0 (  +0.00)           0  
##>createMaxCarrySave              START            35680919400 (  +0.00)    214748364.70 (   +0.00)          0 (       0)                    0 (  +0.00)              
##> datapath_rewrite_one_def       START            35680919400 (  +0.00)    214748364.70 (   +0.00)          0 (       0)                    0 (  +0.00)              
##>  fast_cse_elim                 START            35680919400 (  +0.00)    214748364.70 (   +0.00)          0 (       0)                    0 (  +0.00)              
##>                                  END            35680919400 (  +0.00)    214748364.70 (   +0.00)          0 (       0)                    0 (  +0.00)           0  
##>  fast_cse_elim                 START            35680919400 (  +0.00)    214748364.70 (   +0.00)          0 (       0)                    0 (  +0.00)              
##>                                  END            35680919400 (  +0.00)    214748364.70 (   +0.00)          0 (       0)                    0 (  +0.00)           0  
##>                                  END            35680919400 (  +0.00)    214748364.70 (   +0.00)          0 (       0)                    0 (  +0.00)           0  
##> dpopt_share_one_def            START            35680919400 (  +0.00)    214748364.70 (   +0.00)          0 (       0)                    0 (  +0.00)              
##>                                  END            35680919400 (  +0.00)    214748364.70 (   +0.00)          0 (       0)                    0 (  +0.00)           0  
##> csa_opto                       START            35680919400 (  +0.00)    214748364.70 (   +0.00)          0 (       0)                    0 (  +0.00)              
##>                                  END            35680919400 (  +0.00)    214748364.70 (   +0.00)          0 (       0)                    0 (  +0.00)           0  
##>                                  END            35680919400 (  +0.00)    214748364.70 (   +0.00)          0 (       0)                    0 (  +0.00)           0  
##>datapath_rewrite_post_csa_one_  START            35680919400 (  +0.00)    214748364.70 (   +0.00)          0 (       0)                    0 (  +0.00)              
##>                                  END            35680919400 (  +0.00)    214748364.70 (   +0.00)          0 (       0)                    0 (  +0.00)           0  
##>datapath_csa_factoring_one_gde  START            35680919400 (  +0.00)    214748364.70 (   +0.00)          0 (       0)                    0 (  +0.00)              
##>                                  END            35680919400 (  +0.00)    214748364.70 (   +0.00)          0 (       0)                    0 (  +0.00)           0  
##>dpopt_share_one_def             START            35680919400 (  +0.00)    214748364.70 (   +0.00)          0 (       0)                    0 (  +0.00)              
##>                                  END            35680919400 (  +0.00)    214748364.70 (   +0.00)          0 (       0)                    0 (  +0.00)           0  
##>datapath_rewrite_post_share     START            35680919400 (  +0.00)    214748364.70 (   +0.00)          0 (       0)                    0 (  +0.00)              
##>                                  END            35680919400 (  +0.00)    214748364.70 (   +0.00)          0 (       0)                    0 (  +0.00)           0  
##>dp_combine_const_mult_with_com  START            35680919400 (  +0.00)    214748364.70 (   +0.00)          0 (       0)                    0 (  +0.00)              
##>                                  END            35680919400 (  +0.00)    214748364.70 (   +0.00)          0 (       0)                    0 (  +0.00)           0  
##>dp_operator_level_decompositio  START            35680919400 (  +0.00)    214748364.70 (   +0.00)          0 (       0)                    0 (  +0.00)              
##>                                  END            35680919400 (  +0.00)    214748364.70 (   +0.00)          0 (       0)                    0 (  +0.00)           0  
##>selective_flatten_dp_config     START            35680919400 (  +0.00)    214748364.70 (   +0.00)          0 (       0)                    0 (  +0.00)              
##>                                  END            35680919400 (  +0.00)    214748364.70 (   +0.00)          0 (       0)                    0 (  +0.00)           0  
##>createMaxCarrySave              START            35680919400 (  +0.00)    214748364.70 (   +0.00)          0 (       0)                    0 (  +0.00)              
##> datapath_rewrite_one_def       START            35680919400 (  +0.00)    214748364.70 (   +0.00)          0 (       0)                    0 (  +0.00)              
##>  fast_cse_elim                 START            35680919400 (  +0.00)    214748364.70 (   +0.00)          0 (       0)                    0 (  +0.00)              
##>                                  END            35680919400 (  +0.00)    214748364.70 (   +0.00)          0 (       0)                    0 (  +0.00)           0  
##>  fast_cse_elim                 START            35680919400 (  +0.00)    214748364.70 (   +0.00)          0 (       0)                    0 (  +0.00)              
##>                                  END            35680919400 (  +0.00)    214748364.70 (   +0.00)          0 (       0)                    0 (  +0.00)           0  
##>                                  END            35680919400 (  +0.00)    214748364.70 (   +0.00)          0 (       0)                    0 (  +0.00)           0  
##> dpopt_share_one_def            START            35680919400 (  +0.00)    214748364.70 (   +0.00)          0 (       0)                    0 (  +0.00)              
##>                                  END            35680919400 (  +0.00)    214748364.70 (   +0.00)          0 (       0)                    0 (  +0.00)           0  
##> csa_opto                       START            35680919400 (  +0.00)    214748364.70 (   +0.00)          0 (       0)                    0 (  +0.00)              
##>                                  END            35680919400 (  +0.00)    214748364.70 (   +0.00)          0 (       0)                    0 (  +0.00)           0  
##>                                  END            35680919400 (  +0.00)    214748364.70 (   +0.00)          0 (       0)                    0 (  +0.00)           0  
##>context_based_simplify          START            35680919400 (  +0.00)    214748364.70 (   +0.00)          0 (       0)                    0 (  +0.00)              
##>                                  END            35680919400 (  +0.00)    214748364.70 (   +0.00)          0 (       0)                    0 (  +0.00)           0  
##>group_csa_final_adder_dp        START            35680919400 (  +0.00)    214748364.70 (   +0.00)          0 (       0)                    0 (  +0.00)              
##>                                  END            35680919400 (  +0.00)    214748364.70 (   +0.00)          0 (       0)                    0 (  +0.00)           0  
##>dpopt_flatten_critical_muxes_i  START            35680919400 (  +0.00)    214748364.70 (   +0.00)          0 (       0)                    0 (  +0.00)              
##>                                  END            35680919400 (  +0.00)    214748364.70 (   +0.00)          0 (       0)                    0 (  +0.00)           0  
##>create_score                    START            35680919400 (  +0.00)      253.90 (-214748110.80)          0 (       0)                    0 (  +0.00)              
##>                                  END            35680919400 (  +0.00)      253.90 (   +0.00)          0 (       0)                    0 (  +0.00)           0  
##>+-----------------------------------------------------------------------------------------------------------------------------------------------------------------------------------------------------+
Committed config: CDN_DP_region_0_1_c6
Info    : Done implementing datapath configurations. [DPOPT-4]
        : Selected 'very_fast' configuration 6 for module 'CDN_DP_region_0_1_c6'.
          Optimizations applied to 'very_fast' configuration:
            rewriting(1), factoring(0), sharing(0), cmultcse(0), downsizing(0), speculation(0)
Info    : Implementing datapath configurations. [DPOPT-3]
        : Implementing datapath configurations for 'CDN_DP_region_0_9'
CSAGen Prep Share:0 Re-Write:0 Speculation: 0
MaxCSA: Successfully built Maximal CSA Expression Expr1
CDN_DP_region_0_9 level = 0 loads = 0 drivers = 0
CDN_DP_region_0_9_c0 in biriscv_multiplier: area: 49157410365 ,dp = 7 mux = 0 sg = slow         worst_clk_period: -1.0000 
    wns: 8298  norm_wns:  -1.0000 
    fail_endp: -1 
    tns:  153912  tns_per_endp:  -1.0000   norm_tns_per_endp:  -1.0000 
    tns_sense_max:  -1.0000  tns_sense_avg:  -1.0000   tns_sense_num: -1
    power:  -9223372036854775808  
 skipped
CDN_DP_region_0_9_c1 in biriscv_multiplier: area: 22952232135 ,dp = 1 mux = 0 sg = fast         worst_clk_period: -1.0000 
    wns: 0  norm_wns:  -1.0000 
    fail_endp: -1 
    tns:  0  tns_per_endp:  -1.0000   norm_tns_per_endp:  -1.0000 
    tns_sense_max:  -1.0000  tns_sense_avg:  -1.0000   tns_sense_num: -1
    power:  -9223372036854775808  
 is current best
CDN_DP_region_0_9_c2 in biriscv_multiplier: area: 22952232135 ,dp = 1 mux = 0 sg = very_slow    worst_clk_period: -1.0000 
    wns: 0  norm_wns:  -1.0000 
    fail_endp: -1 
    tns:  0  tns_per_endp:  -1.0000   norm_tns_per_endp:  -1.0000 
    tns_sense_max:  -1.0000  tns_sense_avg:  -1.0000   tns_sense_num: -1
    power:  -9223372036854775808  
 is current best
CDN_DP_region_0_9_c3 in biriscv_multiplier: area: 22952232135 ,dp = 1 mux = 0 sg = very_fast    worst_clk_period: -1.0000 
    wns: 0  norm_wns:  -1.0000 
    fail_endp: -1 
    tns:  0  tns_per_endp:  -1.0000   norm_tns_per_endp:  -1.0000 
    tns_sense_max:  -1.0000  tns_sense_avg:  -1.0000   tns_sense_num: -1
    power:  -9223372036854775808  
 is current best
CDN_DP_region_0_9_c4 in biriscv_multiplier: area: 22952232135 ,dp = 1 mux = 0 sg = very_fast    worst_clk_period: -1.0000 
    wns: 0  norm_wns:  -1.0000 
    fail_endp: -1 
    tns:  0  tns_per_endp:  -1.0000   norm_tns_per_endp:  -1.0000 
    tns_sense_max:  -1.0000  tns_sense_avg:  -1.0000   tns_sense_num: -1
    power:  -9223372036854775808  
 is current best
CDN_DP_region_0_9_c5 in biriscv_multiplier: area: 22952232135 ,dp = 1 mux = 0 sg = very_fast    worst_clk_period: -1.0000 
    wns: 0  norm_wns:  -1.0000 
    fail_endp: -1 
    tns:  0  tns_per_endp:  -1.0000   norm_tns_per_endp:  -1.0000 
    tns_sense_max:  -1.0000  tns_sense_avg:  -1.0000   tns_sense_num: -1
    power:  -9223372036854775808  
 is current best
CDN_DP_region_0_9_c6 in biriscv_multiplier: area: 22952232135 ,dp = 1 mux = 0 sg = very_fast    worst_clk_period: -1.0000 
    wns: 0  norm_wns:  -1.0000 
    fail_endp: -1 
    tns:  0  tns_per_endp:  -1.0000   norm_tns_per_endp:  -1.0000 
    tns_sense_max:  -1.0000  tns_sense_avg:  -1.0000   tns_sense_num: -1
    power:  -9223372036854775808  
 is current best
CDN_DP_region_0_9_c7 in biriscv_multiplier: area: 5293381905 ,dp = 1 mux = 0 sg = very_fast    worst_clk_period: -1.0000 
    wns: 0  norm_wns:  -1.0000 
    fail_endp: -1 
    tns:  0  tns_per_endp:  -1.0000   norm_tns_per_endp:  -1.0000 
    tns_sense_max:  -1.0000  tns_sense_avg:  -1.0000   tns_sense_num: -1
    power:  -9223372036854775808  
 is current best
Best config: CDN_DP_region_0_9_c7 in biriscv_multiplier: area: 5293381905 ,dp = 1 mux = 0 sg = very_fast    worst_clk_period: -1.0000 
    wns: 0  norm_wns:  -1.0000 
    fail_endp: -1 
    tns:  0  tns_per_endp:  -1.0000   norm_tns_per_endp:  -1.0000 
    tns_sense_max:  -1.0000  tns_sense_avg:  -1.0000   tns_sense_num: -1
    power:  -9223372036854775808  
  Smallest config area : 5293381905.  Fastest config wns;  0
##>+----------------------------------------------------------------------------------------------------------------------------------------------------------------+
##>Summary table of configs (Best config is CDN_DP_region_0_9_c7)
##>+----------------------------------------------------------------------------------------------------------------------------------------------------------------+
##>                     0                  1                  2                  3                  4                  5                  6                  7            
##>+----------------------------------------------------------------------------------------------------------------------------------------------------------------+
##>           Area      49157410365        22952232135        22952232135        22952232135        22952232135        22952232135        22952232135         5293381905  
##>            WNS          -829.80            +606.90            +606.90            +606.90            +606.90            +606.90            +606.90           +1549.60  
##>            TNS           153912                  0                  0                  0                  0                  0                  0                  0  
##>    Num Rewrite                0                  1                  1                  1                  1                  1                  1                  0  
##>     Num Factor                0                  0                  0                  0                  0                  0                  0                  0  
##>      Num Share                0                  0                  0                  0                  0                  0                  0                  0  
##>   Num CmultCse                0                  0                  0                  0                  0                  0                  0                  0  
##>   Num Downsize                0                  0                  0                  0                  0                  0                  0                  0  
##>  Num Speculate                0                  0                  0                  0                  0                  0                  0                  0  
##>     Runtime(s)                0                  1                  1                  1                  1                  1                  1                  4  
+----------------------------------------------------------------------------------------------------------------------------------------------------------------+
##>
##>
##>+-----------------------------------------------------------------------------------------------------------------------------------------------------------------------------------------------------+
##>Optimization Step DEBUG Table for config CDN_DP_region_0_9_c7
##>
##>                          Step                        Area   (  % Chg)         WNS (Change)          TNS (Change)                Power   (  % Chg)        Runtime (s)        Comment                   
##>+-----------------------------------------------------------------------------------------------------------------------------------------------------------------------------------------------------+
##>EquationExtraction              START            49157410365 (       )     -829.80 (        )     153912 (        )                    0 (       )              
##> rewrite                        START            58606444260 ( +19.22)      946.60 (+1776.40)          0 ( -153912)                    0 (  +0.00)              (a,ar) Expr1_from --> Expr1_to
##>                                  END           180770861565 (+208.45)    -1749.80 (-2696.40)     544856 (  544856)                    0 (  +0.00)           1  
##>                                  END           131613451200 (+167.74)    -2900.90 (-2071.10)     952250 (  798338)                    0 (  +0.00)           2  
##>createMaxCarrySave              START           103490690625 ( -21.37)    -2601.40 ( +299.50)     900765 (  -51485)                    0 (  +0.00)              
##> datapath_rewrite_one_def       START           103490690625 (  +0.00)    -2601.40 (   +0.00)     900765 (       0)                    0 (  +0.00)              
##>                                  END           103490690625 (  +0.00)    -2601.40 (   +0.00)     900765 (       0)                    0 (  +0.00)           0  
##> csa_opto                       START           103490690625 (  +0.00)    -2601.40 (   +0.00)     900765 (       0)                    0 (  +0.00)              
##>                                  END            10495959075 ( -89.86)     1426.40 (+4027.80)          0 ( -900765)                    0 (  +0.00)           0  
##>                                  END            10495959075 ( -89.86)     1426.40 (+4027.80)          0 ( -900765)                    0 (  +0.00)           0  
##>canonicalize_by_names           START            10495959075 (  +0.00)     1426.40 (   +0.00)          0 (       0)                    0 (  +0.00)              
##>                                  END            10495959075 (  +0.00)     1426.40 (   +0.00)          0 (       0)                    0 (  +0.00)           0  
##>datapath_rewrite_post_csa_one_  START            10495959075 (  +0.00)     1426.40 (   +0.00)          0 (       0)                    0 (  +0.00)              
##>                                  END            10495959075 (  +0.00)     1426.40 (   +0.00)          0 (       0)                    0 (  +0.00)           0  
##>datapath_csa_factoring_one_gde  START            10495959075 (  +0.00)     1426.40 (   +0.00)          0 (       0)                    0 (  +0.00)              
##>                                  END            10495959075 (  +0.00)     1426.40 (   +0.00)          0 (       0)                    0 (  +0.00)           0  
##>dpopt_share_one_def             START            10495959075 (  +0.00)     1426.40 (   +0.00)          0 (       0)                    0 (  +0.00)              
##>                                  END            10495959075 (  +0.00)     1426.40 (   +0.00)          0 (       0)                    0 (  +0.00)           0  
##>datapath_rewrite_post_share     START            10495959075 (  +0.00)     1426.40 (   +0.00)          0 (       0)                    0 (  +0.00)              
##>                                  END            10495959075 (  +0.00)     1426.40 (   +0.00)          0 (       0)                    0 (  +0.00)           0  
##>dp_combine_const_mult_with_com  START            10495959075 (  +0.00)     1426.40 (   +0.00)          0 (       0)                    0 (  +0.00)              
##>                                  END            10495959075 (  +0.00)     1426.40 (   +0.00)          0 (       0)                    0 (  +0.00)           0  
##>dp_operator_level_decompositio  START            10495959075 (  +0.00)     1426.40 (   +0.00)          0 (       0)                    0 (  +0.00)              
##>                                  END            10495959075 (  +0.00)     1426.40 (   +0.00)          0 (       0)                    0 (  +0.00)           0  
##>selective_flatten_dp_config     START            10495959075 (  +0.00)     1426.40 (   +0.00)          0 (       0)                    0 (  +0.00)              
##>                                  END            10495959075 (  +0.00)     1426.40 (   +0.00)          0 (       0)                    0 (  +0.00)           0  
##>createMaxCarrySave              START            10495959075 (  +0.00)     1426.40 (   +0.00)          0 (       0)                    0 (  +0.00)              
##> datapath_rewrite_one_def       START            10495959075 (  +0.00)     1426.40 (   +0.00)          0 (       0)                    0 (  +0.00)              
##>  fast_cse_elim                 START            10495959075 (  +0.00)     1426.40 (   +0.00)          0 (       0)                    0 (  +0.00)              
##>                                  END            10495959075 (  +0.00)     1426.40 (   +0.00)          0 (       0)                    0 (  +0.00)           0  
##>  fast_cse_elim                 START            10495959075 (  +0.00)     1426.40 (   +0.00)          0 (       0)                    0 (  +0.00)              
##>                                  END            10495959075 (  +0.00)     1426.40 (   +0.00)          0 (       0)                    0 (  +0.00)           0  
##>                                  END            10495959075 (  +0.00)     1426.40 (   +0.00)          0 (       0)                    0 (  +0.00)           0  
##> csa_opto                       START            10495959075 (  +0.00)     1426.40 (   +0.00)          0 (       0)                    0 (  +0.00)              
##>                                  END            10495959075 (  +0.00)     1426.40 (   +0.00)          0 (       0)                    0 (  +0.00)           0  
##>                                  END            10495959075 (  +0.00)     1426.40 (   +0.00)          0 (       0)                    0 (  +0.00)           0  
##>context_based_simplify          START             5293381905 ( -49.57)     1578.60 ( +152.20)          0 (       0)                    0 (  +0.00)              
##>                                  END             5293381905 (  +0.00)     1578.60 (   +0.00)          0 (       0)                    0 (  +0.00)           0  
##>group_csa_final_adder_dp        START             5293381905 (  +0.00)     1578.60 (   +0.00)          0 (       0)                    0 (  +0.00)              
##>                                  END            13471149510 (+154.49)      577.30 (-1001.30)          0 (       0)                    0 (  +0.00)           0  
##>dpopt_flatten_critical_muxes_i  START            13471149510 (  +0.00)      577.30 (   +0.00)          0 (       0)                    0 (  +0.00)              
##>                                  END            13471149510 (  +0.00)      577.30 (   +0.00)          0 (       0)                    0 (  +0.00)           0  
##>create_score                    START             5293381905 ( -60.71)     1549.60 ( +972.30)          0 (       0)                    0 (  +0.00)              
##>                                  END             5293381905 (  +0.00)     1549.60 (   +0.00)          0 (       0)                    0 (  +0.00)           0  
##>+-----------------------------------------------------------------------------------------------------------------------------------------------------------------------------------------------------+
Committed config: CDN_DP_region_0_9_c7
Info    : Done implementing datapath configurations. [DPOPT-4]
        : Selected 'very_fast' configuration 7 for module 'CDN_DP_region_0_9_c7'.
          Optimizations applied to 'very_fast' configuration:
            rewriting(0), factoring(0), sharing(0), cmultcse(0), downsizing(0), speculation(0)
Info    : Implementing datapath configurations. [DPOPT-3]
        : Implementing datapath configurations for 'CDN_DP_region_0_8'
CSAGen Prep Share:0 Re-Write:0 Speculation: 0
MaxCSA: Successfully built Maximal CSA Expression Expr2
CDN_DP_region_0_8 level = 0 loads = 0 drivers = 0
CDN_DP_region_0_8_c0 in biriscv_multiplier: area: 54135646425 ,dp = 7 mux = 0 sg = slow         worst_clk_period: -1.0000 
    wns: 8437  norm_wns:  -1.0000 
    fail_endp: -1 
    tns:  177868  tns_per_endp:  -1.0000   norm_tns_per_endp:  -1.0000 
    tns_sense_max:  -1.0000  tns_sense_avg:  -1.0000   tns_sense_num: -1
    power:  -9223372036854775808  
 skipped
CDN_DP_region_0_8_c1 in biriscv_multiplier: area: 25665691275 ,dp = 1 mux = 0 sg = fast         worst_clk_period: -1.0000 
    wns: 0  norm_wns:  -1.0000 
    fail_endp: -1 
    tns:  0  tns_per_endp:  -1.0000   norm_tns_per_endp:  -1.0000 
    tns_sense_max:  -1.0000  tns_sense_avg:  -1.0000   tns_sense_num: -1
    power:  -9223372036854775808  
 is current best
CDN_DP_region_0_8_c2 in biriscv_multiplier: area: 25665691275 ,dp = 1 mux = 0 sg = very_slow    worst_clk_period: -1.0000 
    wns: 0  norm_wns:  -1.0000 
    fail_endp: -1 
    tns:  0  tns_per_endp:  -1.0000   norm_tns_per_endp:  -1.0000 
    tns_sense_max:  -1.0000  tns_sense_avg:  -1.0000   tns_sense_num: -1
    power:  -9223372036854775808  
 is current best
CDN_DP_region_0_8_c3 in biriscv_multiplier: area: 25665691275 ,dp = 1 mux = 0 sg = very_fast    worst_clk_period: -1.0000 
    wns: 0  norm_wns:  -1.0000 
    fail_endp: -1 
    tns:  0  tns_per_endp:  -1.0000   norm_tns_per_endp:  -1.0000 
    tns_sense_max:  -1.0000  tns_sense_avg:  -1.0000   tns_sense_num: -1
    power:  -9223372036854775808  
 is current best
CDN_DP_region_0_8_c4 in biriscv_multiplier: area: 25665691275 ,dp = 1 mux = 0 sg = very_fast    worst_clk_period: -1.0000 
    wns: 0  norm_wns:  -1.0000 
    fail_endp: -1 
    tns:  0  tns_per_endp:  -1.0000   norm_tns_per_endp:  -1.0000 
    tns_sense_max:  -1.0000  tns_sense_avg:  -1.0000   tns_sense_num: -1
    power:  -9223372036854775808  
 is current best
CDN_DP_region_0_8_c5 in biriscv_multiplier: area: 25665691275 ,dp = 1 mux = 0 sg = very_fast    worst_clk_period: -1.0000 
    wns: 0  norm_wns:  -1.0000 
    fail_endp: -1 
    tns:  0  tns_per_endp:  -1.0000   norm_tns_per_endp:  -1.0000 
    tns_sense_max:  -1.0000  tns_sense_avg:  -1.0000   tns_sense_num: -1
    power:  -9223372036854775808  
 is current best
CDN_DP_region_0_8_c6 in biriscv_multiplier: area: 25665691275 ,dp = 1 mux = 0 sg = very_fast    worst_clk_period: -1.0000 
    wns: 0  norm_wns:  -1.0000 
    fail_endp: -1 
    tns:  0  tns_per_endp:  -1.0000   norm_tns_per_endp:  -1.0000 
    tns_sense_max:  -1.0000  tns_sense_avg:  -1.0000   tns_sense_num: -1
    power:  -9223372036854775808  
 is current best
CDN_DP_region_0_8_c7 in biriscv_multiplier: area: 5330772090 ,dp = 1 mux = 0 sg = very_fast    worst_clk_period: -1.0000 
    wns: 0  norm_wns:  -1.0000 
    fail_endp: -1 
    tns:  0  tns_per_endp:  -1.0000   norm_tns_per_endp:  -1.0000 
    tns_sense_max:  -1.0000  tns_sense_avg:  -1.0000   tns_sense_num: -1
    power:  -9223372036854775808  
 is current best
Best config: CDN_DP_region_0_8_c7 in biriscv_multiplier: area: 5330772090 ,dp = 1 mux = 0 sg = very_fast    worst_clk_period: -1.0000 
    wns: 0  norm_wns:  -1.0000 
    fail_endp: -1 
    tns:  0  tns_per_endp:  -1.0000   norm_tns_per_endp:  -1.0000 
    tns_sense_max:  -1.0000  tns_sense_avg:  -1.0000   tns_sense_num: -1
    power:  -9223372036854775808  
  Smallest config area : 5330772090.  Fastest config wns;  0
##>+----------------------------------------------------------------------------------------------------------------------------------------------------------------+
##>Summary table of configs (Best config is CDN_DP_region_0_8_c7)
##>+----------------------------------------------------------------------------------------------------------------------------------------------------------------+
##>                     0                  1                  2                  3                  4                  5                  6                  7            
##>+----------------------------------------------------------------------------------------------------------------------------------------------------------------+
##>           Area      54135646425        25665691275        25665691275        25665691275        25665691275        25665691275        25665691275         5330772090  
##>            WNS          -843.70            +533.20            +533.20            +533.20            +533.20            +533.20            +533.20           +1553.50  
##>            TNS           177868                  0                  0                  0                  0                  0                  0                  0  
##>    Num Rewrite                0                  1                  1                  1                  1                  1                  1                  0  
##>     Num Factor                0                  0                  0                  0                  0                  0                  0                  0  
##>      Num Share                0                  0                  0                  0                  0                  0                  0                  0  
##>   Num CmultCse                0                  0                  0                  0                  0                  0                  0                  0  
##>   Num Downsize                0                  0                  0                  0                  0                  0                  0                  0  
##>  Num Speculate                0                  0                  0                  0                  0                  0                  0                  0  
##>     Runtime(s)                0                  1                  1                  1                  1                  1                  1                  5  
+----------------------------------------------------------------------------------------------------------------------------------------------------------------+
##>
##>
##>+-----------------------------------------------------------------------------------------------------------------------------------------------------------------------------------------------------+
##>Optimization Step DEBUG Table for config CDN_DP_region_0_8_c7
##>
##>                          Step                        Area   (  % Chg)         WNS (Change)          TNS (Change)                Power   (  % Chg)        Runtime (s)        Comment                   
##>+-----------------------------------------------------------------------------------------------------------------------------------------------------------------------------------------------------+
##>EquationExtraction              START            54135646425 (       )     -843.70 (        )     177868 (        )                    0 (       )              
##> rewrite                        START            62024975460 ( +14.57)      962.20 (+1805.90)          0 ( -177868)                    0 (  +0.00)              (a,ar) Expr2_from --> Expr2_to
##>                                  END           195150058425 (+214.63)    -1729.90 (-2692.10)     557062 (  557062)                    0 (  +0.00)           1  
##>                                  END           141014412000 (+160.48)    -2969.70 (-2126.00)    1021406 (  843538)                    0 (  +0.00)           2  
##>createMaxCarrySave              START           114841282500 ( -18.56)    -2760.30 ( +209.40)     967738 (  -53668)                    0 (  +0.00)              
##> datapath_rewrite_one_def       START           114841282500 (  +0.00)    -2760.30 (   +0.00)     967738 (       0)                    0 (  +0.00)              
##>                                  END           114841282500 (  +0.00)    -2760.30 (   +0.00)     967738 (       0)                    0 (  +0.00)           0  
##> csa_opto                       START           114841282500 (  +0.00)    -2760.30 (   +0.00)     967738 (       0)                    0 (  +0.00)              
##>                                  END            10495959075 ( -90.86)     1553.60 (+4313.90)          0 ( -967738)                    0 (  +0.00)           0  
##>                                  END            10495959075 ( -90.86)     1553.60 (+4313.90)          0 ( -967738)                    0 (  +0.00)           0  
##>canonicalize_by_names           START            10495959075 (  +0.00)     1553.60 (   +0.00)          0 (       0)                    0 (  +0.00)              
##>                                  END            10495959075 (  +0.00)     1553.60 (   +0.00)          0 (       0)                    0 (  +0.00)           0  
##>datapath_rewrite_post_csa_one_  START            10495959075 (  +0.00)     1553.60 (   +0.00)          0 (       0)                    0 (  +0.00)              
##>                                  END            10495959075 (  +0.00)     1553.60 (   +0.00)          0 (       0)                    0 (  +0.00)           0  
##>datapath_csa_factoring_one_gde  START            10495959075 (  +0.00)     1553.60 (   +0.00)          0 (       0)                    0 (  +0.00)              
##>                                  END            10495959075 (  +0.00)     1553.60 (   +0.00)          0 (       0)                    0 (  +0.00)           0  
##>dpopt_share_one_def             START            10495959075 (  +0.00)     1553.60 (   +0.00)          0 (       0)                    0 (  +0.00)              
##>                                  END            10495959075 (  +0.00)     1553.60 (   +0.00)          0 (       0)                    0 (  +0.00)           0  
##>datapath_rewrite_post_share     START            10495959075 (  +0.00)     1553.60 (   +0.00)          0 (       0)                    0 (  +0.00)              
##>                                  END            10495959075 (  +0.00)     1553.60 (   +0.00)          0 (       0)                    0 (  +0.00)           0  
##>dp_combine_const_mult_with_com  START            10495959075 (  +0.00)     1553.60 (   +0.00)          0 (       0)                    0 (  +0.00)              
##>                                  END            10495959075 (  +0.00)     1553.60 (   +0.00)          0 (       0)                    0 (  +0.00)           0  
##>dp_operator_level_decompositio  START            10495959075 (  +0.00)     1553.60 (   +0.00)          0 (       0)                    0 (  +0.00)              
##>                                  END            10495959075 (  +0.00)     1553.60 (   +0.00)          0 (       0)                    0 (  +0.00)           0  
##>selective_flatten_dp_config     START            10495959075 (  +0.00)     1553.60 (   +0.00)          0 (       0)                    0 (  +0.00)              
##>                                  END            10495959075 (  +0.00)     1553.60 (   +0.00)          0 (       0)                    0 (  +0.00)           0  
##>createMaxCarrySave              START            10495959075 (  +0.00)     1553.60 (   +0.00)          0 (       0)                    0 (  +0.00)              
##> datapath_rewrite_one_def       START            10495959075 (  +0.00)     1553.60 (   +0.00)          0 (       0)                    0 (  +0.00)              
##>  fast_cse_elim                 START            10495959075 (  +0.00)     1553.60 (   +0.00)          0 (       0)                    0 (  +0.00)              
##>                                  END            10495959075 (  +0.00)     1553.60 (   +0.00)          0 (       0)                    0 (  +0.00)           0  
##>  fast_cse_elim                 START            10495959075 (  +0.00)     1553.60 (   +0.00)          0 (       0)                    0 (  +0.00)              
##>                                  END            10495959075 (  +0.00)     1553.60 (   +0.00)          0 (       0)                    0 (  +0.00)           0  
##>                                  END            10495959075 (  +0.00)     1553.60 (   +0.00)          0 (       0)                    0 (  +0.00)           0  
##> csa_opto                       START            10495959075 (  +0.00)     1553.60 (   +0.00)          0 (       0)                    0 (  +0.00)              
##>                                  END            10495959075 (  +0.00)     1553.60 (   +0.00)          0 (       0)                    0 (  +0.00)           0  
##>                                  END            10495959075 (  +0.00)     1553.60 (   +0.00)          0 (       0)                    0 (  +0.00)           0  
##>context_based_simplify          START             5330772090 ( -49.21)     1582.50 (  +28.90)          0 (       0)                    0 (  +0.00)              
##>                                  END             5330772090 (  +0.00)     1582.50 (   +0.00)          0 (       0)                    0 (  +0.00)           0  
##>group_csa_final_adder_dp        START             5330772090 (  +0.00)     1582.50 (   +0.00)          0 (       0)                    0 (  +0.00)              
##>                                  END            15725243520 (+194.99)      615.90 ( -966.60)          0 (       0)                    0 (  +0.00)           0  
##>dpopt_flatten_critical_muxes_i  START            15725243520 (  +0.00)      615.90 (   +0.00)          0 (       0)                    0 (  +0.00)              
##>                                  END            15725243520 (  +0.00)      615.90 (   +0.00)          0 (       0)                    0 (  +0.00)           0  
##>create_score                    START             5330772090 ( -66.10)     1553.50 ( +937.60)          0 (       0)                    0 (  +0.00)              
##>                                  END             5330772090 (  +0.00)     1553.50 (   +0.00)          0 (       0)                    0 (  +0.00)           0  
##>+-----------------------------------------------------------------------------------------------------------------------------------------------------------------------------------------------------+
Committed config: CDN_DP_region_0_8_c7
Info    : Done implementing datapath configurations. [DPOPT-4]
        : Selected 'very_fast' configuration 7 for module 'CDN_DP_region_0_8_c7'.
          Optimizations applied to 'very_fast' configuration:
            rewriting(0), factoring(0), sharing(0), cmultcse(0), downsizing(0), speculation(0)
Info    : Implementing datapath configurations. [DPOPT-3]
        : Implementing datapath configurations for 'CDN_DP_region_0_7'
CSAGen Prep Share:0 Re-Write:0 Speculation: 0
MaxCSA: Successfully built Maximal CSA Expression Expr3
CDN_DP_region_0_7 level = 0 loads = 0 drivers = 0
CDN_DP_region_0_7_c0 in biriscv_multiplier: area: 52212722625 ,dp = 7 mux = 0 sg = slow         worst_clk_period: -1.0000 
    wns: 8298  norm_wns:  -1.0000 
    fail_endp: -1 
    tns:  153912  tns_per_endp:  -1.0000   norm_tns_per_endp:  -1.0000 
    tns_sense_max:  -1.0000  tns_sense_avg:  -1.0000   tns_sense_num: -1
    power:  -9223372036854775808  
 skipped
CDN_DP_region_0_7_c1 in biriscv_multiplier: area: 23518426365 ,dp = 1 mux = 0 sg = fast         worst_clk_period: -1.0000 
    wns: 0  norm_wns:  -1.0000 
    fail_endp: -1 
    tns:  0  tns_per_endp:  -1.0000   norm_tns_per_endp:  -1.0000 
    tns_sense_max:  -1.0000  tns_sense_avg:  -1.0000   tns_sense_num: -1
    power:  -9223372036854775808  
 is current best
CDN_DP_region_0_7_c2 in biriscv_multiplier: area: 23518426365 ,dp = 1 mux = 0 sg = very_slow    worst_clk_period: -1.0000 
    wns: 0  norm_wns:  -1.0000 
    fail_endp: -1 
    tns:  0  tns_per_endp:  -1.0000   norm_tns_per_endp:  -1.0000 
    tns_sense_max:  -1.0000  tns_sense_avg:  -1.0000   tns_sense_num: -1
    power:  -9223372036854775808  
 is current best
CDN_DP_region_0_7_c3 in biriscv_multiplier: area: 23518426365 ,dp = 1 mux = 0 sg = very_fast    worst_clk_period: -1.0000 
    wns: 0  norm_wns:  -1.0000 
    fail_endp: -1 
    tns:  0  tns_per_endp:  -1.0000   norm_tns_per_endp:  -1.0000 
    tns_sense_max:  -1.0000  tns_sense_avg:  -1.0000   tns_sense_num: -1
    power:  -9223372036854775808  
 is current best
CDN_DP_region_0_7_c4 in biriscv_multiplier: area: 23518426365 ,dp = 1 mux = 0 sg = very_fast    worst_clk_period: -1.0000 
    wns: 0  norm_wns:  -1.0000 
    fail_endp: -1 
    tns:  0  tns_per_endp:  -1.0000   norm_tns_per_endp:  -1.0000 
    tns_sense_max:  -1.0000  tns_sense_avg:  -1.0000   tns_sense_num: -1
    power:  -9223372036854775808  
 is current best
CDN_DP_region_0_7_c5 in biriscv_multiplier: area: 23518426365 ,dp = 1 mux = 0 sg = very_fast    worst_clk_period: -1.0000 
    wns: 0  norm_wns:  -1.0000 
    fail_endp: -1 
    tns:  0  tns_per_endp:  -1.0000   norm_tns_per_endp:  -1.0000 
    tns_sense_max:  -1.0000  tns_sense_avg:  -1.0000   tns_sense_num: -1
    power:  -9223372036854775808  
 is current best
CDN_DP_region_0_7_c6 in biriscv_multiplier: area: 23518426365 ,dp = 1 mux = 0 sg = very_fast    worst_clk_period: -1.0000 
    wns: 0  norm_wns:  -1.0000 
    fail_endp: -1 
    tns:  0  tns_per_endp:  -1.0000   norm_tns_per_endp:  -1.0000 
    tns_sense_max:  -1.0000  tns_sense_avg:  -1.0000   tns_sense_num: -1
    power:  -9223372036854775808  
 is current best
CDN_DP_region_0_7_c7 in biriscv_multiplier: area: 5469649920 ,dp = 1 mux = 0 sg = very_fast    worst_clk_period: -1.0000 
    wns: 0  norm_wns:  -1.0000 
    fail_endp: -1 
    tns:  0  tns_per_endp:  -1.0000   norm_tns_per_endp:  -1.0000 
    tns_sense_max:  -1.0000  tns_sense_avg:  -1.0000   tns_sense_num: -1
    power:  -9223372036854775808  
 is current best
Best config: CDN_DP_region_0_7_c7 in biriscv_multiplier: area: 5469649920 ,dp = 1 mux = 0 sg = very_fast    worst_clk_period: -1.0000 
    wns: 0  norm_wns:  -1.0000 
    fail_endp: -1 
    tns:  0  tns_per_endp:  -1.0000   norm_tns_per_endp:  -1.0000 
    tns_sense_max:  -1.0000  tns_sense_avg:  -1.0000   tns_sense_num: -1
    power:  -9223372036854775808  
  Smallest config area : 5469649920.  Fastest config wns;  0
##>+----------------------------------------------------------------------------------------------------------------------------------------------------------------+
##>Summary table of configs (Best config is CDN_DP_region_0_7_c7)
##>+----------------------------------------------------------------------------------------------------------------------------------------------------------------+
##>                     0                  1                  2                  3                  4                  5                  6                  7            
##>+----------------------------------------------------------------------------------------------------------------------------------------------------------------+
##>           Area      52212722625        23518426365        23518426365        23518426365        23518426365        23518426365        23518426365         5469649920  
##>            WNS          -829.80            +604.40            +604.40            +604.40            +604.40            +604.40            +604.40           +1537.00  
##>            TNS           153912                  0                  0                  0                  0                  0                  0                  0  
##>    Num Rewrite                0                  1                  1                  1                  1                  1                  1                  0  
##>     Num Factor                0                  0                  0                  0                  0                  0                  0                  0  
##>      Num Share                0                  0                  0                  0                  0                  0                  0                  0  
##>   Num CmultCse                0                  0                  0                  0                  0                  0                  0                  0  
##>   Num Downsize                0                  0                  0                  0                  0                  0                  0                  0  
##>  Num Speculate                0                  0                  0                  0                  0                  0                  0                  0  
##>     Runtime(s)                0                  1                  1                  1                  1                  1                  1                  5  
+----------------------------------------------------------------------------------------------------------------------------------------------------------------+
##>
##>
##>+-----------------------------------------------------------------------------------------------------------------------------------------------------------------------------------------------------+
##>Optimization Step DEBUG Table for config CDN_DP_region_0_7_c7
##>
##>                          Step                        Area   (  % Chg)         WNS (Change)          TNS (Change)                Power   (  % Chg)        Runtime (s)        Comment                   
##>+-----------------------------------------------------------------------------------------------------------------------------------------------------------------------------------------------------+
##>EquationExtraction              START            52212722625 (       )     -829.80 (        )     153912 (        )                    0 (       )              
##> rewrite                        START            59738832720 ( +14.41)      962.20 (+1792.00)          0 ( -153912)                    0 (  +0.00)              (a,ar) Expr3_from --> Expr3_to
##>                                  END           193227134625 (+223.45)    -1749.80 (-2712.00)     519107 (  519107)                    0 (  +0.00)           1  
##>                                  END           141014412000 (+170.08)    -2900.90 (-2071.10)     949663 (  795751)                    0 (  +0.00)           2  
##>createMaxCarrySave              START           117383815080 ( -16.76)    -2601.40 ( +299.50)     898178 (  -51485)                    0 (  +0.00)              
##> datapath_rewrite_one_def       START           117383815080 (  +0.00)    -2601.40 (   +0.00)     898178 (       0)                    0 (  +0.00)              
##>                                  END           117383815080 (  +0.00)    -2601.40 (   +0.00)     898178 (       0)                    0 (  +0.00)           0  
##> csa_opto                       START           117383815080 (  +0.00)    -2601.40 (   +0.00)     898178 (       0)                    0 (  +0.00)              
##>                                  END            10495959075 ( -91.06)     1553.60 (+4155.00)          0 ( -898178)                    0 (  +0.00)           0  
##>                                  END            10495959075 ( -91.06)     1553.60 (+4155.00)          0 ( -898178)                    0 (  +0.00)           0  
##>canonicalize_by_names           START            10495959075 (  +0.00)     1553.60 (   +0.00)          0 (       0)                    0 (  +0.00)              
##>                                  END            10495959075 (  +0.00)     1553.60 (   +0.00)          0 (       0)                    0 (  +0.00)           0  
##>datapath_rewrite_post_csa_one_  START            10495959075 (  +0.00)     1553.60 (   +0.00)          0 (       0)                    0 (  +0.00)              
##>                                  END            10495959075 (  +0.00)     1553.60 (   +0.00)          0 (       0)                    0 (  +0.00)           0  
##>datapath_csa_factoring_one_gde  START            10495959075 (  +0.00)     1553.60 (   +0.00)          0 (       0)                    0 (  +0.00)              
##>                                  END            10495959075 (  +0.00)     1553.60 (   +0.00)          0 (       0)                    0 (  +0.00)           0  
##>dpopt_share_one_def             START            10495959075 (  +0.00)     1553.60 (   +0.00)          0 (       0)                    0 (  +0.00)              
##>                                  END            10495959075 (  +0.00)     1553.60 (   +0.00)          0 (       0)                    0 (  +0.00)           0  
##>datapath_rewrite_post_share     START            10495959075 (  +0.00)     1553.60 (   +0.00)          0 (       0)                    0 (  +0.00)              
##>                                  END            10495959075 (  +0.00)     1553.60 (   +0.00)          0 (       0)                    0 (  +0.00)           0  
##>dp_combine_const_mult_with_com  START            10495959075 (  +0.00)     1553.60 (   +0.00)          0 (       0)                    0 (  +0.00)              
##>                                  END            10495959075 (  +0.00)     1553.60 (   +0.00)          0 (       0)                    0 (  +0.00)           0  
##>dp_operator_level_decompositio  START            10495959075 (  +0.00)     1553.60 (   +0.00)          0 (       0)                    0 (  +0.00)              
##>                                  END            10495959075 (  +0.00)     1553.60 (   +0.00)          0 (       0)                    0 (  +0.00)           0  
##>selective_flatten_dp_config     START            10495959075 (  +0.00)     1553.60 (   +0.00)          0 (       0)                    0 (  +0.00)              
##>                                  END            10495959075 (  +0.00)     1553.60 (   +0.00)          0 (       0)                    0 (  +0.00)           0  
##>createMaxCarrySave              START            10495959075 (  +0.00)     1553.60 (   +0.00)          0 (       0)                    0 (  +0.00)              
##> datapath_rewrite_one_def       START            10495959075 (  +0.00)     1553.60 (   +0.00)          0 (       0)                    0 (  +0.00)              
##>  fast_cse_elim                 START            10495959075 (  +0.00)     1553.60 (   +0.00)          0 (       0)                    0 (  +0.00)              
##>                                  END            10495959075 (  +0.00)     1553.60 (   +0.00)          0 (       0)                    0 (  +0.00)           0  
##>  fast_cse_elim                 START            10495959075 (  +0.00)     1553.60 (   +0.00)          0 (       0)                    0 (  +0.00)              
##>                                  END            10495959075 (  +0.00)     1553.60 (   +0.00)          0 (       0)                    0 (  +0.00)           0  
##>                                  END            10495959075 (  +0.00)     1553.60 (   +0.00)          0 (       0)                    0 (  +0.00)           0  
##> csa_opto                       START            10495959075 (  +0.00)     1553.60 (   +0.00)          0 (       0)                    0 (  +0.00)              
##>                                  END            10495959075 (  +0.00)     1553.60 (   +0.00)          0 (       0)                    0 (  +0.00)           0  
##>                                  END            10495959075 (  +0.00)     1553.60 (   +0.00)          0 (       0)                    0 (  +0.00)           0  
##>context_based_simplify          START             5469649920 ( -47.89)     1566.00 (  +12.40)          0 (       0)                    0 (  +0.00)              
##>                                  END             5469649920 (  +0.00)     1566.00 (   +0.00)          0 (       0)                    0 (  +0.00)           0  
##>group_csa_final_adder_dp        START             5469649920 (  +0.00)     1566.00 (   +0.00)          0 (       0)                    0 (  +0.00)              
##>                                  END            18011386260 (+229.30)      564.70 (-1001.30)          0 (       0)                    0 (  +0.00)           0  
##>dpopt_flatten_critical_muxes_i  START            18011386260 (  +0.00)      564.70 (   +0.00)          0 (       0)                    0 (  +0.00)              
##>                                  END            18011386260 (  +0.00)      564.70 (   +0.00)          0 (       0)                    0 (  +0.00)           0  
##>create_score                    START             5469649920 ( -69.63)     1537.00 ( +972.30)          0 (       0)                    0 (  +0.00)              
##>                                  END             5469649920 (  +0.00)     1537.00 (   +0.00)          0 (       0)                    0 (  +0.00)           0  
##>+-----------------------------------------------------------------------------------------------------------------------------------------------------------------------------------------------------+
Committed config: CDN_DP_region_0_7_c7
Info    : Done implementing datapath configurations. [DPOPT-4]
        : Selected 'very_fast' configuration 7 for module 'CDN_DP_region_0_7_c7'.
          Optimizations applied to 'very_fast' configuration:
            rewriting(0), factoring(0), sharing(0), cmultcse(0), downsizing(0), speculation(0)
Info    : Implementing datapath configurations. [DPOPT-3]
        : Implementing datapath configurations for 'CDN_DP_region_0_6'
CSAGen Prep Share:0 Re-Write:0 Speculation: 0
MaxCSA: Successfully built Maximal CSA Expression Expr4
CDN_DP_region_0_6 level = 0 loads = 0 drivers = 0
CDN_DP_region_0_6_c0 in biriscv_multiplier: area: 48874313250 ,dp = 7 mux = 0 sg = slow         worst_clk_period: -1.0000 
    wns: 7413  norm_wns:  -1.0000 
    fail_endp: -1 
    tns:  126074  tns_per_endp:  -1.0000   norm_tns_per_endp:  -1.0000 
    tns_sense_max:  -1.0000  tns_sense_avg:  -1.0000   tns_sense_num: -1
    power:  -9223372036854775808  
 skipped
CDN_DP_region_0_6_c1 in biriscv_multiplier: area: 21034649790 ,dp = 1 mux = 0 sg = fast         worst_clk_period: -1.0000 
    wns: 0  norm_wns:  -1.0000 
    fail_endp: -1 
    tns:  0  tns_per_endp:  -1.0000   norm_tns_per_endp:  -1.0000 
    tns_sense_max:  -1.0000  tns_sense_avg:  -1.0000   tns_sense_num: -1
    power:  -9223372036854775808  
 is current best
CDN_DP_region_0_6_c2 in biriscv_multiplier: area: 21034649790 ,dp = 1 mux = 0 sg = very_slow    worst_clk_period: -1.0000 
    wns: 0  norm_wns:  -1.0000 
    fail_endp: -1 
    tns:  0  tns_per_endp:  -1.0000   norm_tns_per_endp:  -1.0000 
    tns_sense_max:  -1.0000  tns_sense_avg:  -1.0000   tns_sense_num: -1
    power:  -9223372036854775808  
 is current best
CDN_DP_region_0_6_c3 in biriscv_multiplier: area: 21034649790 ,dp = 1 mux = 0 sg = very_fast    worst_clk_period: -1.0000 
    wns: 0  norm_wns:  -1.0000 
    fail_endp: -1 
    tns:  0  tns_per_endp:  -1.0000   norm_tns_per_endp:  -1.0000 
    tns_sense_max:  -1.0000  tns_sense_avg:  -1.0000   tns_sense_num: -1
    power:  -9223372036854775808  
 is current best
CDN_DP_region_0_6_c4 in biriscv_multiplier: area: 21034649790 ,dp = 1 mux = 0 sg = very_fast    worst_clk_period: -1.0000 
    wns: 0  norm_wns:  -1.0000 
    fail_endp: -1 
    tns:  0  tns_per_endp:  -1.0000   norm_tns_per_endp:  -1.0000 
    tns_sense_max:  -1.0000  tns_sense_avg:  -1.0000   tns_sense_num: -1
    power:  -9223372036854775808  
 is current best
CDN_DP_region_0_6_c5 in biriscv_multiplier: area: 21034649790 ,dp = 1 mux = 0 sg = very_fast    worst_clk_period: -1.0000 
    wns: 0  norm_wns:  -1.0000 
    fail_endp: -1 
    tns:  0  tns_per_endp:  -1.0000   norm_tns_per_endp:  -1.0000 
    tns_sense_max:  -1.0000  tns_sense_avg:  -1.0000   tns_sense_num: -1
    power:  -9223372036854775808  
 is current best
CDN_DP_region_0_6_c6 in biriscv_multiplier: area: 21034649790 ,dp = 1 mux = 0 sg = very_fast    worst_clk_period: -1.0000 
    wns: 0  norm_wns:  -1.0000 
    fail_endp: -1 
    tns:  0  tns_per_endp:  -1.0000   norm_tns_per_endp:  -1.0000 
    tns_sense_max:  -1.0000  tns_sense_avg:  -1.0000   tns_sense_num: -1
    power:  -9223372036854775808  
 is current best
CDN_DP_region_0_6_c7 in biriscv_multiplier: area: 5432259735 ,dp = 1 mux = 0 sg = very_fast    worst_clk_period: -1.0000 
    wns: 0  norm_wns:  -1.0000 
    fail_endp: -1 
    tns:  0  tns_per_endp:  -1.0000   norm_tns_per_endp:  -1.0000 
    tns_sense_max:  -1.0000  tns_sense_avg:  -1.0000   tns_sense_num: -1
    power:  -9223372036854775808  
 is current best
Best config: CDN_DP_region_0_6_c7 in biriscv_multiplier: area: 5432259735 ,dp = 1 mux = 0 sg = very_fast    worst_clk_period: -1.0000 
    wns: 0  norm_wns:  -1.0000 
    fail_endp: -1 
    tns:  0  tns_per_endp:  -1.0000   norm_tns_per_endp:  -1.0000 
    tns_sense_max:  -1.0000  tns_sense_avg:  -1.0000   tns_sense_num: -1
    power:  -9223372036854775808  
  Smallest config area : 5432259735.  Fastest config wns;  0
##>+----------------------------------------------------------------------------------------------------------------------------------------------------------------+
##>Summary table of configs (Best config is CDN_DP_region_0_6_c7)
##>+----------------------------------------------------------------------------------------------------------------------------------------------------------------+
##>                     0                  1                  2                  3                  4                  5                  6                  7            
##>+----------------------------------------------------------------------------------------------------------------------------------------------------------------+
##>           Area      48874313250        21034649790        21034649790        21034649790        21034649790        21034649790        21034649790         5432259735  
##>            WNS          -741.30            +637.40            +637.40            +637.40            +637.40            +637.40            +637.40           +1625.00  
##>            TNS           126074                  0                  0                  0                  0                  0                  0                  0  
##>    Num Rewrite                0                  1                  1                  1                  1                  1                  1                  0  
##>     Num Factor                0                  0                  0                  0                  0                  0                  0                  0  
##>      Num Share                0                  0                  0                  0                  0                  0                  0                  0  
##>   Num CmultCse                0                  0                  0                  0                  0                  0                  0                  0  
##>   Num Downsize                0                  0                  0                  0                  0                  0                  0                  0  
##>  Num Speculate                0                  0                  0                  0                  0                  0                  0                  0  
##>     Runtime(s)                0                  1                  1                  1                  1                  1                  1                  5  
+----------------------------------------------------------------------------------------------------------------------------------------------------------------+
##>
##>
##>+-----------------------------------------------------------------------------------------------------------------------------------------------------------------------------------------------------+
##>Optimization Step DEBUG Table for config CDN_DP_region_0_6_c7
##>
##>                          Step                        Area   (  % Chg)         WNS (Change)          TNS (Change)                Power   (  % Chg)        Runtime (s)        Comment                   
##>+-----------------------------------------------------------------------------------------------------------------------------------------------------------------------------------------------------+
##>EquationExtraction              START            48874313250 (       )     -741.30 (        )     126074 (        )                    0 (       )              
##> rewrite                        START            56165399325 ( +14.92)      966.00 (+1707.30)          0 ( -126074)                    0 (  +0.00)              (a,ar) Expr4_from --> Expr4_to
##>                                  END           189888725250 (+238.09)    -1703.90 (-2669.90)     457041 (  457041)                    0 (  +0.00)           1  
##>                                  END           141014412000 (+188.52)    -2857.20 (-2115.90)     885926 (  759852)                    0 (  +0.00)           2  
##>createMaxCarrySave              START           119509714170 ( -15.25)    -2760.30 (  +96.90)     865018 (  -20908)                    0 (  +0.00)              
##> datapath_rewrite_one_def       START           119509714170 (  +0.00)    -2760.30 (   +0.00)     865018 (       0)                    0 (  +0.00)              
##>                                  END           119509714170 (  +0.00)    -2760.30 (   +0.00)     865018 (       0)                    0 (  +0.00)           0  
##> csa_opto                       START           119509714170 (  +0.00)    -2760.30 (   +0.00)     865018 (       0)                    0 (  +0.00)              
##>                                  END            10495959075 ( -91.22)     1553.60 (+4313.90)          0 ( -865018)                    0 (  +0.00)           0  
##>                                  END            10495959075 ( -91.22)     1553.60 (+4313.90)          0 ( -865018)                    0 (  +0.00)           0  
##>canonicalize_by_names           START            10495959075 (  +0.00)     1553.60 (   +0.00)          0 (       0)                    0 (  +0.00)              
##>                                  END            10495959075 (  +0.00)     1553.60 (   +0.00)          0 (       0)                    0 (  +0.00)           0  
##>datapath_rewrite_post_csa_one_  START            10495959075 (  +0.00)     1553.60 (   +0.00)          0 (       0)                    0 (  +0.00)              
##>                                  END            10495959075 (  +0.00)     1553.60 (   +0.00)          0 (       0)                    0 (  +0.00)           0  
##>datapath_csa_factoring_one_gde  START            10495959075 (  +0.00)     1553.60 (   +0.00)          0 (       0)                    0 (  +0.00)              
##>                                  END            10495959075 (  +0.00)     1553.60 (   +0.00)          0 (       0)                    0 (  +0.00)           0  
##>dpopt_share_one_def             START            10495959075 (  +0.00)     1553.60 (   +0.00)          0 (       0)                    0 (  +0.00)              
##>                                  END            10495959075 (  +0.00)     1553.60 (   +0.00)          0 (       0)                    0 (  +0.00)           0  
##>datapath_rewrite_post_share     START            10495959075 (  +0.00)     1553.60 (   +0.00)          0 (       0)                    0 (  +0.00)              
##>                                  END            10495959075 (  +0.00)     1553.60 (   +0.00)          0 (       0)                    0 (  +0.00)           0  
##>dp_combine_const_mult_with_com  START            10495959075 (  +0.00)     1553.60 (   +0.00)          0 (       0)                    0 (  +0.00)              
##>                                  END            10495959075 (  +0.00)     1553.60 (   +0.00)          0 (       0)                    0 (  +0.00)           0  
##>dp_operator_level_decompositio  START            10495959075 (  +0.00)     1553.60 (   +0.00)          0 (       0)                    0 (  +0.00)              
##>                                  END            10495959075 (  +0.00)     1553.60 (   +0.00)          0 (       0)                    0 (  +0.00)           0  
##>selective_flatten_dp_config     START            10495959075 (  +0.00)     1553.60 (   +0.00)          0 (       0)                    0 (  +0.00)              
##>                                  END            10495959075 (  +0.00)     1553.60 (   +0.00)          0 (       0)                    0 (  +0.00)           0  
##>createMaxCarrySave              START            10495959075 (  +0.00)     1553.60 (   +0.00)          0 (       0)                    0 (  +0.00)              
##> datapath_rewrite_one_def       START            10495959075 (  +0.00)     1553.60 (   +0.00)          0 (       0)                    0 (  +0.00)              
##>  fast_cse_elim                 START            10495959075 (  +0.00)     1553.60 (   +0.00)          0 (       0)                    0 (  +0.00)              
##>                                  END            10495959075 (  +0.00)     1553.60 (   +0.00)          0 (       0)                    0 (  +0.00)           0  
##>  fast_cse_elim                 START            10495959075 (  +0.00)     1553.60 (   +0.00)          0 (       0)                    0 (  +0.00)              
##>                                  END            10495959075 (  +0.00)     1553.60 (   +0.00)          0 (       0)                    0 (  +0.00)           0  
##>                                  END            10495959075 (  +0.00)     1553.60 (   +0.00)          0 (       0)                    0 (  +0.00)           0  
##> csa_opto                       START            10495959075 (  +0.00)     1553.60 (   +0.00)          0 (       0)                    0 (  +0.00)              
##>                                  END            10495959075 (  +0.00)     1553.60 (   +0.00)          0 (       0)                    0 (  +0.00)           0  
##>                                  END            10495959075 (  +0.00)     1553.60 (   +0.00)          0 (       0)                    0 (  +0.00)           0  
##>context_based_simplify          START             5432259735 ( -48.24)     1654.00 ( +100.40)          0 (       0)                    0 (  +0.00)              
##>                                  END             5432259735 (  +0.00)     1654.00 (   +0.00)          0 (       0)                    0 (  +0.00)           0  
##>group_csa_final_adder_dp        START             5432259735 (  +0.00)     1654.00 (   +0.00)          0 (       0)                    0 (  +0.00)              
##>                                  END            20457772650 (+276.60)      620.90 (-1033.10)          0 (       0)                    0 (  +0.00)           0  
##>dpopt_flatten_critical_muxes_i  START            20457772650 (  +0.00)      620.90 (   +0.00)          0 (       0)                    0 (  +0.00)              
##>                                  END            20457772650 (  +0.00)      620.90 (   +0.00)          0 (       0)                    0 (  +0.00)           0  
##>create_score                    START             5432259735 ( -73.45)     1625.00 (+1004.10)          0 (       0)                    0 (  +0.00)              
##>                                  END             5432259735 (  +0.00)     1625.00 (   +0.00)          0 (       0)                    0 (  +0.00)           0  
##>+-----------------------------------------------------------------------------------------------------------------------------------------------------------------------------------------------------+
Committed config: CDN_DP_region_0_6_c7
Info    : Done implementing datapath configurations. [DPOPT-4]
        : Selected 'very_fast' configuration 7 for module 'CDN_DP_region_0_6_c7'.
          Optimizations applied to 'very_fast' configuration:
            rewriting(0), factoring(0), sharing(0), cmultcse(0), downsizing(0), speculation(0)
Info    : Implementing datapath configurations. [DPOPT-3]
        : Implementing datapath configurations for 'CDN_DP_region_0_5'
CSAGen Prep Share:0 Re-Write:0 Speculation: 0
MaxCSA: Successfully built Maximal CSA Expression Expr5
CDN_DP_region_0_5 level = 0 loads = 0 drivers = 0
CDN_DP_region_0_5_c0 in biriscv_multiplier: area: 46951389450 ,dp = 7 mux = 0 sg = slow         worst_clk_period: -1.0000 
    wns: 6970  norm_wns:  -1.0000 
    fail_endp: -1 
    tns:  104631  tns_per_endp:  -1.0000   norm_tns_per_endp:  -1.0000 
    tns_sense_max:  -1.0000  tns_sense_avg:  -1.0000   tns_sense_num: -1
    power:  -9223372036854775808  
 skipped
CDN_DP_region_0_5_c1 in biriscv_multiplier: area: 18887384880 ,dp = 1 mux = 0 sg = fast         worst_clk_period: -1.0000 
    wns: 0  norm_wns:  -1.0000 
    fail_endp: -1 
    tns:  0  tns_per_endp:  -1.0000   norm_tns_per_endp:  -1.0000 
    tns_sense_max:  -1.0000  tns_sense_avg:  -1.0000   tns_sense_num: -1
    power:  -9223372036854775808  
 is current best
CDN_DP_region_0_5_c2 in biriscv_multiplier: area: 18887384880 ,dp = 1 mux = 0 sg = very_slow    worst_clk_period: -1.0000 
    wns: 0  norm_wns:  -1.0000 
    fail_endp: -1 
    tns:  0  tns_per_endp:  -1.0000   norm_tns_per_endp:  -1.0000 
    tns_sense_max:  -1.0000  tns_sense_avg:  -1.0000   tns_sense_num: -1
    power:  -9223372036854775808  
 is current best
CDN_DP_region_0_5_c3 in biriscv_multiplier: area: 18887384880 ,dp = 1 mux = 0 sg = very_fast    worst_clk_period: -1.0000 
    wns: 0  norm_wns:  -1.0000 
    fail_endp: -1 
    tns:  0  tns_per_endp:  -1.0000   norm_tns_per_endp:  -1.0000 
    tns_sense_max:  -1.0000  tns_sense_avg:  -1.0000   tns_sense_num: -1
    power:  -9223372036854775808  
 is current best
CDN_DP_region_0_5_c4 in biriscv_multiplier: area: 18887384880 ,dp = 1 mux = 0 sg = very_fast    worst_clk_period: -1.0000 
    wns: 0  norm_wns:  -1.0000 
    fail_endp: -1 
    tns:  0  tns_per_endp:  -1.0000   norm_tns_per_endp:  -1.0000 
    tns_sense_max:  -1.0000  tns_sense_avg:  -1.0000   tns_sense_num: -1
    power:  -9223372036854775808  
 is current best
CDN_DP_region_0_5_c5 in biriscv_multiplier: area: 18887384880 ,dp = 1 mux = 0 sg = very_fast    worst_clk_period: -1.0000 
    wns: 0  norm_wns:  -1.0000 
    fail_endp: -1 
    tns:  0  tns_per_endp:  -1.0000   norm_tns_per_endp:  -1.0000 
    tns_sense_max:  -1.0000  tns_sense_avg:  -1.0000   tns_sense_num: -1
    power:  -9223372036854775808  
 is current best
CDN_DP_region_0_5_c6 in biriscv_multiplier: area: 18887384880 ,dp = 1 mux = 0 sg = very_fast    worst_clk_period: -1.0000 
    wns: 0  norm_wns:  -1.0000 
    fail_endp: -1 
    tns:  0  tns_per_endp:  -1.0000   norm_tns_per_endp:  -1.0000 
    tns_sense_max:  -1.0000  tns_sense_avg:  -1.0000   tns_sense_num: -1
    power:  -9223372036854775808  
 is current best
CDN_DP_region_0_5_c7 in biriscv_multiplier: area: 5539088835 ,dp = 1 mux = 0 sg = very_fast    worst_clk_period: -1.0000 
    wns: 0  norm_wns:  -1.0000 
    fail_endp: -1 
    tns:  0  tns_per_endp:  -1.0000   norm_tns_per_endp:  -1.0000 
    tns_sense_max:  -1.0000  tns_sense_avg:  -1.0000   tns_sense_num: -1
    power:  -9223372036854775808  
 is current best
Best config: CDN_DP_region_0_5_c7 in biriscv_multiplier: area: 5539088835 ,dp = 1 mux = 0 sg = very_fast    worst_clk_period: -1.0000 
    wns: 0  norm_wns:  -1.0000 
    fail_endp: -1 
    tns:  0  tns_per_endp:  -1.0000   norm_tns_per_endp:  -1.0000 
    tns_sense_max:  -1.0000  tns_sense_avg:  -1.0000   tns_sense_num: -1
    power:  -9223372036854775808  
  Smallest config area : 5539088835.  Fastest config wns;  0
##>+----------------------------------------------------------------------------------------------------------------------------------------------------------------+
##>Summary table of configs (Best config is CDN_DP_region_0_5_c7)
##>+----------------------------------------------------------------------------------------------------------------------------------------------------------------+
##>                     0                  1                  2                  3                  4                  5                  6                  7            
##>+----------------------------------------------------------------------------------------------------------------------------------------------------------------+
##>           Area      46951389450        18887384880        18887384880        18887384880        18887384880        18887384880        18887384880         5539088835  
##>            WNS          -697.00            +637.40            +637.40            +637.40            +637.40            +637.40            +637.40           +1582.20  
##>            TNS           104631                  0                  0                  0                  0                  0                  0                  0  
##>    Num Rewrite                0                  1                  1                  1                  1                  1                  1                  0  
##>     Num Factor                0                  0                  0                  0                  0                  0                  0                  0  
##>      Num Share                0                  0                  0                  0                  0                  0                  0                  0  
##>   Num CmultCse                0                  0                  0                  0                  0                  0                  0                  0  
##>   Num Downsize                0                  0                  0                  0                  0                  0                  0                  0  
##>  Num Speculate                0                  0                  0                  0                  0                  0                  0                  0  
##>     Runtime(s)                0                  1                  0                  0                  0                  0                  1                  5  
+----------------------------------------------------------------------------------------------------------------------------------------------------------------+
##>
##>
##>+-----------------------------------------------------------------------------------------------------------------------------------------------------------------------------------------------------+
##>Optimization Step DEBUG Table for config CDN_DP_region_0_5_c7
##>
##>                          Step                        Area   (  % Chg)         WNS (Change)          TNS (Change)                Power   (  % Chg)        Runtime (s)        Comment                   
##>+-----------------------------------------------------------------------------------------------------------------------------------------------------------------------------------------------------+
##>EquationExtraction              START            46951389450 (       )     -697.00 (        )     104631 (        )                    0 (       )              
##> rewrite                        START            53879256585 ( +14.76)      935.60 (+1632.60)          0 ( -104631)                    0 (  +0.00)              (a,ar) Expr5_from --> Expr5_to
##>                                  END           187965801450 (+248.86)    -1666.40 (-2602.00)     404148 (  404148)                    0 (  +0.00)           1  
##>                                  END           141014412000 (+200.34)    -2799.90 (-2102.90)     775906 (  671275)                    0 (  +0.00)           2  
##>createMaxCarrySave              START           122244539130 ( -13.31)    -2587.00 ( +212.90)     740875 (  -35031)                    0 (  +0.00)              
##> datapath_rewrite_one_def       START           122244539130 (  +0.00)    -2587.00 (   +0.00)     740875 (       0)                    0 (  +0.00)              
##>                                  END           122244539130 (  +0.00)    -2587.00 (   +0.00)     740875 (       0)                    0 (  +0.00)           0  
##> csa_opto                       START           122244539130 (  +0.00)    -2587.00 (   +0.00)     740875 (       0)                    0 (  +0.00)              
##>                                  END            10495959075 ( -91.41)     1553.60 (+4140.60)          0 ( -740875)                    0 (  +0.00)           0  
##>                                  END            10495959075 ( -91.41)     1553.60 (+4140.60)          0 ( -740875)                    0 (  +0.00)           0  
##>canonicalize_by_names           START            10495959075 (  +0.00)     1553.60 (   +0.00)          0 (       0)                    0 (  +0.00)              
##>                                  END            10495959075 (  +0.00)     1553.60 (   +0.00)          0 (       0)                    0 (  +0.00)           0  
##>datapath_rewrite_post_csa_one_  START            10495959075 (  +0.00)     1553.60 (   +0.00)          0 (       0)                    0 (  +0.00)              
##>                                  END            10495959075 (  +0.00)     1553.60 (   +0.00)          0 (       0)                    0 (  +0.00)           0  
##>datapath_csa_factoring_one_gde  START            10495959075 (  +0.00)     1553.60 (   +0.00)          0 (       0)                    0 (  +0.00)              
##>                                  END            10495959075 (  +0.00)     1553.60 (   +0.00)          0 (       0)                    0 (  +0.00)           0  
##>dpopt_share_one_def             START            10495959075 (  +0.00)     1553.60 (   +0.00)          0 (       0)                    0 (  +0.00)              
##>                                  END            10495959075 (  +0.00)     1553.60 (   +0.00)          0 (       0)                    0 (  +0.00)           0  
##>datapath_rewrite_post_share     START            10495959075 (  +0.00)     1553.60 (   +0.00)          0 (       0)                    0 (  +0.00)              
##>                                  END            10495959075 (  +0.00)     1553.60 (   +0.00)          0 (       0)                    0 (  +0.00)           0  
##>dp_combine_const_mult_with_com  START            10495959075 (  +0.00)     1553.60 (   +0.00)          0 (       0)                    0 (  +0.00)              
##>                                  END            10495959075 (  +0.00)     1553.60 (   +0.00)          0 (       0)                    0 (  +0.00)           0  
##>dp_operator_level_decompositio  START            10495959075 (  +0.00)     1553.60 (   +0.00)          0 (       0)                    0 (  +0.00)              
##>                                  END            10495959075 (  +0.00)     1553.60 (   +0.00)          0 (       0)                    0 (  +0.00)           0  
##>selective_flatten_dp_config     START            10495959075 (  +0.00)     1553.60 (   +0.00)          0 (       0)                    0 (  +0.00)              
##>                                  END            10495959075 (  +0.00)     1553.60 (   +0.00)          0 (       0)                    0 (  +0.00)           0  
##>createMaxCarrySave              START            10495959075 (  +0.00)     1553.60 (   +0.00)          0 (       0)                    0 (  +0.00)              
##> datapath_rewrite_one_def       START            10495959075 (  +0.00)     1553.60 (   +0.00)          0 (       0)                    0 (  +0.00)              
##>  fast_cse_elim                 START            10495959075 (  +0.00)     1553.60 (   +0.00)          0 (       0)                    0 (  +0.00)              
##>                                  END            10495959075 (  +0.00)     1553.60 (   +0.00)          0 (       0)                    0 (  +0.00)           0  
##>  fast_cse_elim                 START            10495959075 (  +0.00)     1553.60 (   +0.00)          0 (       0)                    0 (  +0.00)              
##>                                  END            10495959075 (  +0.00)     1553.60 (   +0.00)          0 (       0)                    0 (  +0.00)           0  
##>                                  END            10495959075 (  +0.00)     1553.60 (   +0.00)          0 (       0)                    0 (  +0.00)           0  
##> csa_opto                       START            10495959075 (  +0.00)     1553.60 (   +0.00)          0 (       0)                    0 (  +0.00)              
##>                                  END            10495959075 (  +0.00)     1553.60 (   +0.00)          0 (       0)                    0 (  +0.00)           0  
##>                                  END            10495959075 (  +0.00)     1553.60 (   +0.00)          0 (       0)                    0 (  +0.00)           0  
##>context_based_simplify          START             5539088835 ( -47.23)     1611.20 (  +57.60)          0 (       0)                    0 (  +0.00)              
##>                                  END             5539088835 (  +0.00)     1611.20 (   +0.00)          0 (       0)                    0 (  +0.00)           0  
##>group_csa_final_adder_dp        START             5539088835 (  +0.00)     1611.20 (   +0.00)          0 (       0)                    0 (  +0.00)              
##>                                  END            22711866660 (+310.03)      629.70 ( -981.50)          0 (       0)                    0 (  +0.00)           0  
##>dpopt_flatten_critical_muxes_i  START            22711866660 (  +0.00)      629.70 (   +0.00)          0 (       0)                    0 (  +0.00)              
##>                                  END            22711866660 (  +0.00)      629.70 (   +0.00)          0 (       0)                    0 (  +0.00)           0  
##>create_score                    START             5539088835 ( -75.61)     1582.20 ( +952.50)          0 (       0)                    0 (  +0.00)              
##>                                  END             5539088835 (  +0.00)     1582.20 (   +0.00)          0 (       0)                    0 (  +0.00)           0  
##>+-----------------------------------------------------------------------------------------------------------------------------------------------------------------------------------------------------+
Committed config: CDN_DP_region_0_5_c7
Info    : Done implementing datapath configurations. [DPOPT-4]
        : Selected 'very_fast' configuration 7 for module 'CDN_DP_region_0_5_c7'.
          Optimizations applied to 'very_fast' configuration:
            rewriting(0), factoring(0), sharing(0), cmultcse(0), downsizing(0), speculation(0)
Info    : Implementing datapath configurations. [DPOPT-3]
        : Implementing datapath configurations for 'CDN_DP_region_0_4'
CSAGen Prep Share:0 Re-Write:0 Speculation: 0
MaxCSA: Successfully built Maximal CSA Expression Expr6
CDN_DP_region_0_4 level = 0 loads = 0 drivers = 0
CDN_DP_region_0_4_c0 in biriscv_multiplier: area: 43506150975 ,dp = 7 mux = 0 sg = slow         worst_clk_period: -1.0000 
    wns: 5997  norm_wns:  -1.0000 
    fail_endp: -1 
    tns:  67103  tns_per_endp:  -1.0000   norm_tns_per_endp:  -1.0000 
    tns_sense_max:  -1.0000  tns_sense_avg:  -1.0000   tns_sense_num: -1
    power:  -9223372036854775808  
 skipped
CDN_DP_region_0_4_c1 in biriscv_multiplier: area: 16569193410 ,dp = 1 mux = 0 sg = fast         worst_clk_period: -1.0000 
    wns: 0  norm_wns:  -1.0000 
    fail_endp: -1 
    tns:  0  tns_per_endp:  -1.0000   norm_tns_per_endp:  -1.0000 
    tns_sense_max:  -1.0000  tns_sense_avg:  -1.0000   tns_sense_num: -1
    power:  -9223372036854775808  
 is current best
CDN_DP_region_0_4_c2 in biriscv_multiplier: area: 16569193410 ,dp = 1 mux = 0 sg = very_slow    worst_clk_period: -1.0000 
    wns: 0  norm_wns:  -1.0000 
    fail_endp: -1 
    tns:  0  tns_per_endp:  -1.0000   norm_tns_per_endp:  -1.0000 
    tns_sense_max:  -1.0000  tns_sense_avg:  -1.0000   tns_sense_num: -1
    power:  -9223372036854775808  
 is current best
CDN_DP_region_0_4_c3 in biriscv_multiplier: area: 16569193410 ,dp = 1 mux = 0 sg = very_fast    worst_clk_period: -1.0000 
    wns: 0  norm_wns:  -1.0000 
    fail_endp: -1 
    tns:  0  tns_per_endp:  -1.0000   norm_tns_per_endp:  -1.0000 
    tns_sense_max:  -1.0000  tns_sense_avg:  -1.0000   tns_sense_num: -1
    power:  -9223372036854775808  
 is current best
CDN_DP_region_0_4_c4 in biriscv_multiplier: area: 16569193410 ,dp = 1 mux = 0 sg = very_fast    worst_clk_period: -1.0000 
    wns: 0  norm_wns:  -1.0000 
    fail_endp: -1 
    tns:  0  tns_per_endp:  -1.0000   norm_tns_per_endp:  -1.0000 
    tns_sense_max:  -1.0000  tns_sense_avg:  -1.0000   tns_sense_num: -1
    power:  -9223372036854775808  
 is current best
CDN_DP_region_0_4_c5 in biriscv_multiplier: area: 16569193410 ,dp = 1 mux = 0 sg = very_fast    worst_clk_period: -1.0000 
    wns: 0  norm_wns:  -1.0000 
    fail_endp: -1 
    tns:  0  tns_per_endp:  -1.0000   norm_tns_per_endp:  -1.0000 
    tns_sense_max:  -1.0000  tns_sense_avg:  -1.0000   tns_sense_num: -1
    power:  -9223372036854775808  
 is current best
CDN_DP_region_0_4_c6 in biriscv_multiplier: area: 16569193410 ,dp = 1 mux = 0 sg = very_fast    worst_clk_period: -1.0000 
    wns: 0  norm_wns:  -1.0000 
    fail_endp: -1 
    tns:  0  tns_per_endp:  -1.0000   norm_tns_per_endp:  -1.0000 
    tns_sense_max:  -1.0000  tns_sense_avg:  -1.0000   tns_sense_num: -1
    power:  -9223372036854775808  
 is current best
CDN_DP_region_0_4_c7 in biriscv_multiplier: area: 5645917935 ,dp = 1 mux = 0 sg = very_fast    worst_clk_period: -1.0000 
    wns: 0  norm_wns:  -1.0000 
    fail_endp: -1 
    tns:  0  tns_per_endp:  -1.0000   norm_tns_per_endp:  -1.0000 
    tns_sense_max:  -1.0000  tns_sense_avg:  -1.0000   tns_sense_num: -1
    power:  -9223372036854775808  
 is current best
Best config: CDN_DP_region_0_4_c7 in biriscv_multiplier: area: 5645917935 ,dp = 1 mux = 0 sg = very_fast    worst_clk_period: -1.0000 
    wns: 0  norm_wns:  -1.0000 
    fail_endp: -1 
    tns:  0  tns_per_endp:  -1.0000   norm_tns_per_endp:  -1.0000 
    tns_sense_max:  -1.0000  tns_sense_avg:  -1.0000   tns_sense_num: -1
    power:  -9223372036854775808  
  Smallest config area : 5645917935.  Fastest config wns;  0
##>+----------------------------------------------------------------------------------------------------------------------------------------------------------------+
##>Summary table of configs (Best config is CDN_DP_region_0_4_c7)
##>+----------------------------------------------------------------------------------------------------------------------------------------------------------------+
##>                     0                  1                  2                  3                  4                  5                  6                  7            
##>+----------------------------------------------------------------------------------------------------------------------------------------------------------------+
##>           Area      43506150975        16569193410        16569193410        16569193410        16569193410        16569193410        16569193410         5645917935  
##>            WNS          -599.70            +681.10            +681.10            +681.10            +681.10            +681.10            +681.10           +1553.50  
##>            TNS            67103                  0                  0                  0                  0                  0                  0                  0  
##>    Num Rewrite                0                  1                  1                  1                  1                  1                  1                  0  
##>     Num Factor                0                  0                  0                  0                  0                  0                  0                  0  
##>      Num Share                0                  0                  0                  0                  0                  0                  0                  0  
##>   Num CmultCse                0                  0                  0                  0                  0                  0                  0                  0  
##>   Num Downsize                0                  0                  0                  0                  0                  0                  0                  0  
##>  Num Speculate                0                  0                  0                  0                  0                  0                  0                  0  
##>     Runtime(s)                0                  1                  0                  0                  0                  0                  1                  5  
+----------------------------------------------------------------------------------------------------------------------------------------------------------------+
##>
##>
##>+-----------------------------------------------------------------------------------------------------------------------------------------------------------------------------------------------------+
##>Optimization Step DEBUG Table for config CDN_DP_region_0_4_c7
##>
##>                          Step                        Area   (  % Chg)         WNS (Change)          TNS (Change)                Power   (  % Chg)        Runtime (s)        Comment                   
##>+-----------------------------------------------------------------------------------------------------------------------------------------------------------------------------------------------------+
##>EquationExtraction              START            43506150975 (       )     -599.70 (        )      67103 (        )                    0 (       )              
##> rewrite                        START            49985335890 ( +14.89)      950.50 (+1550.20)          0 (  -67103)                    0 (  +0.00)              (a,ar) Expr6_from --> Expr6_to
##>                                  END           184520562975 (+269.15)    -1596.70 (-2547.20)     353328 (  353328)                    0 (  +0.00)           1  
##>                                  END           141014412000 (+224.13)    -2756.20 (-2156.50)     724450 (  657347)                    0 (  +0.00)           2  
##>createMaxCarrySave              START           124514657505 ( -11.70)    -2659.30 (  +96.90)     715355 (   -9095)                    0 (  +0.00)              
##> datapath_rewrite_one_def       START           124514657505 (  +0.00)    -2659.30 (   +0.00)     715355 (       0)                    0 (  +0.00)              
##>                                  END           124514657505 (  +0.00)    -2659.30 (   +0.00)     715355 (       0)                    0 (  +0.00)           0  
##> csa_opto                       START           124514657505 (  +0.00)    -2659.30 (   +0.00)     715355 (       0)                    0 (  +0.00)              
##>                                  END            10495959075 ( -91.57)     1553.60 (+4212.90)          0 ( -715355)                    0 (  +0.00)           0  
##>                                  END            10495959075 ( -91.57)     1553.60 (+4212.90)          0 ( -715355)                    0 (  +0.00)           0  
##>canonicalize_by_names           START            10495959075 (  +0.00)     1553.60 (   +0.00)          0 (       0)                    0 (  +0.00)              
##>                                  END            10495959075 (  +0.00)     1553.60 (   +0.00)          0 (       0)                    0 (  +0.00)           0  
##>datapath_rewrite_post_csa_one_  START            10495959075 (  +0.00)     1553.60 (   +0.00)          0 (       0)                    0 (  +0.00)              
##>                                  END            10495959075 (  +0.00)     1553.60 (   +0.00)          0 (       0)                    0 (  +0.00)           0  
##>datapath_csa_factoring_one_gde  START            10495959075 (  +0.00)     1553.60 (   +0.00)          0 (       0)                    0 (  +0.00)              
##>                                  END            10495959075 (  +0.00)     1553.60 (   +0.00)          0 (       0)                    0 (  +0.00)           0  
##>dpopt_share_one_def             START            10495959075 (  +0.00)     1553.60 (   +0.00)          0 (       0)                    0 (  +0.00)              
##>                                  END            10495959075 (  +0.00)     1553.60 (   +0.00)          0 (       0)                    0 (  +0.00)           0  
##>datapath_rewrite_post_share     START            10495959075 (  +0.00)     1553.60 (   +0.00)          0 (       0)                    0 (  +0.00)              
##>                                  END            10495959075 (  +0.00)     1553.60 (   +0.00)          0 (       0)                    0 (  +0.00)           0  
##>dp_combine_const_mult_with_com  START            10495959075 (  +0.00)     1553.60 (   +0.00)          0 (       0)                    0 (  +0.00)              
##>                                  END            10495959075 (  +0.00)     1553.60 (   +0.00)          0 (       0)                    0 (  +0.00)           0  
##>dp_operator_level_decompositio  START            10495959075 (  +0.00)     1553.60 (   +0.00)          0 (       0)                    0 (  +0.00)              
##>                                  END            10495959075 (  +0.00)     1553.60 (   +0.00)          0 (       0)                    0 (  +0.00)           0  
##>selective_flatten_dp_config     START            10495959075 (  +0.00)     1553.60 (   +0.00)          0 (       0)                    0 (  +0.00)              
##>                                  END            10495959075 (  +0.00)     1553.60 (   +0.00)          0 (       0)                    0 (  +0.00)           0  
##>createMaxCarrySave              START            10495959075 (  +0.00)     1553.60 (   +0.00)          0 (       0)                    0 (  +0.00)              
##> datapath_rewrite_one_def       START            10495959075 (  +0.00)     1553.60 (   +0.00)          0 (       0)                    0 (  +0.00)              
##>  fast_cse_elim                 START            10495959075 (  +0.00)     1553.60 (   +0.00)          0 (       0)                    0 (  +0.00)              
##>                                  END            10495959075 (  +0.00)     1553.60 (   +0.00)          0 (       0)                    0 (  +0.00)           0  
##>  fast_cse_elim                 START            10495959075 (  +0.00)     1553.60 (   +0.00)          0 (       0)                    0 (  +0.00)              
##>                                  END            10495959075 (  +0.00)     1553.60 (   +0.00)          0 (       0)                    0 (  +0.00)           0  
##>                                  END            10495959075 (  +0.00)     1553.60 (   +0.00)          0 (       0)                    0 (  +0.00)           0  
##> csa_opto                       START            10495959075 (  +0.00)     1553.60 (   +0.00)          0 (       0)                    0 (  +0.00)              
##>                                  END            10495959075 (  +0.00)     1553.60 (   +0.00)          0 (       0)                    0 (  +0.00)           0  
##>                                  END            10495959075 (  +0.00)     1553.60 (   +0.00)          0 (       0)                    0 (  +0.00)           0  
##>context_based_simplify          START             5645917935 ( -46.21)     1582.50 (  +28.90)          0 (       0)                    0 (  +0.00)              
##>                                  END             5645917935 (  +0.00)     1582.50 (   +0.00)          0 (       0)                    0 (  +0.00)           0  
##>group_csa_final_adder_dp        START             5645917935 (  +0.00)     1582.50 (   +0.00)          0 (       0)                    0 (  +0.00)              
##>                                  END            25136887230 (+345.22)      677.20 ( -905.30)          0 (       0)                    0 (  +0.00)           0  
##>dpopt_flatten_critical_muxes_i  START            25136887230 (  +0.00)      677.20 (   +0.00)          0 (       0)                    0 (  +0.00)              
##>                                  END            25136887230 (  +0.00)      677.20 (   +0.00)          0 (       0)                    0 (  +0.00)           0  
##>create_score                    START             5645917935 ( -77.54)     1553.50 ( +876.30)          0 (       0)                    0 (  +0.00)              
##>                                  END             5645917935 (  +0.00)     1553.50 (   +0.00)          0 (       0)                    0 (  +0.00)           0  
##>+-----------------------------------------------------------------------------------------------------------------------------------------------------------------------------------------------------+
Committed config: CDN_DP_region_0_4_c7
Info    : Done implementing datapath configurations. [DPOPT-4]
        : Selected 'very_fast' configuration 7 for module 'CDN_DP_region_0_4_c7'.
          Optimizations applied to 'very_fast' configuration:
            rewriting(0), factoring(0), sharing(0), cmultcse(0), downsizing(0), speculation(0)
Info    : Implementing datapath configurations. [DPOPT-3]
        : Implementing datapath configurations for 'CDN_DP_region_0_3'
CSAGen Prep Share:0 Re-Write:0 Speculation: 0
MaxCSA: Successfully built Maximal CSA Expression Expr7
CDN_DP_region_0_3 level = 0 loads = 0 drivers = 0
CDN_DP_region_0_3_c0 in biriscv_multiplier: area: 41583227175 ,dp = 7 mux = 0 sg = slow         worst_clk_period: -1.0000 
    wns: 5857  norm_wns:  -1.0000 
    fail_endp: -1 
    tns:  55034  tns_per_endp:  -1.0000   norm_tns_per_endp:  -1.0000 
    tns_sense_max:  -1.0000  tns_sense_avg:  -1.0000   tns_sense_num: -1
    power:  -9223372036854775808  
 skipped
CDN_DP_region_0_3_c1 in biriscv_multiplier: area: 14421928500 ,dp = 1 mux = 0 sg = fast         worst_clk_period: -1.0000 
    wns: 0  norm_wns:  -1.0000 
    fail_endp: -1 
    tns:  0  tns_per_endp:  -1.0000   norm_tns_per_endp:  -1.0000 
    tns_sense_max:  -1.0000  tns_sense_avg:  -1.0000   tns_sense_num: -1
    power:  -9223372036854775808  
 is current best
CDN_DP_region_0_3_c2 in biriscv_multiplier: area: 14421928500 ,dp = 1 mux = 0 sg = very_slow    worst_clk_period: -1.0000 
    wns: 0  norm_wns:  -1.0000 
    fail_endp: -1 
    tns:  0  tns_per_endp:  -1.0000   norm_tns_per_endp:  -1.0000 
    tns_sense_max:  -1.0000  tns_sense_avg:  -1.0000   tns_sense_num: -1
    power:  -9223372036854775808  
 is current best
CDN_DP_region_0_3_c3 in biriscv_multiplier: area: 14421928500 ,dp = 1 mux = 0 sg = very_fast    worst_clk_period: -1.0000 
    wns: 0  norm_wns:  -1.0000 
    fail_endp: -1 
    tns:  0  tns_per_endp:  -1.0000   norm_tns_per_endp:  -1.0000 
    tns_sense_max:  -1.0000  tns_sense_avg:  -1.0000   tns_sense_num: -1
    power:  -9223372036854775808  
 is current best
CDN_DP_region_0_3_c4 in biriscv_multiplier: area: 14421928500 ,dp = 1 mux = 0 sg = very_fast    worst_clk_period: -1.0000 
    wns: 0  norm_wns:  -1.0000 
    fail_endp: -1 
    tns:  0  tns_per_endp:  -1.0000   norm_tns_per_endp:  -1.0000 
    tns_sense_max:  -1.0000  tns_sense_avg:  -1.0000   tns_sense_num: -1
    power:  -9223372036854775808  
 is current best
CDN_DP_region_0_3_c5 in biriscv_multiplier: area: 14421928500 ,dp = 1 mux = 0 sg = very_fast    worst_clk_period: -1.0000 
    wns: 0  norm_wns:  -1.0000 
    fail_endp: -1 
    tns:  0  tns_per_endp:  -1.0000   norm_tns_per_endp:  -1.0000 
    tns_sense_max:  -1.0000  tns_sense_avg:  -1.0000   tns_sense_num: -1
    power:  -9223372036854775808  
 is current best
CDN_DP_region_0_3_c6 in biriscv_multiplier: area: 14421928500 ,dp = 1 mux = 0 sg = very_fast    worst_clk_period: -1.0000 
    wns: 0  norm_wns:  -1.0000 
    fail_endp: -1 
    tns:  0  tns_per_endp:  -1.0000   norm_tns_per_endp:  -1.0000 
    tns_sense_max:  -1.0000  tns_sense_avg:  -1.0000   tns_sense_num: -1
    power:  -9223372036854775808  
 is current best
CDN_DP_region_0_3_c7 in biriscv_multiplier: area: 5912990685 ,dp = 1 mux = 0 sg = very_fast    worst_clk_period: -1.0000 
    wns: 0  norm_wns:  -1.0000 
    fail_endp: -1 
    tns:  0  tns_per_endp:  -1.0000   norm_tns_per_endp:  -1.0000 
    tns_sense_max:  -1.0000  tns_sense_avg:  -1.0000   tns_sense_num: -1
    power:  -9223372036854775808  
 is current best
Best config: CDN_DP_region_0_3_c7 in biriscv_multiplier: area: 5912990685 ,dp = 1 mux = 0 sg = very_fast    worst_clk_period: -1.0000 
    wns: 0  norm_wns:  -1.0000 
    fail_endp: -1 
    tns:  0  tns_per_endp:  -1.0000   norm_tns_per_endp:  -1.0000 
    tns_sense_max:  -1.0000  tns_sense_avg:  -1.0000   tns_sense_num: -1
    power:  -9223372036854775808  
  Smallest config area : 5912990685.  Fastest config wns;  0
##>+----------------------------------------------------------------------------------------------------------------------------------------------------------------+
##>Summary table of configs (Best config is CDN_DP_region_0_3_c7)
##>+----------------------------------------------------------------------------------------------------------------------------------------------------------------+
##>                     0                  1                  2                  3                  4                  5                  6                  7            
##>+----------------------------------------------------------------------------------------------------------------------------------------------------------------+
##>           Area      41583227175        14421928500        14421928500        14421928500        14421928500        14421928500        14421928500         5912990685  
##>            WNS          -585.70            +754.00            +754.00            +754.00            +754.00            +754.00            +754.00           +1537.00  
##>            TNS            55034                  0                  0                  0                  0                  0                  0                  0  
##>    Num Rewrite                0                  1                  1                  1                  1                  1                  1                  0  
##>     Num Factor                0                  0                  0                  0                  0                  0                  0                  0  
##>      Num Share                0                  0                  0                  0                  0                  0                  0                  0  
##>   Num CmultCse                0                  0                  0                  0                  0                  0                  0                  0  
##>   Num Downsize                0                  0                  0                  0                  0                  0                  0                  0  
##>  Num Speculate                0                  0                  0                  0                  0                  0                  0                  0  
##>     Runtime(s)                0                  1                  0                  0                  0                  0                  0                  5  
+----------------------------------------------------------------------------------------------------------------------------------------------------------------+
##>
##>
##>+-----------------------------------------------------------------------------------------------------------------------------------------------------------------------------------------------------+
##>Optimization Step DEBUG Table for config CDN_DP_region_0_3_c7
##>
##>                          Step                        Area   (  % Chg)         WNS (Change)          TNS (Change)                Power   (  % Chg)        Runtime (s)        Comment                   
##>+-----------------------------------------------------------------------------------------------------------------------------------------------------------------------------------------------------+
##>EquationExtraction              START            41583227175 (       )     -585.70 (        )      55034 (        )                    0 (       )              
##> rewrite                        START            47955582990 ( +15.32)      967.00 (+1552.70)          0 (  -55034)                    0 (  +0.00)              (a,ar) Expr7_from --> Expr7_to
##>                                  END           182597639175 (+280.76)    -1518.20 (-2485.20)     295485 (  295485)                    0 (  +0.00)           1  
##>                                  END           141014412000 (+239.11)    -2694.30 (-2108.60)     637887 (  582853)                    0 (  +0.00)           2  
##>createMaxCarrySave              START           127420409025 (  -9.64)    -2587.00 ( +107.30)     635020 (   -2867)                    0 (  +0.00)              
##> datapath_rewrite_one_def       START           127420409025 (  +0.00)    -2587.00 (   +0.00)     635020 (       0)                    0 (  +0.00)              
##>                                  END           127420409025 (  +0.00)    -2587.00 (   +0.00)     635020 (       0)                    0 (  +0.00)           0  
##> csa_opto                       START           127420409025 (  +0.00)    -2587.00 (   +0.00)     635020 (       0)                    0 (  +0.00)              
##>                                  END            10495959075 ( -91.76)     1553.60 (+4140.60)          0 ( -635020)                    0 (  +0.00)           0  
##>                                  END            10495959075 ( -91.76)     1553.60 (+4140.60)          0 ( -635020)                    0 (  +0.00)           0  
##>canonicalize_by_names           START            10495959075 (  +0.00)     1553.60 (   +0.00)          0 (       0)                    0 (  +0.00)              
##>                                  END            10495959075 (  +0.00)     1553.60 (   +0.00)          0 (       0)                    0 (  +0.00)           0  
##>datapath_rewrite_post_csa_one_  START            10495959075 (  +0.00)     1553.60 (   +0.00)          0 (       0)                    0 (  +0.00)              
##>                                  END            10495959075 (  +0.00)     1553.60 (   +0.00)          0 (       0)                    0 (  +0.00)           0  
##>datapath_csa_factoring_one_gde  START            10495959075 (  +0.00)     1553.60 (   +0.00)          0 (       0)                    0 (  +0.00)              
##>                                  END            10495959075 (  +0.00)     1553.60 (   +0.00)          0 (       0)                    0 (  +0.00)           0  
##>dpopt_share_one_def             START            10495959075 (  +0.00)     1553.60 (   +0.00)          0 (       0)                    0 (  +0.00)              
##>                                  END            10495959075 (  +0.00)     1553.60 (   +0.00)          0 (       0)                    0 (  +0.00)           0  
##>datapath_rewrite_post_share     START            10495959075 (  +0.00)     1553.60 (   +0.00)          0 (       0)                    0 (  +0.00)              
##>                                  END            10495959075 (  +0.00)     1553.60 (   +0.00)          0 (       0)                    0 (  +0.00)           0  
##>dp_combine_const_mult_with_com  START            10495959075 (  +0.00)     1553.60 (   +0.00)          0 (       0)                    0 (  +0.00)              
##>                                  END            10495959075 (  +0.00)     1553.60 (   +0.00)          0 (       0)                    0 (  +0.00)           0  
##>dp_operator_level_decompositio  START            10495959075 (  +0.00)     1553.60 (   +0.00)          0 (       0)                    0 (  +0.00)              
##>                                  END            10495959075 (  +0.00)     1553.60 (   +0.00)          0 (       0)                    0 (  +0.00)           0  
##>selective_flatten_dp_config     START            10495959075 (  +0.00)     1553.60 (   +0.00)          0 (       0)                    0 (  +0.00)              
##>                                  END            10495959075 (  +0.00)     1553.60 (   +0.00)          0 (       0)                    0 (  +0.00)           0  
##>createMaxCarrySave              START            10495959075 (  +0.00)     1553.60 (   +0.00)          0 (       0)                    0 (  +0.00)              
##> datapath_rewrite_one_def       START            10495959075 (  +0.00)     1553.60 (   +0.00)          0 (       0)                    0 (  +0.00)              
##>  fast_cse_elim                 START            10495959075 (  +0.00)     1553.60 (   +0.00)          0 (       0)                    0 (  +0.00)              
##>                                  END            10495959075 (  +0.00)     1553.60 (   +0.00)          0 (       0)                    0 (  +0.00)           0  
##>  fast_cse_elim                 START            10495959075 (  +0.00)     1553.60 (   +0.00)          0 (       0)                    0 (  +0.00)              
##>                                  END            10495959075 (  +0.00)     1553.60 (   +0.00)          0 (       0)                    0 (  +0.00)           0  
##>                                  END            10495959075 (  +0.00)     1553.60 (   +0.00)          0 (       0)                    0 (  +0.00)           0  
##> csa_opto                       START            10495959075 (  +0.00)     1553.60 (   +0.00)          0 (       0)                    0 (  +0.00)              
##>                                  END            10495959075 (  +0.00)     1553.60 (   +0.00)          0 (       0)                    0 (  +0.00)           0  
##>                                  END            10495959075 (  +0.00)     1553.60 (   +0.00)          0 (       0)                    0 (  +0.00)           0  
##>context_based_simplify          START             5912990685 ( -43.66)     1566.00 (  +12.40)          0 (       0)                    0 (  +0.00)              
##>                                  END             5912990685 (  +0.00)     1566.00 (   +0.00)          0 (       0)                    0 (  +0.00)           0  
##>group_csa_final_adder_dp        START             5912990685 (  +0.00)     1566.00 (   +0.00)          0 (       0)                    0 (  +0.00)              
##>                                  END            27551224890 (+365.94)      564.70 (-1001.30)          0 (       0)                    0 (  +0.00)           0  
##>dpopt_flatten_critical_muxes_i  START            27551224890 (  +0.00)      564.70 (   +0.00)          0 (       0)                    0 (  +0.00)              
##>                                  END            27551224890 (  +0.00)      564.70 (   +0.00)          0 (       0)                    0 (  +0.00)           0  
##>create_score                    START             5912990685 ( -78.54)     1537.00 ( +972.30)          0 (       0)                    0 (  +0.00)              
##>                                  END             5912990685 (  +0.00)     1537.00 (   +0.00)          0 (       0)                    0 (  +0.00)           0  
##>+-----------------------------------------------------------------------------------------------------------------------------------------------------------------------------------------------------+
Committed config: CDN_DP_region_0_3_c7
Info    : Done implementing datapath configurations. [DPOPT-4]
        : Selected 'very_fast' configuration 7 for module 'CDN_DP_region_0_3_c7'.
          Optimizations applied to 'very_fast' configuration:
            rewriting(0), factoring(0), sharing(0), cmultcse(0), downsizing(0), speculation(0)
Info    : Implementing datapath configurations. [DPOPT-3]
        : Implementing datapath configurations for 'CDN_DP_region_0_2'
CSAGen Prep Share:0 Re-Write:0 Speculation: 0
MaxCSA: Successfully built Maximal CSA Expression Expr8
CDN_DP_region_0_2 level = 0 loads = 0 drivers = 0
CDN_DP_region_0_2_c0 in biriscv_multiplier: area: 38180720340 ,dp = 7 mux = 0 sg = slow         worst_clk_period: -1.0000 
    wns: 4972  norm_wns:  -1.0000 
    fail_endp: -1 
    tns:  41431  tns_per_endp:  -1.0000   norm_tns_per_endp:  -1.0000 
    tns_sense_max:  -1.0000  tns_sense_avg:  -1.0000   tns_sense_num: -1
    power:  -9223372036854775808  
 skipped
CDN_DP_region_0_2_c1 in biriscv_multiplier: area: 11537542800 ,dp = 1 mux = 0 sg = fast         worst_clk_period: -1.0000 
    wns: 0  norm_wns:  -1.0000 
    fail_endp: -1 
    tns:  0  tns_per_endp:  -1.0000   norm_tns_per_endp:  -1.0000 
    tns_sense_max:  -1.0000  tns_sense_avg:  -1.0000   tns_sense_num: -1
    power:  -9223372036854775808  
 is current best
CDN_DP_region_0_2_c2 in biriscv_multiplier: area: 11537542800 ,dp = 1 mux = 0 sg = very_slow    worst_clk_period: -1.0000 
    wns: 0  norm_wns:  -1.0000 
    fail_endp: -1 
    tns:  0  tns_per_endp:  -1.0000   norm_tns_per_endp:  -1.0000 
    tns_sense_max:  -1.0000  tns_sense_avg:  -1.0000   tns_sense_num: -1
    power:  -9223372036854775808  
 is current best
CDN_DP_region_0_2_c3 in biriscv_multiplier: area: 11537542800 ,dp = 1 mux = 0 sg = very_fast    worst_clk_period: -1.0000 
    wns: 0  norm_wns:  -1.0000 
    fail_endp: -1 
    tns:  0  tns_per_endp:  -1.0000   norm_tns_per_endp:  -1.0000 
    tns_sense_max:  -1.0000  tns_sense_avg:  -1.0000   tns_sense_num: -1
    power:  -9223372036854775808  
 is current best
CDN_DP_region_0_2_c4 in biriscv_multiplier: area: 11537542800 ,dp = 1 mux = 0 sg = very_fast    worst_clk_period: -1.0000 
    wns: 0  norm_wns:  -1.0000 
    fail_endp: -1 
    tns:  0  tns_per_endp:  -1.0000   norm_tns_per_endp:  -1.0000 
    tns_sense_max:  -1.0000  tns_sense_avg:  -1.0000   tns_sense_num: -1
    power:  -9223372036854775808  
 is current best
CDN_DP_region_0_2_c5 in biriscv_multiplier: area: 11537542800 ,dp = 1 mux = 0 sg = very_fast    worst_clk_period: -1.0000 
    wns: 0  norm_wns:  -1.0000 
    fail_endp: -1 
    tns:  0  tns_per_endp:  -1.0000   norm_tns_per_endp:  -1.0000 
    tns_sense_max:  -1.0000  tns_sense_avg:  -1.0000   tns_sense_num: -1
    power:  -9223372036854775808  
 is current best
CDN_DP_region_0_2_c6 in biriscv_multiplier: area: 11537542800 ,dp = 1 mux = 0 sg = very_fast    worst_clk_period: -1.0000 
    wns: 0  norm_wns:  -1.0000 
    fail_endp: -1 
    tns:  0  tns_per_endp:  -1.0000   norm_tns_per_endp:  -1.0000 
    tns_sense_max:  -1.0000  tns_sense_avg:  -1.0000   tns_sense_num: -1
    power:  -9223372036854775808  
 is current best
CDN_DP_region_0_2_c7 in biriscv_multiplier: area: 5389528095 ,dp = 1 mux = 0 sg = very_fast    worst_clk_period: -1.0000 
    wns: 0  norm_wns:  -1.0000 
    fail_endp: -1 
    tns:  0  tns_per_endp:  -1.0000   norm_tns_per_endp:  -1.0000 
    tns_sense_max:  -1.0000  tns_sense_avg:  -1.0000   tns_sense_num: -1
    power:  -9223372036854775808  
 is current best
Best config: CDN_DP_region_0_2_c7 in biriscv_multiplier: area: 5389528095 ,dp = 1 mux = 0 sg = very_fast    worst_clk_period: -1.0000 
    wns: 0  norm_wns:  -1.0000 
    fail_endp: -1 
    tns:  0  tns_per_endp:  -1.0000   norm_tns_per_endp:  -1.0000 
    tns_sense_max:  -1.0000  tns_sense_avg:  -1.0000   tns_sense_num: -1
    power:  -9223372036854775808  
  Smallest config area : 5389528095.  Fastest config wns;  0
##>+----------------------------------------------------------------------------------------------------------------------------------------------------------------+
##>Summary table of configs (Best config is CDN_DP_region_0_2_c7)
##>+----------------------------------------------------------------------------------------------------------------------------------------------------------------+
##>                     0                  1                  2                  3                  4                  5                  6                  7            
##>+----------------------------------------------------------------------------------------------------------------------------------------------------------------+
##>           Area      38180720340        11537542800        11537542800        11537542800        11537542800        11537542800        11537542800         5389528095  
##>            WNS          -497.20            +829.50            +829.50            +829.50            +829.50            +829.50            +829.50           +1628.70  
##>            TNS            41431                  0                  0                  0                  0                  0                  0                  0  
##>    Num Rewrite                0                  1                  1                  1                  1                  1                  1                  0  
##>     Num Factor                0                  0                  0                  0                  0                  0                  0                  0  
##>      Num Share                0                  0                  0                  0                  0                  0                  0                  0  
##>   Num CmultCse                0                  0                  0                  0                  0                  0                  0                  0  
##>   Num Downsize                0                  0                  0                  0                  0                  0                  0                  0  
##>  Num Speculate                0                  0                  0                  0                  0                  0                  0                  0  
##>     Runtime(s)                0                  1                  0                  0                  0                  0                  0                  4  
+----------------------------------------------------------------------------------------------------------------------------------------------------------------+
##>
##>
##>+-----------------------------------------------------------------------------------------------------------------------------------------------------------------------------------------------------+
##>Optimization Step DEBUG Table for config CDN_DP_region_0_2_c7
##>
##>                          Step                        Area   (  % Chg)         WNS (Change)          TNS (Change)                Power   (  % Chg)        Runtime (s)        Comment                   
##>+-----------------------------------------------------------------------------------------------------------------------------------------------------------------------------------------------------+
##>EquationExtraction              START            38180720340 (       )     -497.20 (        )      41431 (        )                    0 (       )              
##> rewrite                        START            44061662295 ( +15.40)      983.50 (+1480.70)          0 (  -41431)                    0 (  +0.00)              (a,ar) Expr8_from --> Expr8_to
##>                                  END           179195132340 (+306.69)    -1455.30 (-2438.80)     216292 (  216292)                    0 (  +0.00)           1  
##>                                  END           141014412000 (+269.33)    -2622.00 (-2124.80)     553377 (  511946)                    0 (  +0.00)           2  
##>createMaxCarrySave              START           129818722320 (  -7.94)    -2570.90 (  +51.10)     548274 (   -5103)                    0 (  +0.00)              
##> datapath_rewrite_one_def       START           129818722320 (  +0.00)    -2570.90 (   +0.00)     548274 (       0)                    0 (  +0.00)              
##>                                  END           129818722320 (  +0.00)    -2570.90 (   +0.00)     548274 (       0)                    0 (  +0.00)           0  
##> csa_opto                       START           129818722320 (  +0.00)    -2570.90 (   +0.00)     548274 (       0)                    0 (  +0.00)              
##>                                  END            10495959075 ( -91.91)     1625.90 (+4196.80)          0 ( -548274)                    0 (  +0.00)           0  
##>                                  END            10495959075 ( -91.91)     1625.90 (+4196.80)          0 ( -548274)                    0 (  +0.00)           0  
##>canonicalize_by_names           START            10495959075 (  +0.00)     1625.90 (   +0.00)          0 (       0)                    0 (  +0.00)              
##>                                  END            10495959075 (  +0.00)     1625.90 (   +0.00)          0 (       0)                    0 (  +0.00)           0  
##>datapath_rewrite_post_csa_one_  START            10495959075 (  +0.00)     1625.90 (   +0.00)          0 (       0)                    0 (  +0.00)              
##>                                  END            10495959075 (  +0.00)     1625.90 (   +0.00)          0 (       0)                    0 (  +0.00)           0  
##>datapath_csa_factoring_one_gde  START            10495959075 (  +0.00)     1625.90 (   +0.00)          0 (       0)                    0 (  +0.00)              
##>                                  END            10495959075 (  +0.00)     1625.90 (   +0.00)          0 (       0)                    0 (  +0.00)           0  
##>dpopt_share_one_def             START            10495959075 (  +0.00)     1625.90 (   +0.00)          0 (       0)                    0 (  +0.00)              
##>                                  END            10495959075 (  +0.00)     1625.90 (   +0.00)          0 (       0)                    0 (  +0.00)           0  
##>datapath_rewrite_post_share     START            10495959075 (  +0.00)     1625.90 (   +0.00)          0 (       0)                    0 (  +0.00)              
##>                                  END            10495959075 (  +0.00)     1625.90 (   +0.00)          0 (       0)                    0 (  +0.00)           0  
##>dp_combine_const_mult_with_com  START            10495959075 (  +0.00)     1625.90 (   +0.00)          0 (       0)                    0 (  +0.00)              
##>                                  END            10495959075 (  +0.00)     1625.90 (   +0.00)          0 (       0)                    0 (  +0.00)           0  
##>dp_operator_level_decompositio  START            10495959075 (  +0.00)     1625.90 (   +0.00)          0 (       0)                    0 (  +0.00)              
##>                                  END            10495959075 (  +0.00)     1625.90 (   +0.00)          0 (       0)                    0 (  +0.00)           0  
##>selective_flatten_dp_config     START            10495959075 (  +0.00)     1625.90 (   +0.00)          0 (       0)                    0 (  +0.00)              
##>                                  END            10495959075 (  +0.00)     1625.90 (   +0.00)          0 (       0)                    0 (  +0.00)           0  
##>createMaxCarrySave              START            10495959075 (  +0.00)     1625.90 (   +0.00)          0 (       0)                    0 (  +0.00)              
##> datapath_rewrite_one_def       START            10495959075 (  +0.00)     1625.90 (   +0.00)          0 (       0)                    0 (  +0.00)              
##>  fast_cse_elim                 START            10495959075 (  +0.00)     1625.90 (   +0.00)          0 (       0)                    0 (  +0.00)              
##>                                  END            10495959075 (  +0.00)     1625.90 (   +0.00)          0 (       0)                    0 (  +0.00)           0  
##>  fast_cse_elim                 START            10495959075 (  +0.00)     1625.90 (   +0.00)          0 (       0)                    0 (  +0.00)              
##>                                  END            10495959075 (  +0.00)     1625.90 (   +0.00)          0 (       0)                    0 (  +0.00)           0  
##>                                  END            10495959075 (  +0.00)     1625.90 (   +0.00)          0 (       0)                    0 (  +0.00)           0  
##> csa_opto                       START            10495959075 (  +0.00)     1625.90 (   +0.00)          0 (       0)                    0 (  +0.00)              
##>                                  END            10495959075 (  +0.00)     1625.90 (   +0.00)          0 (       0)                    0 (  +0.00)           0  
##>                                  END            10495959075 (  +0.00)     1625.90 (   +0.00)          0 (       0)                    0 (  +0.00)           0  
##>context_based_simplify          START             5389528095 ( -48.65)     1657.70 (  +31.80)          0 (       0)                    0 (  +0.00)              
##>                                  END             5389528095 (  +0.00)     1657.70 (   +0.00)          0 (       0)                    0 (  +0.00)           0  
##>group_csa_final_adder_dp        START             5389528095 (  +0.00)     1657.70 (   +0.00)          0 (       0)                    0 (  +0.00)              
##>                                  END            29912148000 (+455.00)      624.60 (-1033.10)          0 (       0)                    0 (  +0.00)           0  
##>dpopt_flatten_critical_muxes_i  START            29912148000 (  +0.00)      624.60 (   +0.00)          0 (       0)                    0 (  +0.00)              
##>                                  END            29912148000 (  +0.00)      624.60 (   +0.00)          0 (       0)                    0 (  +0.00)           0  
##>create_score                    START             5389528095 ( -81.98)     1628.70 (+1004.10)          0 (       0)                    0 (  +0.00)              
##>                                  END             5389528095 (  +0.00)     1628.70 (   +0.00)          0 (       0)                    0 (  +0.00)           0  
##>+-----------------------------------------------------------------------------------------------------------------------------------------------------------------------------------------------------+
Committed config: CDN_DP_region_0_2_c7
Info    : Done implementing datapath configurations. [DPOPT-4]
        : Selected 'very_fast' configuration 7 for module 'CDN_DP_region_0_2_c7'.
          Optimizations applied to 'very_fast' configuration:
            rewriting(0), factoring(0), sharing(0), cmultcse(0), downsizing(0), speculation(0)
Info    : Implementing datapath configurations. [DPOPT-3]
        : Implementing datapath configurations for 'CDN_DP_region_0_0'
CSAGen Prep Share:0 Re-Write:0 Speculation: 0
MaxCSA: Successfully built Maximal CSA Expression Expr9
CDN_DP_region_0_0 level = 0 loads = 0 drivers = 0
CDN_DP_region_0_0_c0 in biriscv_multiplier: area: 68659062570 ,dp = 64 mux = 2 sg = slow         worst_clk_period: -1.0000 
    wns: 0  norm_wns:  -1.0000 
    fail_endp: -1 
    tns:  0  tns_per_endp:  -1.0000   norm_tns_per_endp:  -1.0000 
    tns_sense_max:  -1.0000  tns_sense_avg:  -1.0000   tns_sense_num: -1
    power:  -9223372036854775808  
 skipped
CDN_DP_region_0_0_c1 in biriscv_multiplier: area: 68659062570 ,dp = 64 mux = 2 sg = fast         worst_clk_period: -1.0000 
    wns: 0  norm_wns:  -1.0000 
    fail_endp: -1 
    tns:  0  tns_per_endp:  -1.0000   norm_tns_per_endp:  -1.0000 
    tns_sense_max:  -1.0000  tns_sense_avg:  -1.0000   tns_sense_num: -1
    power:  -9223372036854775808  
 is current best
CDN_DP_region_0_0_c2 in biriscv_multiplier: area: 68659062570 ,dp = 64 mux = 2 sg = very_slow    worst_clk_period: -1.0000 
    wns: 0  norm_wns:  -1.0000 
    fail_endp: -1 
    tns:  0  tns_per_endp:  -1.0000   norm_tns_per_endp:  -1.0000 
    tns_sense_max:  -1.0000  tns_sense_avg:  -1.0000   tns_sense_num: -1
    power:  -9223372036854775808  
 is current best
CDN_DP_region_0_0_c3 in biriscv_multiplier: area: 68659062570 ,dp = 64 mux = 2 sg = very_fast    worst_clk_period: -1.0000 
    wns: 0  norm_wns:  -1.0000 
    fail_endp: -1 
    tns:  0  tns_per_endp:  -1.0000   norm_tns_per_endp:  -1.0000 
    tns_sense_max:  -1.0000  tns_sense_avg:  -1.0000   tns_sense_num: -1
    power:  -9223372036854775808  
 is current best
CDN_DP_region_0_0_c4 in biriscv_multiplier: area: 68659062570 ,dp = 64 mux = 2 sg = very_fast    worst_clk_period: -1.0000 
    wns: 0  norm_wns:  -1.0000 
    fail_endp: -1 
    tns:  0  tns_per_endp:  -1.0000   norm_tns_per_endp:  -1.0000 
    tns_sense_max:  -1.0000  tns_sense_avg:  -1.0000   tns_sense_num: -1
    power:  -9223372036854775808  
 is current best
CDN_DP_region_0_0_c5 in biriscv_multiplier: area: 68659062570 ,dp = 64 mux = 2 sg = very_fast    worst_clk_period: -1.0000 
    wns: 0  norm_wns:  -1.0000 
    fail_endp: -1 
    tns:  0  tns_per_endp:  -1.0000   norm_tns_per_endp:  -1.0000 
    tns_sense_max:  -1.0000  tns_sense_avg:  -1.0000   tns_sense_num: -1
    power:  -9223372036854775808  
 is current best
CDN_DP_region_0_0_c6 in biriscv_multiplier: area: 68659062570 ,dp = 64 mux = 2 sg = very_fast    worst_clk_period: -1.0000 
    wns: 0  norm_wns:  -1.0000 
    fail_endp: -1 
    tns:  0  tns_per_endp:  -1.0000   norm_tns_per_endp:  -1.0000 
    tns_sense_max:  -1.0000  tns_sense_avg:  -1.0000   tns_sense_num: -1
    power:  -9223372036854775808  
 is current best
CDN_DP_region_0_0_c7 in biriscv_multiplier: area: 81959285520 ,dp = 65 mux = 2 sg = very_fast    worst_clk_period: -1.0000 
    wns: 0  norm_wns:  -1.0000 
    fail_endp: -1 
    tns:  0  tns_per_endp:  -1.0000   norm_tns_per_endp:  -1.0000 
    tns_sense_max:  -1.0000  tns_sense_avg:  -1.0000   tns_sense_num: -1
    power:  -9223372036854775808  

Best config: CDN_DP_region_0_0_c6 in biriscv_multiplier: area: 68659062570 ,dp = 64 mux = 2 sg = very_fast    worst_clk_period: -1.0000 
    wns: 0  norm_wns:  -1.0000 
    fail_endp: -1 
    tns:  0  tns_per_endp:  -1.0000   norm_tns_per_endp:  -1.0000 
    tns_sense_max:  -1.0000  tns_sense_avg:  -1.0000   tns_sense_num: -1
    power:  -9223372036854775808  
  Smallest config area : 68659062570.  Fastest config wns;  0
##>+----------------------------------------------------------------------------------------------------------------------------------------------------------------+
##>Summary table of configs (Best config is CDN_DP_region_0_0_c6)
##>+----------------------------------------------------------------------------------------------------------------------------------------------------------------+
##>                     0                  1                  2                  3                  4                  5                  6                  7            
##>+----------------------------------------------------------------------------------------------------------------------------------------------------------------+
##>           Area      68659062570        68659062570        68659062570        68659062570        68659062570        68659062570        68659062570        81959285520  
##>            WNS         +1083.60           +1083.60           +1083.60           +1083.60           +1083.60           +1083.60           +1083.60            +975.20  
##>            TNS                0                  0                  0                  0                  0                  0                  0                  0  
##>    Num Rewrite                0                  0                  0                  0                  0                  0                  0                  0  
##>     Num Factor                0                  0                  0                  0                  0                  0                  0                  0  
##>      Num Share                0                  0                  0                  0                  0                  0                  0                  0  
##>   Num CmultCse                0                  0                  0                  0                  0                  0                  0                  0  
##>   Num Downsize                0                  0                  0                  0                  0                  0                  0                  0  
##>  Num Speculate                0                  0                  0                  0                  0                  0                  0                  0  
##>     Runtime(s)                0                  0                  0                  0                  0                  0                  0                 11  
+----------------------------------------------------------------------------------------------------------------------------------------------------------------+
##>
##>
##>+-----------------------------------------------------------------------------------------------------------------------------------------------------------------------------------------------------+
##>Optimization Step DEBUG Table for config CDN_DP_region_0_0_c6
##>
##>                          Step                        Area   (  % Chg)         WNS (Change)          TNS (Change)                Power   (  % Chg)        Runtime (s)        Comment                   
##>+-----------------------------------------------------------------------------------------------------------------------------------------------------------------------------------------------------+
##>createMaxCarrySave              START            68659062570 (       )    107375266.00 (        )          0 (        )                    0 (       )              
##> datapath_rewrite_one_def       START            68659062570 (  +0.00)    107375266.00 (   +0.00)          0 (       0)                    0 (  +0.00)              
##>  fast_cse_elim                 START            68659062570 (  +0.00)    107375266.00 (   +0.00)          0 (       0)                    0 (  +0.00)              
##>                                  END            68659062570 (  +0.00)    107375266.00 (   +0.00)          0 (       0)                    0 (  +0.00)           0  
##>  fast_cse_elim                 START            68659062570 (  +0.00)    107375266.00 (   +0.00)          0 (       0)                    0 (  +0.00)              
##>                                  END            68659062570 (  +0.00)    107375266.00 (   +0.00)          0 (       0)                    0 (  +0.00)           0  
##>                                  END            68659062570 (  +0.00)    107375266.00 (   +0.00)          0 (       0)                    0 (  +0.00)           0  
##> dpopt_share_one_def            START            68659062570 (  +0.00)    107375266.00 (   +0.00)          0 (       0)                    0 (  +0.00)              
##>                                  END            68659062570 (  +0.00)    107375266.00 (   +0.00)          0 (       0)                    0 (  +0.00)           0  
##> csa_opto                       START            68659062570 (  +0.00)    214748364.70 (+107373098.70)          0 (       0)                    0 (  +0.00)              
##>                                  END            68659062570 (  +0.00)    214748364.70 (   +0.00)          0 (       0)                    0 (  +0.00)           0  
##>                                  END            68659062570 (  +0.00)    214748364.70 (+107373098.70)          0 (       0)                    0 (  +0.00)           0  
##>canonicalize_by_names           START            68659062570 (  +0.00)    214748364.70 (   +0.00)          0 (       0)                    0 (  +0.00)              
##>                                  END            68659062570 (  +0.00)    214748364.70 (   +0.00)          0 (       0)                    0 (  +0.00)           0  
##>datapath_rewrite_post_csa_one_  START            68659062570 (  +0.00)    214748364.70 (   +0.00)          0 (       0)                    0 (  +0.00)              
##>                                  END            68659062570 (  +0.00)    214748364.70 (   +0.00)          0 (       0)                    0 (  +0.00)           0  
##>datapath_csa_factoring_one_gde  START            68659062570 (  +0.00)    214748364.70 (   +0.00)          0 (       0)                    0 (  +0.00)              
##>                                  END            68659062570 (  +0.00)    214748364.70 (   +0.00)          0 (       0)                    0 (  +0.00)           0  
##>dpopt_share_one_def             START            68659062570 (  +0.00)    214748364.70 (   +0.00)          0 (       0)                    0 (  +0.00)              
##>                                  END            68659062570 (  +0.00)    214748364.70 (   +0.00)          0 (       0)                    0 (  +0.00)           0  
##>datapath_rewrite_post_share     START            68659062570 (  +0.00)    214748364.70 (   +0.00)          0 (       0)                    0 (  +0.00)              
##>                                  END            68659062570 (  +0.00)    214748364.70 (   +0.00)          0 (       0)                    0 (  +0.00)           0  
##>dp_combine_const_mult_with_com  START            68659062570 (  +0.00)    214748364.70 (   +0.00)          0 (       0)                    0 (  +0.00)              
##>                                  END            68659062570 (  +0.00)    214748364.70 (   +0.00)          0 (       0)                    0 (  +0.00)           0  
##>speculate_in_gdef               START            68659062570 (  +0.00)    214748364.70 (   +0.00)          0 (       0)                    0 (  +0.00)              
##> pre_speculate_mux_merge        START            68659062570 (  +0.00)    214748364.70 (   +0.00)          0 (       0)                    0 (  +0.00)              
##>                                  END            68659062570 (  +0.00)    214748364.70 (   +0.00)          0 (       0)                    0 (  +0.00)           0  
##>                                  END            68659062570 (  +0.00)    214748364.70 (   +0.00)          0 (       0)                    0 (  +0.00)           0  
##>dp_operator_level_decompositio  START            68659062570 (  +0.00)    214748364.70 (   +0.00)          0 (       0)                    0 (  +0.00)              
##>                                  END            68659062570 (  +0.00)    214748364.70 (   +0.00)          0 (       0)                    0 (  +0.00)           0  
##>selective_flatten_dp_config     START            68659062570 (  +0.00)    214748364.70 (   +0.00)          0 (       0)                    0 (  +0.00)              
##>                                  END            68659062570 (  +0.00)    214748364.70 (   +0.00)          0 (       0)                    0 (  +0.00)           0  
##>createMaxCarrySave              START            68659062570 (  +0.00)    214748364.70 (   +0.00)          0 (       0)                    0 (  +0.00)              
##> datapath_rewrite_one_def       START            68659062570 (  +0.00)    214748364.70 (   +0.00)          0 (       0)                    0 (  +0.00)              
##>  fast_cse_elim                 START            68659062570 (  +0.00)    214748364.70 (   +0.00)          0 (       0)                    0 (  +0.00)              
##>                                  END            68659062570 (  +0.00)    214748364.70 (   +0.00)          0 (       0)                    0 (  +0.00)           0  
##>  fast_cse_elim                 START            68659062570 (  +0.00)    214748364.70 (   +0.00)          0 (       0)                    0 (  +0.00)              
##>                                  END            68659062570 (  +0.00)    214748364.70 (   +0.00)          0 (       0)                    0 (  +0.00)           0  
##>                                  END            68659062570 (  +0.00)    214748364.70 (   +0.00)          0 (       0)                    0 (  +0.00)           0  
##> dpopt_share_one_def            START            68659062570 (  +0.00)    214748364.70 (   +0.00)          0 (       0)                    0 (  +0.00)              
##>                                  END            68659062570 (  +0.00)    214748364.70 (   +0.00)          0 (       0)                    0 (  +0.00)           0  
##> csa_opto                       START            68659062570 (  +0.00)    214748364.70 (   +0.00)          0 (       0)                    0 (  +0.00)              
##>                                  END            68659062570 (  +0.00)    214748364.70 (   +0.00)          0 (       0)                    0 (  +0.00)           0  
##>                                  END            68659062570 (  +0.00)    214748364.70 (   +0.00)          0 (       0)                    0 (  +0.00)           0  
##>context_based_simplify          START            68659062570 (  +0.00)    214748364.70 (   +0.00)          0 (       0)                    0 (  +0.00)              
##>                                  END            68659062570 (  +0.00)    214748364.70 (   +0.00)          0 (       0)                    0 (  +0.00)           0  
##>group_csa_final_adder_dp        START            68659062570 (  +0.00)    214748364.70 (   +0.00)          0 (       0)                    0 (  +0.00)              
##>                                  END            68659062570 (  +0.00)    214748364.70 (   +0.00)          0 (       0)                    0 (  +0.00)           0  
##>dpopt_flatten_critical_muxes_i  START            68659062570 (  +0.00)    214748364.70 (   +0.00)          0 (       0)                    0 (  +0.00)              
##>                                  END            68659062570 (  +0.00)    214748364.70 (   +0.00)          0 (       0)                    0 (  +0.00)           0  
##>speculate_in_gdef               START            68659062570 (  +0.00)    214748364.70 (   +0.00)          0 (       0)                    0 (  +0.00)              
##> pre_speculate_mux_merge        START            68659062570 (  +0.00)    214748364.70 (   +0.00)          0 (       0)                    0 (  +0.00)              
##>                                  END            68659062570 (  +0.00)    214748364.70 (   +0.00)          0 (       0)                    0 (  +0.00)           0  
##>                                  END            68659062570 (  +0.00)    214748364.70 (   +0.00)          0 (       0)                    0 (  +0.00)           0  
##>create_score                    START            68659062570 (  +0.00)     1083.60 (-214747281.10)          0 (       0)                    0 (  +0.00)              
##>                                  END            68659062570 (  +0.00)     1083.60 (   +0.00)          0 (       0)                    0 (  +0.00)           0  
##>+-----------------------------------------------------------------------------------------------------------------------------------------------------------------------------------------------------+
Committed config: CDN_DP_region_0_0_c6
Info    : Done implementing datapath configurations. [DPOPT-4]
        : Selected 'very_fast' configuration 6 for module 'CDN_DP_region_0_0_c6'.
          Optimizations applied to 'very_fast' configuration:
            rewriting(0), factoring(0), sharing(0), cmultcse(0), downsizing(0), speculation(0)
Info:  Ungrouped 0 dp-cluster instances.  0 cluster instances were left intact, to aid verification.
Info    : Done optimizing datapath logic. [DPOPT-2]
        : Done optimizing datapath logic in 'biriscv_multiplier'.
Number of big hc bmuxes after = 0
Starting logic reduction [v1.0] (stage: post_rtlopt, startdef: biriscv_multiplier, recur: true)
Completed logic reduction (accepts: 0, rejects: 0, runtime: 0.000s)
Starting mux data reorder optimization [v1.0] (stage: post_rtlopt, startdef: biriscv_multiplier, recur: true)
Completed mux data reorder optimization (accepts: 0, rejects: 0, runtime: 0.000s)

Stage: post_rtlopt
----------------------------------------------------------
| Transform           | Accepts | Rejects | Runtime (ms) | 
----------------------------------------------------------
| hlo_logic_reduction |       0 |       0 |         0.00 | 
| hlo_mux_reorder     |       0 |       0 |         0.00 | 
----------------------------------------------------------
Starting mux speculation [v1.0] (stage: post_muxopt, startdef: biriscv_multiplier, recur: true)
Starting speculation optimization
Completed speculation optimization (accepts:0)
Completed mux speculation (accepts: 0, rejects: 0, runtime: 0.386s)

Stage: post_muxopt
------------------------------------------------------
| Transform       | Accepts | Rejects | Runtime (ms) | 
------------------------------------------------------
| hlo_speculation |       0 |       0 |       386.00 | 
------------------------------------------------------
==================================
Stage : to_generic 
==================================
  =================
   Message Summary
  =================
----------------------------------------------------------------------------------------------------------------------------------------------------------------------
|     Id     |  Sev   |Count |                                                             Message Text                                                              |
----------------------------------------------------------------------------------------------------------------------------------------------------------------------
| CDFG-250   |Info    |   10 |Processing multi-dimensional arrays.                                                                                                   |
| CDFG-500   |Info    |    1 |Unused module input port.                                                                                                              |
|            |        |      |(In port definition within the module, the input port is not used in any assignment statements or conditional expressions for decision |
|            |        |      | statements.                                                                                                                           |
| CDFG-769   |Info    |    1 |Identified sum-of-products logic to be optimized during syn_generic.                                                                   |
| CDFG2G-622 |Warning |    2 |Signal or variable has multiple drivers.                                                                                               |
|            |        |      |This may cause simulation mismatches between the original and synthesized designs.                                                     |
| CWD-19     |Info    |  719 |An implementation was inferred.                                                                                                        |
| DPOPT-1    |Info    |    1 |Optimizing datapath logic.                                                                                                             |
| DPOPT-2    |Info    |    1 |Done optimizing datapath logic.                                                                                                        |
| DPOPT-3    |Info    |   10 |Implementing datapath configurations.                                                                                                  |
| DPOPT-4    |Info    |   10 |Done implementing datapath configurations.                                                                                             |
| DPOPT-6    |Info    |    1 |Pre-processed datapath logic.                                                                                                          |
| ELAB-1     |Info    |    1 |Elaborating Design.                                                                                                                    |
| ELAB-3     |Info    |    1 |Done Elaborating Design.                                                                                                               |
| GB-6       |Info    |  322 |A datapath component has been ungrouped.                                                                                               |
| LBR-9      |Warning |   40 |Library cell has no output pins defined.                                                                                               |
|            |        |      |Add the missing output pin(s)                                                                                                          |
|            |        |      | , then reload the library. Else the library cell will be marked as timing model i.e. unusable. Timing_model means that the cell does  |
|            |        |      | not have any defined function. If there is no output pin, Genus will mark library cell as unusable i.e. the attribute 'usable' will   |
|            |        |      | be marked to 'false' on the libcell. Therefore, the cell is not used for mapping and it will not be picked up from the library for    |
|            |        |      | synthesis. If you query the attribute 'unusable_reason' on the libcell; result will be: 'Library cell has no output pins.'Note: The   |
|            |        |      | message LBR-9 is only for the logical pins and not for the power_ground pins. Genus will depend upon the output function defined in   |
|            |        |      | the pin group (output pin) of the cell, to use it for mapping. The pg_pin will not have any function defined.                         |
| LBR-41     |Info    |    2 |An output library pin lacks a function attribute.                                                                                      |
|            |        |      |If the remainder of this library cell's semantic checks are successful, it will be considered as a timing-model                        |
|            |        |      | (because one of its outputs does not have a valid function.                                                                           |
| LBR-109    |Info    |    1 |Set default library domain.                                                                                                            |
| LBR-155    |Info    | 2112 |Mismatch in unateness between 'timing_sense' attribute and the function.                                                               |
|            |        |      |The 'timing_sense' attribute will be respected.                                                                                        |
| LBR-161    |Info    |    1 |Setting the maximum print count of this message to 10 if information_level is less than 9.                                             |
| LBR-162    |Info    |  248 |Both 'pos_unate' and 'neg_unate' timing_sense arcs have been processed.                                                                |
|            |        |      |Setting the 'timing_sense' to non_unate.                                                                                               |
| LBR-412    |Info    |    2 |Created nominal operating condition.                                                                                                   |
|            |        |      |The nominal operating condition is represented, either by the nominal PVT values specified in the library source                       |
|            |        |      | (via nom_process,nom_voltage and nom_temperature respectively), or by the default PVT values (1.0,1.0,1.0).                           |
| LBR-518    |Info    |    2 |Missing a function attribute in the output pin definition.                                                                             |
| PHYS-129   |Info    |  119 |Via with no resistance will have a value of '0.0' assigned for resistance value.                                                       |
|            |        |      |If this is the expected behavior, this message can be ignored.                                                                         |
| PHYS-279   |Warning |  188 |Physical cell not defined in library.                                                                                                  |
|            |        |      |Ensure that the proper library files are available and have been imported.                                                             |
| PHYS-752   |Info    |    1 |Partition Based Synthesis execution skipped.                                                                                           |
| RTLOPT-40  |Info    |   54 |Transformed datapath macro.                                                                                                            |
| SYNTH-1    |Info    |    1 |Synthesizing.                                                                                                                          |
| TIM-1000   |Info    |    1 |Multimode clock gating check is disabled.                                                                                              |
| TUI-280    |Info    |    1 |An additional product license has been checked out.                                                                                    |
|            |        |      |The command 'license checkin' can be used to check the license back in when it is no longer needed.                                    |
----------------------------------------------------------------------------------------------------------------------------------------------------------------------
Current PLE settings:

Aspect ratio        : 1.000
Shrink factor       : 1.000
Scale of res/length : 1.000
Scale of cap/length : 1.000
Net derating factor : 1.000
Thermal factor      : 1.324
Via Resistance      : 0.600 ohm (from qrc_tech_file)
Site size           : 1.910 um (from lef [tech+cell])

                                    Capacitance  
   Layer                             / Length         Data source:
 Name        Direction Utilization  (pF/micron)       qrc_tech_file
-------------------------------------------------
metal1_conn      H         0.00        0.000367  
metal2_conn      V         1.00        0.000317  
metal3_conn      H         1.00        0.000315  
metal4_conn      V         1.00        0.000317  
metal5_conn      H         1.00        0.000317  
metal6_conn      V         1.00        0.000318  
metal7_conn      H         1.00        0.000318  
metal8_conn      V         1.00        0.000315  
metal9_conn      H         1.00        0.001755  
metal10_conn     V         1.00        0.000854  
metal11_conn     H         1.00        0.000739  

                                     Resistance   
   Layer                              / Length         Data source:
 Name        Direction Utilization  (ohm/micron)       qrc_tech_file
--------------------------------------------------
metal1_conn      H         0.00         1.900028  
metal2_conn      V         1.00         1.183743  
metal3_conn      H         1.00         1.183743  
metal4_conn      V         1.00         1.183743  
metal5_conn      H         1.00         1.183743  
metal6_conn      V         1.00         1.183743  
metal7_conn      H         1.00         1.183743  
metal8_conn      V         1.00         0.432387  
metal9_conn      H         1.00         0.432387  
metal10_conn     V         1.00         0.157232  
metal11_conn     H         1.00         0.158932  

                                         Area     
   Layer                               / Length        Data source:
 Name        Direction Utilization     (micron)        lef_library
--------------------------------------------------
Metal1           H         0.00         0.060000  
Metal2           V         1.00         0.080000  
Metal3           H         1.00         0.080000  
Metal4           V         1.00         0.080000  
Metal5           H         1.00         0.080000  
Metal6           V         1.00         0.080000  
Metal7           H         1.00         0.080000  
Metal8           V         1.00         0.080000  
Metal9           H         1.00         0.080000  
Metal10          V         1.00         0.220000  
Metal11          H         1.00         0.220000  

Mapper: Libraries have:
	domain worst: 324 combo usable cells and 84 sequential usable cells
Multi-threaded constant propagation [1|0] ...
Info    : Replacing the synchronous part of an always feeding back flip-flop with a logic constant. [GLO-45]
        : The instance is 'pipe_stage2_s_reg[6][23]'. The constant is '0'.
        : To prevent this optimization, set 'optimize_constant_feedback_seqs' root attribute to 'false'. The instance attribute 'optimize_constant_feedback_seq' controls this optimization. 
Info    : Replacing the synchronous part of an always feeding back flip-flop with a logic constant. [GLO-45]
        : The instance is 'pipe_stage2_s_reg[6][22]'. The constant is '0'.
Info    : Replacing the synchronous part of an always feeding back flip-flop with a logic constant. [GLO-45]
        : The instance is 'pipe_stage2_s_reg[6][21]'. The constant is '0'.
Info    : Replacing the synchronous part of an always feeding back flip-flop with a logic constant. [GLO-45]
        : The instance is 'pipe_stage2_s_reg[6][20]'. The constant is '0'.
Info    : Replacing the synchronous part of an always feeding back flip-flop with a logic constant. [GLO-45]
        : The instance is 'pipe_stage2_s_reg[6][19]'. The constant is '0'.
Info    : Replacing the synchronous part of an always feeding back flip-flop with a logic constant. [GLO-45]
        : The instance is 'pipe_stage2_s_reg[6][18]'. The constant is '0'.
Info    : Replacing the synchronous part of an always feeding back flip-flop with a logic constant. [GLO-45]
        : The instance is 'pipe_stage2_s_reg[6][17]'. The constant is '0'.
Info    : Replacing the synchronous part of an always feeding back flip-flop with a logic constant. [GLO-45]
        : The instance is 'pipe_stage2_s_reg[6][16]'. The constant is '0'.
Info    : Replacing the synchronous part of an always feeding back flip-flop with a logic constant. [GLO-45]
        : The instance is 'pipe_stage2_s_reg[6][15]'. The constant is '0'.
Info    : Replacing the synchronous part of an always feeding back flip-flop with a logic constant. [GLO-45]
        : The instance is 'pipe_stage2_s_reg[6][14]'. The constant is '0'.
Info    : Replacing the synchronous part of an always feeding back flip-flop with a logic constant. [GLO-45]
        : The instance is 'pipe_stage2_s_reg[6][13]'. The constant is '0'.
Info    : Replacing the synchronous part of an always feeding back flip-flop with a logic constant. [GLO-45]
        : The instance is 'pipe_stage2_s_reg[6][12]'. The constant is '0'.
Info    : Replacing the synchronous part of an always feeding back flip-flop with a logic constant. [GLO-45]
        : The instance is 'pipe_stage2_s_reg[6][11]'. The constant is '0'.
Info    : Replacing the synchronous part of an always feeding back flip-flop with a logic constant. [GLO-45]
        : The instance is 'pipe_stage2_s_reg[6][10]'. The constant is '0'.
Info    : Replacing the synchronous part of an always feeding back flip-flop with a logic constant. [GLO-45]
        : The instance is 'pipe_stage2_s_reg[6][9]'. The constant is '0'.
Info    : Replacing the synchronous part of an always feeding back flip-flop with a logic constant. [GLO-45]
        : The instance is 'pipe_stage2_s_reg[6][8]'. The constant is '0'.
Info    : Replacing the synchronous part of an always feeding back flip-flop with a logic constant. [GLO-45]
        : The instance is 'pipe_stage2_s_reg[6][7]'. The constant is '0'.
Info    : Replacing the synchronous part of an always feeding back flip-flop with a logic constant. [GLO-45]
        : The instance is 'pipe_stage2_s_reg[6][6]'. The constant is '0'.
Info    : Replacing the synchronous part of an always feeding back flip-flop with a logic constant. [GLO-45]
        : The instance is 'pipe_stage2_s_reg[6][5]'. The constant is '0'.
Info    : Replacing the synchronous part of an always feeding back flip-flop with a logic constant. [GLO-45]
        : The instance is 'pipe_stage2_s_reg[6][4]'. The constant is '0'.
Warning : Maximum message print count reached. [MESG-11]
        : Maximum print count of '20' reached for message 'GLO-45'.
Info    : Replacing a flip-flop with a logic constant 0. [GLO-12]
        : The instance is 'pipe_stage2_s_reg[1][0]'.
        : To prevent this optimization, set the 'optimize_constant_0_flops' root attribute to 'false' or 'optimize_constant_0_seq' instance attribute to 'false'. You can also see the complete list of deleted sequential with command "report sequential -deleted" (on Reason "constant0").
Info    : Replacing a flip-flop with a logic constant 0. [GLO-12]
        : The instance is 'pipe_stage2_s_reg[1][1]'.
Info    : Replacing a flip-flop with a logic constant 0. [GLO-12]
        : The instance is 'pipe_stage2_s_reg[1][2]'.
Info    : Replacing a flip-flop with a logic constant 0. [GLO-12]
        : The instance is 'pipe_stage2_s_reg[1][3]'.
Info    : Replacing a flip-flop with a logic constant 0. [GLO-12]
        : The instance is 'pipe_stage2_s_reg[2][0]'.
Info    : Replacing a flip-flop with a logic constant 0. [GLO-12]
        : The instance is 'pipe_stage2_s_reg[2][1]'.
Info    : Replacing a flip-flop with a logic constant 0. [GLO-12]
        : The instance is 'pipe_stage2_s_reg[2][2]'.
Info    : Replacing a flip-flop with a logic constant 0. [GLO-12]
        : The instance is 'pipe_stage2_s_reg[2][3]'.
Info    : Replacing a flip-flop with a logic constant 0. [GLO-12]
        : The instance is 'pipe_stage2_s_reg[2][4]'.
Info    : Replacing a flip-flop with a logic constant 0. [GLO-12]
        : The instance is 'pipe_stage2_s_reg[2][5]'.
Info    : Replacing a flip-flop with a logic constant 0. [GLO-12]
        : The instance is 'pipe_stage2_s_reg[2][6]'.
Info    : Replacing a flip-flop with a logic constant 0. [GLO-12]
        : The instance is 'pipe_stage2_s_reg[2][7]'.
Info    : Replacing a flip-flop with a logic constant 0. [GLO-12]
        : The instance is 'pipe_stage2_s_reg[3][0]'.
Info    : Replacing a flip-flop with a logic constant 0. [GLO-12]
        : The instance is 'pipe_stage2_s_reg[3][1]'.
Info    : Replacing a flip-flop with a logic constant 0. [GLO-12]
        : The instance is 'pipe_stage2_s_reg[3][2]'.
Info    : Replacing a flip-flop with a logic constant 0. [GLO-12]
        : The instance is 'pipe_stage2_s_reg[3][3]'.
Info    : Replacing a flip-flop with a logic constant 0. [GLO-12]
        : The instance is 'pipe_stage2_s_reg[3][4]'.
Info    : Replacing a flip-flop with a logic constant 0. [GLO-12]
        : The instance is 'pipe_stage2_s_reg[3][5]'.
Info    : Replacing a flip-flop with a logic constant 0. [GLO-12]
        : The instance is 'pipe_stage2_s_reg[3][6]'.
Info    : Replacing a flip-flop with a logic constant 0. [GLO-12]
        : The instance is 'pipe_stage2_s_reg[3][7]'.
Warning : Maximum message print count reached. [MESG-11]
        : Maximum print count of '20' reached for message 'GLO-12'.
Info    : Deleting instances not driving any primary outputs. [GLO-34]
        : Deleting 112 sequential instances.
        : Optimizations such as constant propagation or redundancy removal could change the connections so a hierarchical instance does not drive any primary outputs anymore. To see the list of deleted hierarchical instances, set the 'information_level' attribute to 2 or above. If the message is truncated set the message attribute 'truncate' to false to see the complete list. To prevent this optimization, set the 'delete_unloaded_insts' root/subdesign attribute to 'false' or 'preserve' instance attribute to 'true'.
Info    : Deleting instances not driving any primary outputs. [GLO-34]
        : Deleting 105 sequential instances.
Multi-threaded Virtual Mapping    (8 threads per ST process, 8 of 32 CPUs usable)
==================================
Stage : first_condense 
==================================
  =================
   Message Summary
  =================
----------------------------------------------------------------------------------------------------------------------------------------------------------------------
|   Id   |Sev  |Count |                                                                Message Text                                                                  |
----------------------------------------------------------------------------------------------------------------------------------------------------------------------
| GB-6   |Info |   57 |A datapath component has been ungrouped.                                                                                                      |
| GLO-12 |Info |  112 |Replacing a flip-flop with a logic constant 0.                                                                                                |
|        |     |      |To prevent this optimization, set the 'optimize_constant_0_flops' root attribute to 'false' or 'optimize_constant_0_seq' instance attribute   |
|        |     |      | to 'false'. You can also see the complete list of deleted sequential with command 'report sequential -deleted' (on Reason 'constant0').      |
| GLO-34 |Info |    2 |Deleting instances not driving any primary outputs.                                                                                           |
|        |     |      |Optimizations such as constant propagation or redundancy removal could change the connections so a hierarchical instance does not drive any   |
|        |     |      | primary outputs anymore. To see the list of deleted hierarchical instances, set the 'information_level' attribute to 2 or above. If the      |
|        |     |      | message is truncated set the message attribute 'truncate' to false to see the complete list. To prevent this optimization, set the           |
|        |     |      | 'delete_unloaded_insts' root/subdesign attribute to 'false' or 'preserve' instance attribute to 'true'.                                      |
| GLO-42 |Info |  105 |Equivalent sequential instances have been merged.                                                                                             |
|        |     |      |To prevent merging of sequential instances, set the 'optimize_merge_flops' and 'optimize_merge_latches' root attributes to 'false' or the     |
|        |     |      | 'optimize_merge_seq' instance attribute to 'false'.                                                                                          |
| GLO-45 |Info |  112 |Replacing the synchronous part of an always feeding back flip-flop with a logic constant.                                                     |
|        |     |      |To prevent this optimization, set 'optimize_constant_feedback_seqs' root attribute to 'false'. The instance attribute                         |
|        |     |      | 'optimize_constant_feedback_seq' controls this optimization.                                                                                 |
----------------------------------------------------------------------------------------------------------------------------------------------------------------------
 
Global mapping target info
==========================
Cost Group 'clk_i' target slack:    96 ps
Target path end-point (Port: biriscv_multiplier/writeback_value_o[17])


State Retention Synthesis Status
================================

Category                        Flops   Percentage
--------------------------------------------------
Total instances                   879        100.0
Excluded from State Retention     879        100.0
    - Will not convert            879        100.0
      - Preserved                   0          0.0
      - Power intent excluded     879        100.0
    - Could not convert             0          0.0
      - Scan type                   0          0.0
      - No suitable cell            0          0.0
State Retention instances           0          0.0
--------------------------------------------------

PBS_Generic_Opt-Post - Elapsed_Time 164, CPU_Time 165.029042
stamp 'PBS_Generic_Opt-Post' being created for table 'pbs_debug'

  Total Time (Wall) |  Stage Time (Wall)  |   % (Wall)   |    Date - Time     |  Memory   | Stage
--------------------+---------------------+--------------+--------------------+-----------+----------------------
 00:00:22(00:00:19) |  00:00:00(00:00:00) |   0.0(  0.0) |   15:58:36 (Nov04) |  492.0 MB | PBS_Generic-Start
--------------------+---------------------+--------------+--------------------+-----------+----------------------
 00:03:07(00:03:03) |  00:02:45(00:02:44) | 100.0(100.0) |   16:01:20 (Nov04) |   1.27 GB | PBS_Generic_Opt-Post
--------------------+---------------------+--------------+--------------------+-----------+----------------------
Number of threads: 8 * 1   (id: pbs_debug, time_info v1.57)
Info: (*N*) indicates data that was populated from previously saved time_info database
Info: CPU time includes time of parent + longest thread
PBS_Generic-Postgen HBO Optimizations - Elapsed_Time 0, CPU_Time 0.0
stamp 'PBS_Generic-Postgen HBO Optimizations' being created for table 'pbs_debug'

  Total Time (Wall) |  Stage Time (Wall)  |   % (Wall)   |    Date - Time     |  Memory   | Stage
--------------------+---------------------+--------------+--------------------+-----------+----------------------
 00:00:22(00:00:19) |  00:00:00(00:00:00) |   0.0(  0.0) |   15:58:36 (Nov04) |  492.0 MB | PBS_Generic-Start
--------------------+---------------------+--------------+--------------------+-----------+----------------------
 00:03:07(00:03:03) |  00:02:45(00:02:44) | 100.0(100.0) |   16:01:20 (Nov04) |   1.27 GB | PBS_Generic_Opt-Post
--------------------+---------------------+--------------+--------------------+-----------+----------------------
 00:03:07(00:03:03) |  00:00:00(00:00:00) |   0.0(  0.0) |   16:01:20 (Nov04) |   1.27 GB | PBS_Generic-Postgen HBO Optimizations
--------------------+---------------------+--------------+--------------------+-----------+----------------------
Number of threads: 8 * 1   (id: pbs_debug, time_info v1.57)
Info: (*N*) indicates data that was populated from previously saved time_info database
Info: CPU time includes time of parent + longest thread
##>=================== Cadence Confidential (Generic-Logical) ===================
##>=================== Cadence Confidential (Generic-Logical) ===================
##>Main Thread Summary:
##>----------------------------------------------------------------------------------------
##>STEP                           Elapsed       WNS       TNS     Insts      Area    Memory
##>----------------------------------------------------------------------------------------
##>G:Initial                            1         -         -     75918    188244       492
##>G:Setup                              0         -         -         -         -         -
##>G:Launch ST                          0         -         -         -         -         -
##>G:Design Partition                   0         -         -         -         -         -
##>G:Create Partition Netlists          0         -         -         -         -         -
##>G:Init Power                         0         -         -         -         -         -
##>G:Budgeting                          0         -         -         -         -         -
##>G:Derenv-DB                          0         -         -         -         -         -
##>G:Debug Outputs                      0         -         -         -         -         -
##>G:ST loading                         0         -         -         -         -         -
##>G:Distributed                        0         -         -         -         -         -
##>G:Timer                              0         -         -         -         -         -
##>G:Assembly                           0         -         -         -         -         -
##>G:DFT                                0         -         -         -         -         -
##>G:Const Prop                         0         -         -     14366     44216      1266
##>G:Misc                             164
##>----------------------------------------------------------------------------------------
##>Total Elapsed                      165
##>========================================================================================
Info    : Done synthesizing. [SYNTH-2]
        : Done synthesizing 'biriscv_multiplier' to generic gates.
      flow.cputime  flow.realtime  timing.setup.tns  timing.setup.wns  snapshot
UM:*                                                                   syn_gen
@file(biriscv_multiplier.tcl) 120: syn_map ${HDL_NAME} 
##Generic Timing Info for library domain: worst typical gate delay: 152.5 ps std_slew: 18.2 ps std_load: 1.0 fF
Current PLE settings:

Aspect ratio        : 1.000
Shrink factor       : 1.000
Scale of res/length : 1.000
Scale of cap/length : 1.000
Net derating factor : 1.000
Thermal factor      : 1.324
Via Resistance      : 0.600 ohm (from qrc_tech_file)
Site size           : 1.910 um (from lef [tech+cell])

                                    Capacitance  
   Layer                             / Length         Data source:
 Name        Direction Utilization  (pF/micron)       qrc_tech_file
-------------------------------------------------
metal1_conn      H         0.00        0.000367  
metal2_conn      V         1.00        0.000317  
metal3_conn      H         1.00        0.000315  
metal4_conn      V         1.00        0.000317  
metal5_conn      H         1.00        0.000317  
metal6_conn      V         1.00        0.000318  
metal7_conn      H         1.00        0.000318  
metal8_conn      V         1.00        0.000315  
metal9_conn      H         1.00        0.001755  
metal10_conn     V         1.00        0.000854  
metal11_conn     H         1.00        0.000739  

                                     Resistance   
   Layer                              / Length         Data source:
 Name        Direction Utilization  (ohm/micron)       qrc_tech_file
--------------------------------------------------
metal1_conn      H         0.00         1.900028  
metal2_conn      V         1.00         1.183743  
metal3_conn      H         1.00         1.183743  
metal4_conn      V         1.00         1.183743  
metal5_conn      H         1.00         1.183743  
metal6_conn      V         1.00         1.183743  
metal7_conn      H         1.00         1.183743  
metal8_conn      V         1.00         0.432387  
metal9_conn      H         1.00         0.432387  
metal10_conn     V         1.00         0.157232  
metal11_conn     H         1.00         0.158932  

                                         Area     
   Layer                               / Length        Data source:
 Name        Direction Utilization     (micron)        lef_library
--------------------------------------------------
Metal1           H         0.00         0.060000  
Metal2           V         1.00         0.080000  
Metal3           H         1.00         0.080000  
Metal4           V         1.00         0.080000  
Metal5           H         1.00         0.080000  
Metal6           V         1.00         0.080000  
Metal7           H         1.00         0.080000  
Metal8           V         1.00         0.080000  
Metal9           H         1.00         0.080000  
Metal10          V         1.00         0.220000  
Metal11          H         1.00         0.220000  

Info    : Mapping. [SYNTH-4]
        : Mapping 'biriscv_multiplier' using 'high' effort.
Mapper: Libraries have:
	domain worst: 324 combo usable cells and 84 sequential usable cells
Configuring mapper costing (none)
TNS Restructuring config: no_value at stage: map applied.
PBS_TechMap-Start - Elapsed_Time 0, CPU_Time 0.0
stamp 'PBS_TechMap-Start' being created for table 'pbs_debug'

  Total Time (Wall) |  Stage Time (Wall)  |   % (Wall)   |    Date - Time     |  Memory   | Stage
--------------------+---------------------+--------------+--------------------+-----------+----------------------
 00:00:22(00:00:19) |  00:00:00(00:00:00) |   0.0(  0.0) |   15:58:36 (Nov04) |  492.0 MB | PBS_Generic-Start
--------------------+---------------------+--------------+--------------------+-----------+----------------------
 00:03:07(00:03:03) |  00:02:45(00:02:44) |  99.4( 99.4) |   16:01:20 (Nov04) |   1.27 GB | PBS_Generic_Opt-Post
--------------------+---------------------+--------------+--------------------+-----------+----------------------
 00:03:07(00:03:03) |  00:00:00(00:00:00) |   0.0(  0.0) |   16:01:20 (Nov04) |   1.27 GB | PBS_Generic-Postgen HBO Optimizations
--------------------+---------------------+--------------+--------------------+-----------+----------------------
 00:03:08(00:03:04) |  00:00:01(00:00:01) |   0.6(  0.6) |   16:01:21 (Nov04) |   1.27 GB | PBS_TechMap-Start
--------------------+---------------------+--------------+--------------------+-----------+----------------------
Number of threads: 8 * 1   (id: pbs_debug, time_info v1.57)
Info: (*N*) indicates data that was populated from previously saved time_info database
Info: CPU time includes time of parent + longest thread
PBS_TechMap-Premap HBO Optimizations - Elapsed_Time 1, CPU_Time 0.0
stamp 'PBS_TechMap-Premap HBO Optimizations' being created for table 'pbs_debug'

  Total Time (Wall) |  Stage Time (Wall)  |   % (Wall)   |    Date - Time     |  Memory   | Stage
--------------------+---------------------+--------------+--------------------+-----------+----------------------
 00:00:22(00:00:19) |  00:00:00(00:00:00) |   0.0(  0.0) |   15:58:36 (Nov04) |  492.0 MB | PBS_Generic-Start
--------------------+---------------------+--------------+--------------------+-----------+----------------------
 00:03:07(00:03:03) |  00:02:45(00:02:44) |  99.4( 98.8) |   16:01:20 (Nov04) |   1.27 GB | PBS_Generic_Opt-Post
--------------------+---------------------+--------------+--------------------+-----------+----------------------
 00:03:07(00:03:03) |  00:00:00(00:00:00) |   0.0(  0.0) |   16:01:20 (Nov04) |   1.27 GB | PBS_Generic-Postgen HBO Optimizations
--------------------+---------------------+--------------+--------------------+-----------+----------------------
 00:03:08(00:03:04) |  00:00:01(00:00:01) |   0.6(  0.6) |   16:01:21 (Nov04) |   1.27 GB | PBS_TechMap-Start
--------------------+---------------------+--------------+--------------------+-----------+----------------------
 00:03:08(00:03:05) |  00:00:00(00:00:01) |   0.0(  0.6) |   16:01:22 (Nov04) |   1.27 GB | PBS_TechMap-Premap HBO Optimizations
--------------------+---------------------+--------------+--------------------+-----------+----------------------
Number of threads: 8 * 1   (id: pbs_debug, time_info v1.57)
Info: (*N*) indicates data that was populated from previously saved time_info database
Info: CPU time includes time of parent + longest thread
Info    : Partition Based Synthesis execution skipped. [PHYS-752]
        : Design size is less than the partition size '100000' for distributed mapping optimization to kick in.
Current PLE settings:

Aspect ratio        : 1.000
Shrink factor       : 1.000
Scale of res/length : 1.000
Scale of cap/length : 1.000
Net derating factor : 1.000
Thermal factor      : 1.324
Via Resistance      : 0.600 ohm (from qrc_tech_file)
Site size           : 1.910 um (from lef [tech+cell])

                                    Capacitance  
   Layer                             / Length         Data source:
 Name        Direction Utilization  (pF/micron)       qrc_tech_file
-------------------------------------------------
metal1_conn      H         0.00        0.000367  
metal2_conn      V         1.00        0.000317  
metal3_conn      H         1.00        0.000315  
metal4_conn      V         1.00        0.000317  
metal5_conn      H         1.00        0.000317  
metal6_conn      V         1.00        0.000318  
metal7_conn      H         1.00        0.000318  
metal8_conn      V         1.00        0.000315  
metal9_conn      H         1.00        0.001755  
metal10_conn     V         1.00        0.000854  
metal11_conn     H         1.00        0.000739  

                                     Resistance   
   Layer                              / Length         Data source:
 Name        Direction Utilization  (ohm/micron)       qrc_tech_file
--------------------------------------------------
metal1_conn      H         0.00         1.900028  
metal2_conn      V         1.00         1.183743  
metal3_conn      H         1.00         1.183743  
metal4_conn      V         1.00         1.183743  
metal5_conn      H         1.00         1.183743  
metal6_conn      V         1.00         1.183743  
metal7_conn      H         1.00         1.183743  
metal8_conn      V         1.00         0.432387  
metal9_conn      H         1.00         0.432387  
metal10_conn     V         1.00         0.157232  
metal11_conn     H         1.00         0.158932  

                                         Area     
   Layer                               / Length        Data source:
 Name        Direction Utilization     (micron)        lef_library
--------------------------------------------------
Metal1           H         0.00         0.060000  
Metal2           V         1.00         0.080000  
Metal3           H         1.00         0.080000  
Metal4           V         1.00         0.080000  
Metal5           H         1.00         0.080000  
Metal6           V         1.00         0.080000  
Metal7           H         1.00         0.080000  
Metal8           V         1.00         0.080000  
Metal9           H         1.00         0.080000  
Metal10          V         1.00         0.220000  
Metal11          H         1.00         0.220000  

Mapper: Libraries have:
	domain worst: 324 combo usable cells and 84 sequential usable cells
Multi-threaded Virtual Mapping    (8 threads per ST process, 8 of 32 CPUs usable)
 
Global mapping target info
==========================
Cost Group 'clk_i' target slack:    96 ps
Target path end-point (Port: biriscv_multiplier/writeback_value_o[31])

Multi-threaded Technology Mapping (8 threads per ST process, 8 of 32 CPUs usable)
 
Global mapping status
=====================
                                   Group   
                                  Tot Wrst 
                           Total  Weighted 
Operation                   Area   Slacks  
 global_map                33673      -84 
            Worst cost_group: clk_i, WNS: -84.4
            Path: pipe_stage2_s_reg[0][36]/CK --> writeback_value_o[23]

    Cost Group            Target    Slack    Diff.  Constr.
-----------------------------------------------------------
         clk_i                96      -84      -5%     3700 

 
Global incremental target info
==============================
Cost Group 'clk_i' target slack:   -84 ps
Target path end-point (Port: biriscv_multiplier/writeback_value_o[26])

==================================
Stage : global_incr_map 
==================================
  =================
   Message Summary
  =================
---------------------------------------------------------------------------------------------------
|    Id    |Sev  |Count |                              Message Text                               |
---------------------------------------------------------------------------------------------------
| GB-6     |Info |   16 |A datapath component has been ungrouped.                                 |
| LBR-155  |Info |  528 |Mismatch in unateness between 'timing_sense' attribute and the function. |
|          |     |      |The 'timing_sense' attribute will be respected.                          |
| PA-7     |Info |   28 |Resetting power analysis results.                                        |
|          |     |      |All computed switching activities are removed.                           |
| PHYS-752 |Info |    1 |Partition Based Synthesis execution skipped.                             |
| SYNTH-2  |Info |    1 |Done synthesizing.                                                       |
| SYNTH-4  |Info |    1 |Mapping.                                                                 |
---------------------------------------------------------------------------------------------------
 
Global incremental optimization status
======================================
                                   Group   
                                  Tot Wrst 
                           Total  Weighted 
Operation                   Area   Slacks  
 global_incr               30995      -65 
            Worst cost_group: clk_i, WNS: -65.6
            Path: pipe_stage2_s_reg[0][36]/CK --> writeback_value_o[27]

    Cost Group            Target    Slack    Diff.  Constr.
-----------------------------------------------------------
         clk_i               -84      -66      +0%     3700 


State Retention Synthesis Status
================================

Category                        Flops   Percentage
--------------------------------------------------
Total instances                   879        100.0
Excluded from State Retention     879        100.0
    - Will not convert            879        100.0
      - Preserved                   0          0.0
      - Power intent excluded     879        100.0
    - Could not convert             0          0.0
      - Scan type                   0          0.0
      - No suitable cell            0          0.0
State Retention instances           0          0.0
--------------------------------------------------

INFO: skipping constant propagation
PBS_Techmap-Global Mapping - Elapsed_Time 58, CPU_Time 59.61982699999996
stamp 'PBS_Techmap-Global Mapping' being created for table 'pbs_debug'

  Total Time (Wall) |  Stage Time (Wall)  |   % (Wall)   |    Date - Time     |  Memory   | Stage
--------------------+---------------------+--------------+--------------------+-----------+----------------------
 00:00:22(00:00:19) |  00:00:00(00:00:00) |   0.0(  0.0) |   15:58:36 (Nov04) |  492.0 MB | PBS_Generic-Start
--------------------+---------------------+--------------+--------------------+-----------+----------------------
 00:03:07(00:03:03) |  00:02:45(00:02:44) |  73.1( 73.2) |   16:01:20 (Nov04) |   1.27 GB | PBS_Generic_Opt-Post
--------------------+---------------------+--------------+--------------------+-----------+----------------------
 00:03:07(00:03:03) |  00:00:00(00:00:00) |   0.0(  0.0) |   16:01:20 (Nov04) |   1.27 GB | PBS_Generic-Postgen HBO Optimizations
--------------------+---------------------+--------------+--------------------+-----------+----------------------
 00:03:08(00:03:04) |  00:00:01(00:00:01) |   0.4(  0.4) |   16:01:21 (Nov04) |   1.27 GB | PBS_TechMap-Start
--------------------+---------------------+--------------+--------------------+-----------+----------------------
 00:03:08(00:03:05) |  00:00:00(00:00:01) |   0.0(  0.4) |   16:01:22 (Nov04) |   1.27 GB | PBS_TechMap-Premap HBO Optimizations
--------------------+---------------------+--------------+--------------------+-----------+----------------------
 00:04:08(00:04:03) |  00:00:59(00:00:58) |  26.4( 25.9) |   16:02:20 (Nov04) |   1.26 GB | PBS_Techmap-Global Mapping
--------------------+---------------------+--------------+--------------------+-----------+----------------------
Number of threads: 8 * 1   (id: pbs_debug, time_info v1.57)
Info: (*N*) indicates data that was populated from previously saved time_info database
Info: CPU time includes time of parent + longest thread
Info    : Wrote formal verification information. [CFM-5]
        : Wrote 'fv/biriscv_multiplier/fv_map.fv.json' for netlist 'fv/biriscv_multiplier/fv_map.v.gz'.
Info    : Existing dofile found. Copied as fv/biriscv_multiplier/rtl_to_fv_map.do~.
Info    : Wrote dofile. [CFM-1]
        : Dofile is 'fv/biriscv_multiplier/rtl_to_fv_map.do'.
        : Alias mapping flow is enabled.
PBS_TechMap-Datapath Postmap Operations - Elapsed_Time 3, CPU_Time 2.931843999999984
stamp 'PBS_TechMap-Datapath Postmap Operations' being created for table 'pbs_debug'

  Total Time (Wall) |  Stage Time (Wall)  |   % (Wall)   |    Date - Time     |  Memory   | Stage
--------------------+---------------------+--------------+--------------------+-----------+----------------------
 00:00:22(00:00:19) |  00:00:00(00:00:00) |   0.0(  0.0) |   15:58:36 (Nov04) |  492.0 MB | PBS_Generic-Start
--------------------+---------------------+--------------+--------------------+-----------+----------------------
 00:03:07(00:03:03) |  00:02:45(00:02:44) |  72.2( 72.2) |   16:01:20 (Nov04) |   1.27 GB | PBS_Generic_Opt-Post
--------------------+---------------------+--------------+--------------------+-----------+----------------------
 00:03:07(00:03:03) |  00:00:00(00:00:00) |   0.0(  0.0) |   16:01:20 (Nov04) |   1.27 GB | PBS_Generic-Postgen HBO Optimizations
--------------------+---------------------+--------------+--------------------+-----------+----------------------
 00:03:08(00:03:04) |  00:00:01(00:00:01) |   0.4(  0.4) |   16:01:21 (Nov04) |   1.27 GB | PBS_TechMap-Start
--------------------+---------------------+--------------+--------------------+-----------+----------------------
 00:03:08(00:03:05) |  00:00:00(00:00:01) |   0.0(  0.4) |   16:01:22 (Nov04) |   1.27 GB | PBS_TechMap-Premap HBO Optimizations
--------------------+---------------------+--------------+--------------------+-----------+----------------------
 00:04:08(00:04:03) |  00:00:59(00:00:58) |  26.1( 25.6) |   16:02:20 (Nov04) |   1.26 GB | PBS_Techmap-Global Mapping
--------------------+---------------------+--------------+--------------------+-----------+----------------------
 00:04:11(00:04:06) |  00:00:02(00:00:03) |   1.3(  1.3) |   16:02:23 (Nov04) |   1.26 GB | PBS_TechMap-Datapath Postmap Operations
--------------------+---------------------+--------------+--------------------+-----------+----------------------
Number of threads: 8 * 1   (id: pbs_debug, time_info v1.57)
Info: (*N*) indicates data that was populated from previously saved time_info database
Info: CPU time includes time of parent + longest thread
PBS_TechMap-Postmap HBO Optimizations - Elapsed_Time 0, CPU_Time -0.060244999999980564
stamp 'PBS_TechMap-Postmap HBO Optimizations' being created for table 'pbs_debug'

  Total Time (Wall) |  Stage Time (Wall)  |   % (Wall)   |    Date - Time     |  Memory   | Stage
--------------------+---------------------+--------------+--------------------+-----------+----------------------
 00:00:22(00:00:19) |  00:00:00(00:00:00) |   0.0(  0.0) |   15:58:36 (Nov04) |  492.0 MB | PBS_Generic-Start
--------------------+---------------------+--------------+--------------------+-----------+----------------------
 00:03:07(00:03:03) |  00:02:45(00:02:44) |  72.2( 72.2) |   16:01:20 (Nov04) |   1.27 GB | PBS_Generic_Opt-Post
--------------------+---------------------+--------------+--------------------+-----------+----------------------
 00:03:07(00:03:03) |  00:00:00(00:00:00) |   0.0(  0.0) |   16:01:20 (Nov04) |   1.27 GB | PBS_Generic-Postgen HBO Optimizations
--------------------+---------------------+--------------+--------------------+-----------+----------------------
 00:03:08(00:03:04) |  00:00:01(00:00:01) |   0.4(  0.4) |   16:01:21 (Nov04) |   1.27 GB | PBS_TechMap-Start
--------------------+---------------------+--------------+--------------------+-----------+----------------------
 00:03:08(00:03:05) |  00:00:00(00:00:01) |   0.0(  0.4) |   16:01:22 (Nov04) |   1.27 GB | PBS_TechMap-Premap HBO Optimizations
--------------------+---------------------+--------------+--------------------+-----------+----------------------
 00:04:08(00:04:03) |  00:00:59(00:00:58) |  26.1( 25.6) |   16:02:20 (Nov04) |   1.26 GB | PBS_Techmap-Global Mapping
--------------------+---------------------+--------------+--------------------+-----------+----------------------
 00:04:11(00:04:06) |  00:00:02(00:00:03) |   1.3(  1.3) |   16:02:23 (Nov04) |   1.26 GB | PBS_TechMap-Datapath Postmap Operations
--------------------+---------------------+--------------+--------------------+-----------+----------------------
 00:04:11(00:04:06) |  00:00:00(00:00:00) |  -0.0(  0.0) |   16:02:23 (Nov04) |   1.26 GB | PBS_TechMap-Postmap HBO Optimizations
--------------------+---------------------+--------------+--------------------+-----------+----------------------
Number of threads: 8 * 1   (id: pbs_debug, time_info v1.57)
Info: (*N*) indicates data that was populated from previously saved time_info database
Info: CPU time includes time of parent + longest thread
 Doing ConstProp on design:biriscv_multiplier ... 

Time taken by ConstProp Step: 00:00:00
PBS_TechMap-Postmap Clock Gating - Elapsed_Time 1, CPU_Time 1.0
stamp 'PBS_TechMap-Postmap Clock Gating' being created for table 'pbs_debug'

  Total Time (Wall) |  Stage Time (Wall)  |   % (Wall)   |    Date - Time     |  Memory   | Stage
--------------------+---------------------+--------------+--------------------+-----------+----------------------
 00:00:22(00:00:19) |  00:00:00(00:00:00) |   0.0(  0.0) |   15:58:36 (Nov04) |  492.0 MB | PBS_Generic-Start
--------------------+---------------------+--------------+--------------------+-----------+----------------------
 00:03:07(00:03:03) |  00:02:45(00:02:44) |  71.9( 71.9) |   16:01:20 (Nov04) |   1.27 GB | PBS_Generic_Opt-Post
--------------------+---------------------+--------------+--------------------+-----------+----------------------
 00:03:07(00:03:03) |  00:00:00(00:00:00) |   0.0(  0.0) |   16:01:20 (Nov04) |   1.27 GB | PBS_Generic-Postgen HBO Optimizations
--------------------+---------------------+--------------+--------------------+-----------+----------------------
 00:03:08(00:03:04) |  00:00:01(00:00:01) |   0.4(  0.4) |   16:01:21 (Nov04) |   1.27 GB | PBS_TechMap-Start
--------------------+---------------------+--------------+--------------------+-----------+----------------------
 00:03:08(00:03:05) |  00:00:00(00:00:01) |   0.0(  0.4) |   16:01:22 (Nov04) |   1.27 GB | PBS_TechMap-Premap HBO Optimizations
--------------------+---------------------+--------------+--------------------+-----------+----------------------
 00:04:08(00:04:03) |  00:00:59(00:00:58) |  26.0( 25.4) |   16:02:20 (Nov04) |   1.26 GB | PBS_Techmap-Global Mapping
--------------------+---------------------+--------------+--------------------+-----------+----------------------
 00:04:11(00:04:06) |  00:00:02(00:00:03) |   1.3(  1.3) |   16:02:23 (Nov04) |   1.26 GB | PBS_TechMap-Datapath Postmap Operations
--------------------+---------------------+--------------+--------------------+-----------+----------------------
 00:04:11(00:04:06) |  00:00:00(00:00:00) |  -0.0(  0.0) |   16:02:23 (Nov04) |   1.26 GB | PBS_TechMap-Postmap HBO Optimizations
--------------------+---------------------+--------------+--------------------+-----------+----------------------
 00:04:12(00:04:07) |  00:00:01(00:00:01) |   0.4(  0.4) |   16:02:24 (Nov04) |   1.26 GB | PBS_TechMap-Postmap Clock Gating
--------------------+---------------------+--------------+--------------------+-----------+----------------------
Number of threads: 8 * 1   (id: pbs_debug, time_info v1.57)
Info: (*N*) indicates data that was populated from previously saved time_info database
Info: CPU time includes time of parent + longest thread
-------------------------------------------------------------------------------
 hi_fo_buf                 30977      -65      -669      2308        0
            Worst cost_group: clk_i, WNS: -65.6
            Path: pipe_stage2_s_reg[0][36]/CK --> writeback_value_o[27]

           Trick     Calls     Accepts   Attempts    Time(secs) 
-----------------------------------------------------------
       hi_fo_buf         0  (        0 /        0 )  0.00

 
Incremental optimization status
===============================
                                   Group   
                                  Tot Wrst     Total - - DRC Totals - -
                           Total  Weighted      Neg      Max       Max 
Operation                   Area   Slacks      Slack    Trans      Cap 
 init_delay                30977      -65      -669      2308        0
            Worst cost_group: clk_i, WNS: -65.6
            Path: pipe_stage2_s_reg[0][36]/CK --> writeback_value_o[27]
 incr_delay                31013      -26      -257      2308        0
            Worst cost_group: clk_i, WNS: -26.2
            Path: pipe_stage2_s_reg[1][40]/CK --> writeback_value_o[30]
 incr_delay                31024      -14      -157      2308        0
            Worst cost_group: clk_i, WNS: -14.2
            Path: pipe_stage2_s_reg[1][40]/CK --> writeback_value_o[28]
 incr_delay                31052      -11       -98      2308        0
            Worst cost_group: clk_i, WNS: -11.5
            Path: pipe_stage2_s_reg[0][36]/CK --> writeback_value_o[25]
 incr_delay                31102       -3       -12      2308        0
            Worst cost_group: clk_i, WNS: -3.1
            Path: pipe_stage2_s_reg[1][40]/CK --> writeback_value_o[28]
 incr_delay                31104        0         0      2308        0

           Trick     Calls     Accepts   Attempts    Time(secs) 
-----------------------------------------------------------
       crit_upsz       258  (       63 /       63 )  0.21
    plc_bal_star         0  (        0 /        0 )  0.00
     drc_buftimb         0  (        0 /        0 )  0.00
          plc_st        74  (        0 /        0 )  0.00
    plc_st_fence        74  (        0 /        0 )  0.00
        plc_star        74  (        0 /        0 )  0.00
      plc_laf_st        74  (        0 /        0 )  0.00
 plc_laf_st_fence        74  (        0 /        0 )  0.00
     drc_buftims         0  (        0 /        0 )  0.00
            fopt       118  (        7 /        8 )  0.21
   plc_laf_lo_st        73  (        0 /        0 )  0.00
       plc_lo_st        73  (        0 /        0 )  0.00
        mb_split        73  (        0 /        0 )  0.00

 
Local TNS optimization status
=============================
                                   Group   
                                  Tot Wrst     Total - - DRC Totals - -
                           Total  Weighted      Neg      Max       Max 
Operation                   Area   Slacks      Slack    Trans      Cap 
 init_tns                  31104        0         0      2308        0

           Trick     Calls     Accepts   Attempts    Time(secs) 
-----------------------------------------------------------
    plc_bal_star         0  (        0 /        0 )  0.00
     drc_buftimb         0  (        0 /        0 )  0.00
     drc_buftims         0  (        0 /        0 )  0.00
       crit_upsz         0  (        0 /        0 )  0.00
   plc_laf_lo_st         0  (        0 /        0 )  0.00
       plc_lo_st         0  (        0 /        0 )  0.00
            fopt         0  (        0 /        0 )  0.00
       crit_dnsz         0  (        0 /        0 )  0.00
             dup         0  (        0 /        0 )  0.00
        setup_dn         0  (        0 /        0 )  0.00
        mb_split         0  (        0 /        0 )  0.00

PBS_TechMap-Postmap Cleanup - Elapsed_Time 1, CPU_Time 0.9345780000000161
stamp 'PBS_TechMap-Postmap Cleanup' being created for table 'pbs_debug'

  Total Time (Wall) |  Stage Time (Wall)  |   % (Wall)   |    Date - Time     |  Memory   | Stage
--------------------+---------------------+--------------+--------------------+-----------+----------------------
 00:00:22(00:00:19) |  00:00:00(00:00:00) |   0.0(  0.0) |   15:58:36 (Nov04) |  492.0 MB | PBS_Generic-Start
--------------------+---------------------+--------------+--------------------+-----------+----------------------
 00:03:07(00:03:03) |  00:02:45(00:02:44) |  71.6( 71.6) |   16:01:20 (Nov04) |   1.27 GB | PBS_Generic_Opt-Post
--------------------+---------------------+--------------+--------------------+-----------+----------------------
 00:03:07(00:03:03) |  00:00:00(00:00:00) |   0.0(  0.0) |   16:01:20 (Nov04) |   1.27 GB | PBS_Generic-Postgen HBO Optimizations
--------------------+---------------------+--------------+--------------------+-----------+----------------------
 00:03:08(00:03:04) |  00:00:01(00:00:01) |   0.4(  0.4) |   16:01:21 (Nov04) |   1.27 GB | PBS_TechMap-Start
--------------------+---------------------+--------------+--------------------+-----------+----------------------
 00:03:08(00:03:05) |  00:00:00(00:00:01) |   0.0(  0.4) |   16:01:22 (Nov04) |   1.27 GB | PBS_TechMap-Premap HBO Optimizations
--------------------+---------------------+--------------+--------------------+-----------+----------------------
 00:04:08(00:04:03) |  00:00:59(00:00:58) |  25.9( 25.3) |   16:02:20 (Nov04) |   1.26 GB | PBS_Techmap-Global Mapping
--------------------+---------------------+--------------+--------------------+-----------+----------------------
 00:04:11(00:04:06) |  00:00:02(00:00:03) |   1.3(  1.3) |   16:02:23 (Nov04) |   1.26 GB | PBS_TechMap-Datapath Postmap Operations
--------------------+---------------------+--------------+--------------------+-----------+----------------------
 00:04:11(00:04:06) |  00:00:00(00:00:00) |  -0.0(  0.0) |   16:02:23 (Nov04) |   1.26 GB | PBS_TechMap-Postmap HBO Optimizations
--------------------+---------------------+--------------+--------------------+-----------+----------------------
 00:04:12(00:04:07) |  00:00:01(00:00:01) |   0.4(  0.4) |   16:02:24 (Nov04) |   1.26 GB | PBS_TechMap-Postmap Clock Gating
--------------------+---------------------+--------------+--------------------+-----------+----------------------
 00:04:13(00:04:08) |  00:00:00(00:00:01) |   0.4(  0.4) |   16:02:25 (Nov04) |   1.26 GB | PBS_TechMap-Postmap Cleanup
--------------------+---------------------+--------------+--------------------+-----------+----------------------
Number of threads: 8 * 1   (id: pbs_debug, time_info v1.57)
Info: (*N*) indicates data that was populated from previously saved time_info database
Info: CPU time includes time of parent + longest thread
PBS_Techmap-Post_MBCI - Elapsed_Time 0, CPU_Time 0.0
stamp 'PBS_Techmap-Post_MBCI' being created for table 'pbs_debug'

  Total Time (Wall) |  Stage Time (Wall)  |   % (Wall)   |    Date - Time     |  Memory   | Stage
--------------------+---------------------+--------------+--------------------+-----------+----------------------
 00:00:22(00:00:19) |  00:00:00(00:00:00) |   0.0(  0.0) |   15:58:36 (Nov04) |  492.0 MB | PBS_Generic-Start
--------------------+---------------------+--------------+--------------------+-----------+----------------------
 00:03:07(00:03:03) |  00:02:45(00:02:44) |  71.6( 71.6) |   16:01:20 (Nov04) |   1.27 GB | PBS_Generic_Opt-Post
--------------------+---------------------+--------------+--------------------+-----------+----------------------
 00:03:07(00:03:03) |  00:00:00(00:00:00) |   0.0(  0.0) |   16:01:20 (Nov04) |   1.27 GB | PBS_Generic-Postgen HBO Optimizations
--------------------+---------------------+--------------+--------------------+-----------+----------------------
 00:03:08(00:03:04) |  00:00:01(00:00:01) |   0.4(  0.4) |   16:01:21 (Nov04) |   1.27 GB | PBS_TechMap-Start
--------------------+---------------------+--------------+--------------------+-----------+----------------------
 00:03:08(00:03:05) |  00:00:00(00:00:01) |   0.0(  0.4) |   16:01:22 (Nov04) |   1.27 GB | PBS_TechMap-Premap HBO Optimizations
--------------------+---------------------+--------------+--------------------+-----------+----------------------
 00:04:08(00:04:03) |  00:00:59(00:00:58) |  25.9( 25.3) |   16:02:20 (Nov04) |   1.26 GB | PBS_Techmap-Global Mapping
--------------------+---------------------+--------------+--------------------+-----------+----------------------
 00:04:11(00:04:06) |  00:00:02(00:00:03) |   1.3(  1.3) |   16:02:23 (Nov04) |   1.26 GB | PBS_TechMap-Datapath Postmap Operations
--------------------+---------------------+--------------+--------------------+-----------+----------------------
 00:04:11(00:04:06) |  00:00:00(00:00:00) |  -0.0(  0.0) |   16:02:23 (Nov04) |   1.26 GB | PBS_TechMap-Postmap HBO Optimizations
--------------------+---------------------+--------------+--------------------+-----------+----------------------
 00:04:12(00:04:07) |  00:00:01(00:00:01) |   0.4(  0.4) |   16:02:24 (Nov04) |   1.26 GB | PBS_TechMap-Postmap Clock Gating
--------------------+---------------------+--------------+--------------------+-----------+----------------------
 00:04:13(00:04:08) |  00:00:00(00:00:01) |   0.4(  0.4) |   16:02:25 (Nov04) |   1.26 GB | PBS_TechMap-Postmap Cleanup
--------------------+---------------------+--------------+--------------------+-----------+----------------------
 00:04:13(00:04:08) |  00:00:00(00:00:00) |   0.0(  0.0) |   16:02:25 (Nov04) |   1.26 GB | PBS_Techmap-Post_MBCI
--------------------+---------------------+--------------+--------------------+-----------+----------------------
Number of threads: 8 * 1   (id: pbs_debug, time_info v1.57)
Info: (*N*) indicates data that was populated from previously saved time_info database
Info: CPU time includes time of parent + longest thread
##>=================== Cadence Confidential (Mapping-Logical) ===================
##>Main Thread Summary:
##>----------------------------------------------------------------------------------------
##>STEP                           Elapsed       WNS       TNS     Insts      Area    Memory
##>----------------------------------------------------------------------------------------
##>M:Initial                            0         -         -     14366     44216      1266
##>M:Pre Cleanup                        0         -         -     14366     44216      1266
##>M:Setup                              0         -         -         -         -         -
##>M:Launch ST                          0         -         -         -         -         -
##>M:Design Partition                   0         -         -         -         -         -
##>M:Create Partition Netlists          0         -         -         -         -         -
##>M:Init Power                         0         -         -         -         -         -
##>M:Budgeting                          0         -         -         -         -         -
##>M:Derenv-DB                          0         -         -         -         -         -
##>M:Debug Outputs                      0         -         -         -         -         -
##>M:ST loading                         0         -         -         -         -         -
##>M:Distributed                        0         -         -         -         -         -
##>M:Timer                              0         -         -         -         -         -
##>M:Assembly                           0         -         -         -         -         -
##>M:DFT                                0         -         -         -         -         -
##>M:DP Operations                      3         -         -      7615     21815      1257
##>M:Const Prop                         0       -65       669      7615     21815      1257
##>M:Cleanup                            1         2         0      7630     21915      1257
##>M:MBCI                               0         -         -      7630     21915      1257
##>M:Const Gate Removal                 0         -         -         -         -         -
##>M:Misc                              60
##>----------------------------------------------------------------------------------------
##>Total Elapsed                       64
##>========================================================================================
Info    : Done mapping. [SYNTH-5]
        : Done mapping 'biriscv_multiplier'.
      flow.cputime  flow.realtime  timing.setup.tns  timing.setup.wns  snapshot
UM:*                                                                   syn_map
@file(biriscv_multiplier.tcl) 121: get_db insts .base_cell.name -u ;# List all cell names used in the current design.
@file(biriscv_multiplier.tcl) 127: report_design_rules ;# > ${RPT_DIR}/${HDL_NAME}_drc.rpt
============================================================
  Generated by:           Genus(TM) Synthesis Solution 21.18-s082_1
  Generated on:           Nov 04 2025  04:02:26 pm
  Module:                 biriscv_multiplier
  Library domain:         worst
    Domain index:         0
    Technology library:   slow_vdd1v0 1.0
  Library domain:         best
    Domain index:         1
    Technology library:   fast_vdd1v2 1.0
  Operating conditions:   PVT_0P9V_125C 
  Operating conditions:   PVT_1P32V_0C 
  Interconnect mode:      global
  Area mode:              physical library
============================================================

Max_transition design rule (violation total = 2308)
Pin                  Slew           Max     Violation
-------------------------------------------------------
g56346/A              317           280            37
  --> Other violations on net 405
g56311/B              317           280            37
  --> Other violations on net 405
g56347/A              317           280            37
  --> Other violations on net 405
g56349/A              317           280            37
  --> Other violations on net 405
g56357/A              317           280            37
  --> Other violations on net 405
g56577/A              317           280            37
  --> Other violations on net 405
g56606/A              317           280            37
  --> Other violations on net 405
g56617/A              317           280            37
  --> Other violations on net 405
g56624/A              317           280            37
  --> Other violations on net 405
g56625/A              317           280            37
  --> Other violations on net 405
g56628/A              317           280            37
  --> Other violations on net 405
g56734/Y              317           280            37
  --> Other violations on net 405
g56342/A              304           280            24
  --> Other violations on net 386
g56308/B              304           280            24
  --> Other violations on net 386
g56352/A              304           280            24
  --> Other violations on net 386
g56564/A              304           280            24
  --> Other violations on net 386
g56566/A              304           280            24
  --> Other violations on net 386
g56573/A              304           280            24
  --> Other violations on net 386
g56576/A              304           280            24
  --> Other violations on net 386
g56585/A              304           280            24
  --> Other violations on net 386
g56590/A              304           280            24
  --> Other violations on net 386
g56592/A              304           280            24
  --> Other violations on net 386
g56595/A              304           280            24
  --> Other violations on net 386
g56601/A              304           280            24
  --> Other violations on net 386
g56604/A              304           280            24
  --> Other violations on net 386
g56611/A              304           280            24
  --> Other violations on net 386
g56618/A              304           280            24
  --> Other violations on net 386
g56634/A              304           280            24
  --> Other violations on net 386
g56660/Y              304           280            24
  --> Other violations on net 386
g56313/B              313           280            33
  --> Other violations on net 364
g56309/A              313           280            33
  --> Other violations on net 364
g56323/B              313           280            33
  --> Other violations on net 364
g56324/B              313           280            33
  --> Other violations on net 364
g56373/A              313           280            33
  --> Other violations on net 364
g56433/A              313           280            33
  --> Other violations on net 364
g56447/A              313           280            33
  --> Other violations on net 364
g56483/A              313           280            33
  --> Other violations on net 364
g56513/A              313           280            33
  --> Other violations on net 364
g56546/A              313           280            33
  --> Other violations on net 364
g56547/A              313           280            33
  --> Other violations on net 364
g56656/Y              313           280            33
  --> Other violations on net 364
g56317/B              311           280            31
  --> Other violations on net 337
g56304/A              311           280            31
  --> Other violations on net 337
g56322/B              311           280            31
  --> Other violations on net 337
g56327/B              311           280            31
  --> Other violations on net 337
g56331/B              311           280            31
  --> Other violations on net 337
g56338/B              311           280            31
  --> Other violations on net 337
g56371/A              311           280            31
  --> Other violations on net 337
g56405/A              311           280            31
  --> Other violations on net 337
g56430/A              311           280            31
  --> Other violations on net 337
g56478/A              311           280            31
  --> Other violations on net 337
g56490/A              311           280            31
  --> Other violations on net 337
g56735/Y              311           280            31
  --> Other violations on net 337
g56475/B              304           280            24
  --> Other violations on net 121
g56385/B              304           280            24
  --> Other violations on net 121
g56600/B              304           280            24
  --> Other violations on net 121
g56611/B              304           280            24
  --> Other violations on net 121
g56628/B              304           280            24
  --> Other violations on net 121
g56722/Y              304           280            24
  --> Other violations on net 121
g56451/A              292           280            12
  --> Other violations on net 122
g56407/A              292           280            12
  --> Other violations on net 122
g56461/A              292           280            12
  --> Other violations on net 122
g56491/B              292           280            12
  --> Other violations on net 122
g56496/A              292           280            12
  --> Other violations on net 122
g56508/A              292           280            12
  --> Other violations on net 122
g56513/B              292           280            12
  --> Other violations on net 122
g56519/B              292           280            12
  --> Other violations on net 122
g56526/B              292           280            12
  --> Other violations on net 122
g56548/A              292           280            12
  --> Other violations on net 122
g56725/Y              292           280            12
  --> Other violations on net 122
g56388/A              291           280            11
  --> Other violations on net 109
g56371/B              291           280            11
  --> Other violations on net 109
g56429/A              291           280            11
  --> Other violations on net 109
g56438/B              291           280            11
  --> Other violations on net 109
g56479/A              291           280            11
  --> Other violations on net 109
g56483/B              291           280            11
  --> Other violations on net 109
g56492/B              291           280            11
  --> Other violations on net 109
g56503/A              291           280            11
  --> Other violations on net 109
g56538/B              291           280            11
  --> Other violations on net 109
g56540/A              291           280            11
  --> Other violations on net 109
g56647/Y              291           280            11
  --> Other violations on net 109
g56392/A              290           280            10
  --> Other violations on net 97
g56379/B              290           280            10
  --> Other violations on net 97
g56430/B              290           280            10
  --> Other violations on net 97
g56446/B              290           280            10
  --> Other violations on net 97
g56448/A              290           280            10
  --> Other violations on net 97
g56487/A              290           280            10
  --> Other violations on net 97
g56495/B              290           280            10
  --> Other violations on net 97
g56502/A              290           280            10
  --> Other violations on net 97
g56505/B              290           280            10
  --> Other violations on net 97
g56546/B              290           280            10
  --> Other violations on net 97
g56639/Y              290           280            10
  --> Other violations on net 97
g56312/B              284           280             4
  --> Other violations on net 63
g56306/A              284           280             4
  --> Other violations on net 63
g56315/B              284           280             4
  --> Other violations on net 63
g56326/B              284           280             4
  --> Other violations on net 63
g56333/B              284           280             4
  --> Other violations on net 63
g56334/B              284           280             4
  --> Other violations on net 63
g56363/A              284           280             4
  --> Other violations on net 63
g56366/A              284           280             4
  --> Other violations on net 63
g56437/A              284           280             4
  --> Other violations on net 63
g56505/A              284           280             4
  --> Other violations on net 63
g56512/A              284           280             4
  --> Other violations on net 63
g56528/A              284           280             4
  --> Other violations on net 63
g56538/A              284           280             4
  --> Other violations on net 63
g56552/A              284           280             4
  --> Other violations on net 63
g56558/A              284           280             4
  --> Other violations on net 63
g56654/Y              284           280             4
  --> Other violations on net 63
g56348/B              284           280             4
  --> Other violations on net 36
g56307/B              284           280             4
  --> Other violations on net 36
g56354/B              284           280             4
  --> Other violations on net 36
g56358/B              284           280             4
  --> Other violations on net 36
g56372/B              284           280             4
  --> Other violations on net 36
g56427/B              284           280             4
  --> Other violations on net 36
g56429/B              284           280             4
  --> Other violations on net 36
g56517/B              284           280             4
  --> Other violations on net 36
g56533/B              284           280             4
  --> Other violations on net 36
g56548/B              284           280             4
  --> Other violations on net 36
g56737/Y              284           280             4
  --> Other violations on net 36
g56352/B              284           280             4
  --> Other violations on net 36
g56309/B              284           280             4
  --> Other violations on net 36
g56359/B              284           280             4
  --> Other violations on net 36
g56392/B              284           280             4
  --> Other violations on net 36
g56461/B              284           280             4
  --> Other violations on net 36
g56497/B              284           280             4
  --> Other violations on net 36
g56500/B              284           280             4
  --> Other violations on net 36
g56503/B              284           280             4
  --> Other violations on net 36
g56514/B              284           280             4
  --> Other violations on net 36
g56907/B              284           280             4
  --> Other violations on net 36
g56747/Y              284           280             4
  --> Other violations on net 36
g56349/B              284           280             4
  --> Other violations on net 36
g56304/B              284           280             4
  --> Other violations on net 36
g56355/B              284           280             4
  --> Other violations on net 36
g56356/B              284           280             4
  --> Other violations on net 36
g56408/B              284           280             4
  --> Other violations on net 36
g56439/B              284           280             4
  --> Other violations on net 36
g56465/B              284           280             4
  --> Other violations on net 36
g56476/B              284           280             4
  --> Other violations on net 36
g56509/B              284           280             4
  --> Other violations on net 36
g56536/B              284           280             4
  --> Other violations on net 36
g56749/Y              284           280             4
  --> Other violations on net 36


Max_capacitance design rule: no violations.


Max_fanout design rule: no constraints.



@file(biriscv_multiplier.tcl) 128: report_area -detail > ${RPT_DIR}/${freq_mhz}_MHz/${OP_CORNER}/${HDL_NAME}_area_detail.rpt
@file(biriscv_multiplier.tcl) 129: report_timing > ${RPT_DIR}/${freq_mhz}_MHz/${OP_CORNER}/${HDL_NAME}_timing.rpt
@file(biriscv_multiplier.tcl) 130: report_gates > ${RPT_DIR}/${freq_mhz}_MHz/${OP_CORNER}/${HDL_NAME}_gates.rpt
@file(biriscv_multiplier.tcl) 131: report_qor > ${RPT_DIR}/${freq_mhz}_MHz/${OP_CORNER}/${HDL_NAME}_qor.rpt
@file(biriscv_multiplier.tcl) 132: report_power -unit uW > ${RPT_DIR}/${freq_mhz}_MHz/${OP_CORNER}/${HDL_NAME}_power_no_vcd.rpt
Info    : Joules engine is used. [RPT-16]
        : Joules engine is being used for the command report_power.
Info   : ACTP-0001 [ACTPInfo] Activity propagation started for stim#0 netlist
       : biriscv_multiplier
Info   : ACTP-0009 [ACTPInfo] Activity Propagation Progress Report :   0%   1%   2%   3%   4%   5%   6%   7%   8%   9%  10%  11%  12%  13%  14%  15%  16%  17%  18%  19%  20%  21%  22%  23%  24%  25%  26%  27%  28%  29%  30%  31%  32%  33%  34%  35%  36%  37%  38%  39%  40%  41%  42%  43%  44%  45%  46%  47%  48%  49%  50%  51%  52%  53%  54%  55%  56%  57%  58%  59%  60%  61%  62%  63%  64%  65%  66%  67%  68%  69%  70%  71%  72%  73%  74%  75%  76%  77%  78%  79%  80%  81%  82%  83%  84%  85%  86%  87%  88%  89%  90%  91%  92%  93%  94%  95%  96%  97%  98%  99% 100%
Info   : ACTP-0001 Activity propagation ended for stim#0
Info   : PWRA-0001 [PwrInfo] compute_power effective options 
       : -mode : vectorless
       : -skip_propagation : 1
       : -frequency_scaling_factor : 1.0
       : -use_clock_freq : stim
       : -stim :/stim#0
       : -fromGenus : 1
Info   : ACTP-0001 Timing initialization started
Info   : ACTP-0001 Timing initialization ended
Info   : PWRA-0002 [PwrInfo] Skipping activity propagation due to -skip_ap
       : option....
Warning: PWRA-0302 [PwrWarn] Frequency scaling is not applicable for vectorless
       : flow. Ignoring frequency scaling.
Warning: PWRA-0304 [PwrWarn] -stim option is not applicable with vectorless mode
       : of power analysis, ignored this option.
Info   : PWRA-0002 Started 'vectorless' power computation.
Info   : PWRA-0009 [PwrInfo] Power Computation Progress Report :  13%  26%  39%  52%  65%  78% 100%
Info   : PWRA-0002 Finished power computation.
Info   : PWRA-0007 [PwrInfo] Completed successfully.
       : Info=6, Warn=2, Error=0, Fatal=0
Output file: /home/schultz/Documents/ARQIII_RiscV_Work/Synthesis_mul/reports/270_MHz/WORST/biriscv_multiplier_power_no_vcd.rpt
@file(biriscv_multiplier.tcl) 133: report_area > ${RPT_DIR}/${freq_mhz}_MHz/${OP_CORNER}/${HDL_NAME}_area.rpt
@file(biriscv_multiplier.tcl) 134: report_hierarchy > ${RPT_DIR}/${freq_mhz}_MHz/${OP_CORNER}/${HDL_NAME}_hierarchy.rpt
@file(biriscv_multiplier.tcl) 152: source ../scripts/common/sdf_width_wa.etf
Sourcing '../scripts/common/sdf_width_wa.etf' (Tue Nov 04 16:02:27 -03 2025)...
@file(biriscv_multiplier.tcl) 153: write_sdf -edge check_edge -setuphold merge_always -nonegchecks -recrem merge_always -version 3.0 -design ${HDL_NAME}  > ${DEV_DIR}/${freq_mhz}_MHz/${OP_CORNER}/${HDL_NAME}.sdf
@file(biriscv_multiplier.tcl) 154: write_hdl ${HDL_NAME} > ${DEV_DIR}/${freq_mhz}_MHz/${OP_CORNER}/${HDL_NAME}.v
#@ End verbose source /home/schultz/Documents/ARQIII_RiscV_Work/Synthesis_mul/scripts/biriscv_multiplier.tcl
WARNING: This version of the tool is 840 days old.
@genus:design:biriscv_multiplier 2> report_timing
============================================================
  Generated by:           Genus(TM) Synthesis Solution 21.18-s082_1
  Generated on:           Nov 04 2025  04:02:37 pm
  Module:                 biriscv_multiplier
  Operating conditions:   PVT_0P9V_125C 
  Operating conditions:   PVT_1P32V_0C 
  Interconnect mode:      global
  Area mode:              physical library
============================================================


Path 1: MET (2 ps) Late External Delay Assertion at pin writeback_value_o[23]
          Group: clk_i
     Startpoint: (R) pipe_stage2_s_reg[0][31]/CK
          Clock: (R) clk_i
       Endpoint: (R) writeback_value_o[23]
          Clock: (R) clk_i

                     Capture       Launch     
        Clock Edge:+    3700            0     
       Src Latency:+       0            0     
       Net Latency:+     100 (I)      100 (I) 
           Arrival:=    3800          100     
                                              
      Output Delay:-     300                  
       Uncertainty:-      50                  
     Required Time:=    3450                  
      Launch Clock:-     100                  
         Data Path:-    3348                  
             Slack:=       2                  

Exceptions/Constraints:
  output_delay             300             biriscv_multiplier.s_line_35_105_1 

#-----------------------------------------------------------------------------------------------------------------------
#                Timing Point                  Flags    Arc   Edge    Cell     Fanout Load Trans Delay Arrival Instance 
#                                                                                     (fF)  (ps)  (ps)   (ps)  Location 
#-----------------------------------------------------------------------------------------------------------------------
  pipe_stage2_s_reg[0][31]/CK                  -       -      R     (arrival)     879    -     0     0     100    (-,-) 
  pipe_stage2_s_reg[0][31]/Q                   -       CK->Q  R     DFFRX2          2  5.4    86   298     398    (-,-) 
  WALLACE_CSA_DUMMY_OP_groupi_cdnfadd_031_0/CO -       A->CO  R     ADDFX1          1  3.5    99   260     658    (-,-) 
  WALLACE_CSA_DUMMY_OP_groupi_cdnfadd_032_2/S  -       CI->S  R     ADDFX1          1  4.1   114   327     985    (-,-) 
  WALLACE_CSA_DUMMY_OP_groupi_cdnfadd_032_4/S  -       A->S   F     ADDFHX2         1  4.0    90   386    1371    (-,-) 
  WALLACE_CSA_DUMMY_OP_groupi_cdnfadd_032_5/S  -       B->S   R     ADDFHX2         2  6.2   106   372    1744    (-,-) 
  WALLACE_CSA_DUMMY_OP_groupi_g4239/Y          -       B->Y   R     CLKAND2X6       3  7.6    46   133    1877    (-,-) 
  WALLACE_CSA_DUMMY_OP_groupi_g4171/Y          -       A->Y   R     CLKAND2X6       1  5.3    37   112    1989    (-,-) 
  WALLACE_CSA_DUMMY_OP_groupi_g4162/Y          -       B->Y   F     NOR2X6          2  6.5    55    46    2035    (-,-) 
  WALLACE_CSA_DUMMY_OP_groupi_g4140/Y          -       B->Y   R     NOR2X4          1  5.3    85    77    2112    (-,-) 
  WALLACE_CSA_DUMMY_OP_groupi_g4133/Y          -       B->Y   F     NOR2X6          1  4.3    46    63    2176    (-,-) 
  WALLACE_CSA_DUMMY_OP_groupi_g4122/Y          -       B->Y   R     NOR2X4          1  5.3    84    73    2248    (-,-) 
  WALLACE_CSA_DUMMY_OP_groupi_g4114/Y          -       B->Y   F     NOR2X6          2  6.8    71    69    2317    (-,-) 
  WALLACE_CSA_DUMMY_OP_groupi_g4064/Y          -       B->Y   R     NOR2X6          1  6.1    74    75    2392    (-,-) 
  WALLACE_CSA_DUMMY_OP_groupi_g4046/Y          -       B->Y   F     NOR2X8          2  8.2    61    62    2455    (-,-) 
  WALLACE_CSA_DUMMY_OP_groupi_g3994/Y          -       B->Y   R     NOR2X6          1  5.3    67    68    2522    (-,-) 
  WALLACE_CSA_DUMMY_OP_groupi_g3984/Y          -       A->Y   F     NAND2X6         1  4.5    83    94    2617    (-,-) 
  WALLACE_CSA_DUMMY_OP_groupi_g3931/Y          -       A->Y   F     CLKAND2X12     16 38.1   110   167    2784    (-,-) 
  WALLACE_CSA_DUMMY_OP_groupi_g3858/Y          -       A0N->Y F     AOI2BB1X4       1  3.4    60   204    2988    (-,-) 
  WALLACE_CSA_DUMMY_OP_groupi_g57395/S         -       B->S   R     ADDHX2          1  4.5    80   200    3187    (-,-) 
  g31498__7482/Y                               -       B1->Y  F     AOI22X4         1  7.2   179   127    3315    (-,-) 
  g31483/Y                                     -       A->Y   R     CLKINVX12       1 47.9   121   133    3447    (-,-) 
  writeback_value_o[23]                        <<<     -      R     (port)          -    -     -     0    3448    (-,-) 
#-----------------------------------------------------------------------------------------------------------------------

@genus:design:biriscv_multiplier 3> report_area
============================================================
  Generated by:           Genus(TM) Synthesis Solution 21.18-s082_1
  Generated on:           Nov 04 2025  04:02:44 pm
  Module:                 biriscv_multiplier
  Operating conditions:   PVT_0P9V_125C 
  Operating conditions:   PVT_1P32V_0C 
  Interconnect mode:      global
  Area mode:              physical library
============================================================

     Instance      Module  Cell Count  Cell Area  Net Area   Total Area 
------------------------------------------------------------------------
biriscv_multiplier               7630  21915.702  9188.068    31103.770 
@genus:design:biriscv_multiplier 4> report_power -unit uw
Info    : Joules engine is used. [RPT-16]
        : Joules engine is being used for the command report_power.
Instance: /biriscv_multiplier
Power Unit: uw
PDB Frames: /stim#0/frame#0
  -------------------------------------------------------------------------
    Category         Leakage     Internal    Switching        Total    Row%
  -------------------------------------------------------------------------
      memory     0.00000e+00  0.00000e+00  0.00000e+00  0.00000e+00   0.00%
    register     1.24999e-01  8.76381e+02  4.78723e+02  1.35523e+03  28.70%
       latch     0.00000e+00  0.00000e+00  0.00000e+00  0.00000e+00   0.00%
       logic     4.40496e-01  1.09381e+03  2.23429e+03  3.32854e+03  70.49%
        bbox     0.00000e+00  0.00000e+00  0.00000e+00  0.00000e+00   0.00%
       clock     0.00000e+00  0.00000e+00  3.84859e+01  3.84859e+01   0.81%
         pad     0.00000e+00  0.00000e+00  0.00000e+00  0.00000e+00   0.00%
          pm     0.00000e+00  0.00000e+00  0.00000e+00  0.00000e+00   0.00%
  -------------------------------------------------------------------------
    Subtotal     5.65496e-01  1.97019e+03  2.75150e+03  4.72226e+03 100.00%
  Percentage           0.01%       41.72%       58.27%      100.00% 100.00%
  -------------------------------------------------------------------------
