Cadence Genus(TM) Synthesis Solution.
Copyright 2024 Cadence Design Systems, Inc. All rights reserved worldwide.
Cadence and the Cadence logo are registered trademarks and Genus is a trademark
of Cadence Design Systems, Inc. in the United States and other countries.

[17:42:00.456049] Configured Lic search path (21.01-s002): 27001@200.132.35.25

Version: 21.19-s055_1, built Wed May 29 12:33:07 PDT 2024
Options: -abort_on_error -lic_startup Genus_Synthesis -lic_startup_options Genus_Physical_Opt -log genus -overwrite -files /home/ufsm00051/claudenir.alves/cra_arq/Arquivo/biriscv_divider/Synthesis_div/scripts/biriscv_divider.tcl 
Date:    Sun Nov 30 17:42:00 2025
Host:    ecomp (x86_64 w/Linux 4.18.0-553.74.1.el8_10.x86_64) (4cores*4cpus*1physical cpu*Intel(R) Core(TM) i5-7500 CPU @ 3.40GHz 6144KB) (32527236KB)
PID:     819096
OS:      Rocky Linux release 8.10 (Green Obsidian)


[17:42:00.047400] Periodic Lic check successful
[17:42:00.047408] Feature usage summary:
[17:42:00.047409] Genus_Synthesis
Checking out license: Genus_Synthesis


***********************************************************************************************************
***********************************************************************************************************



Loading tool scripts...
Finished loading tool scripts (8 seconds elapsed).


[17:42:08.083922] Periodic Lic check successful
[17:42:08.083936] Feature usage summary:
[17:42:08.083936] Genus_Synthesis
[17:42:08.083936] Genus_Physical_Opt
Checking out license: Genus_Physical_Opt

#@ Processing -files option
@genus 1> source /home/ufsm00051/claudenir.alves/cra_arq/Arquivo/biriscv_divider/Synthesis_div/scripts/biriscv_divider.tcl
#@ Begin verbose source /home/ufsm00051/claudenir.alves/cra_arq/Arquivo/biriscv_divider/Synthesis_div/scripts/biriscv_divider.tcl
@file(biriscv_divider.tcl) 16: set PROJECT_DIR $env(PROJECT_DIR)
@file(biriscv_divider.tcl) 17: set TECH_DIR $env(TECH_DIR)
@file(biriscv_divider.tcl) 18: set DESIGNS $env(DESIGNS)
@file(biriscv_divider.tcl) 19: set HDL_NAME $env(HDL_NAME)
@file(biriscv_divider.tcl) 20: set INTERCONNECT_MODE ple
@file(biriscv_divider.tcl) 21: set OP_CORNER $env(OP_CORNER)
@file(biriscv_divider.tcl) 22: set HDL_LANG $env(HDL_LANG)
@file(biriscv_divider.tcl) 23: set USE_VCD_POWER_ANALYSIS 1
@file(biriscv_divider.tcl) 25: set freq_mhz $env(FREQ_MHZ)
@file(biriscv_divider.tcl) 30: set MAIN_CLOCK_NAME clk_i
@file(biriscv_divider.tcl) 31: set MAIN_RST_NAME rst_i
@file(biriscv_divider.tcl) 32: set BEST_LIB_OPERATING_CONDITION PVT_1P32V_0C
@file(biriscv_divider.tcl) 33: set WORST_LIB_OPERATING_CONDITION PVT_0P9V_125C
@file(biriscv_divider.tcl) 34: set period_clk [format "%.2f" [expr 1000.0 / $freq_mhz]] ;# (100 ns = 10 MHz) (10 ns = 100 MHz) (2 ns = 500 MHz) (1 ns = 1 GHz)
@file(biriscv_divider.tcl) 35: set clk_uncertainty 0.05 ;# ns (“a guess”)
@file(biriscv_divider.tcl) 36: set clk_latency 0.10 ;# ns (“a guess”)
@file(biriscv_divider.tcl) 37: set in_delay 0.30 ;# ns
@file(biriscv_divider.tcl) 38: set out_delay 0.30;#ns 
@file(biriscv_divider.tcl) 39: set out_load 0.045 ;#pF 
@file(biriscv_divider.tcl) 40: set slew "146 164 264 252" ;#minimum rise, minimum fall, maximum rise and maximum fall 
@file(biriscv_divider.tcl) 41: set slew_min_rise 0.146 ;# ns
@file(biriscv_divider.tcl) 42: set slew_min_fall 0.164 ;# ns
@file(biriscv_divider.tcl) 43: set slew_max_rise 0.264 ;# ns
@file(biriscv_divider.tcl) 44: set slew_max_fall 0.252 ;# ns
@file(biriscv_divider.tcl) 46: set WORST_LIST {slow_vdd1v0_basicCells.lib} 
@file(biriscv_divider.tcl) 47: set BEST_LIST {fast_vdd1v2_basicCells.lib} 
@file(biriscv_divider.tcl) 48: set LEF_LIST {gsclib045_tech.lef gsclib045_macro.lef}
@file(biriscv_divider.tcl) 49: set WORST_CAP_LIST ${TECH_DIR}/gpdk045_v_6_0/soce/gpdk045.basic.CapTbl
@file(biriscv_divider.tcl) 50: set QRC_LIST ${TECH_DIR}/gpdk045_v_6_0/qrc/rcworst/qrcTechFile
@file(biriscv_divider.tcl) 57: source ${PROJECT_DIR}/Synthesis_div/scripts/common/path.tcl
Sourcing '/home/ufsm00051/claudenir.alves/cra_arq/Arquivo/biriscv_divider/Synthesis_div/scripts/common/path.tcl' (Sun Nov 30 17:42:08 -03 2025)...
#@ Begin verbose source /home/ufsm00051/claudenir.alves/cra_arq/Arquivo/biriscv_divider/Synthesis_div/scripts/common/path.tcl
@file(path.tcl) 5: set SYNT_DIR ${PROJECT_DIR}/Synthesis_div
@file(path.tcl) 6: set SCRIPT_DIR ${SYNT_DIR}/scripts
@file(path.tcl) 7: set RPT_DIR ${SYNT_DIR}/reports
@file(path.tcl) 8: set DEV_DIR ${SYNT_DIR}/deliverables
@file(path.tcl) 13: set FRONTEND_DIR ${PROJECT_DIR}/src/core
@file(path.tcl) 14: set HDL_DIR ${PROJECT_DIR}/src/core
@file(path.tcl) 15: set OTHERS ""
@file(path.tcl) 16: lappend FRONTEND_DIR $OTHERS
@file(path.tcl) 21: set LIB_DIR ${TECH_DIR}/gsclib045_svt_v4.4/gsclib045/timing
@file(path.tcl) 24: set LEF_DIR ${TECH_DIR}/gsclib045_svt_v4.4/gsclib045/lef
@file(path.tcl) 25: lappend LEF_DIR ${TECH_DIR}/giolib045_v3.3/lef
#@ End verbose source /home/ufsm00051/claudenir.alves/cra_arq/Arquivo/biriscv_divider/Synthesis_div/scripts/common/path.tcl
@file(biriscv_divider.tcl) 62: source ${SCRIPT_DIR}/common/tech.tcl
Sourcing '/home/ufsm00051/claudenir.alves/cra_arq/Arquivo/biriscv_divider/Synthesis_div/scripts/common/tech.tcl' (Sun Nov 30 17:42:08 -03 2025)...
#@ Begin verbose source /home/ufsm00051/claudenir.alves/cra_arq/Arquivo/biriscv_divider/Synthesis_div/scripts/common/tech.tcl
@file(tech.tcl) 5: create_library_domain {worst best} 
@file(tech.tcl) 6: get_db library_domains *
@file(tech.tcl) 12: set_db lib_search_path "${LIB_DIR} ${LEF_DIR}"
  Setting attribute of root '/': 'lib_search_path' = /home/tools/design_kits/cadence/GPDK045//gsclib045_svt_v4.4/gsclib045/timing /home/tools/design_kits/cadence/GPDK045//gsclib045_svt_v4.4/gsclib045/lef /home/tools/design_kits/cadence/GPDK045//giolib045_v3.3/lef
@file(tech.tcl) 13: set_db [get_db library_domains worst] .library ${WORST_LIST}

Threads Configured:3

  Message Summary for Library slow_vdd1v0_basicCells.lib:
  *******************************************************
  Missing a function attribute in the output pin definition. [LBR-518]: 1
  *******************************************************
 
Info    : Created nominal operating condition. [LBR-412]
        : Operating condition '_nominal_' was created for the PVT values (1.000000, 0.900000, 125.000000) in library 'slow_vdd1v0_basicCells.lib'.
        : The nominal operating condition is represented, either by the nominal PVT values specified in the library source (via nom_process,nom_voltage and nom_temperature respectively), or by the default PVT values (1.0,1.0,1.0).
Warning : Library cell has no output pins defined. [LBR-9]
        : Library cell 'ANTENNA' must have an output pin.
        : Add the missing output pin(s), then reload the library. Else the library cell will be marked as timing model i.e. unusable. Timing_model means that the cell does not have any defined function. If there is no output pin, Genus will mark library cell as unusable i.e. the attribute 'usable' will be marked to 'false' on the libcell. Therefore, the cell is not used for mapping and it will not be picked up from the library for synthesis. If you query the attribute 'unusable_reason' on the libcell; result will be: 'Library cell has no output pins.'Note: The message LBR-9 is only for the logical pins and not for the power_ground pins. Genus will depend upon the output function defined in the pin group (output pin) of the cell, to use it for mapping. The pg_pin will not have any function defined.
Warning : Library cell has no output pins defined. [LBR-9]
        : Library cell 'ANTENNA' must have an output pin.
Warning : Library cell has no output pins defined. [LBR-9]
        : Library cell 'DECAP10' must have an output pin.
Warning : Library cell has no output pins defined. [LBR-9]
        : Library cell 'DECAP10' must have an output pin.
Warning : Library cell has no output pins defined. [LBR-9]
        : Library cell 'DECAP2' must have an output pin.
Warning : Library cell has no output pins defined. [LBR-9]
        : Library cell 'DECAP2' must have an output pin.
Warning : Library cell has no output pins defined. [LBR-9]
        : Library cell 'DECAP3' must have an output pin.
Warning : Library cell has no output pins defined. [LBR-9]
        : Library cell 'DECAP3' must have an output pin.
Warning : Library cell has no output pins defined. [LBR-9]
        : Library cell 'DECAP4' must have an output pin.
Warning : Library cell has no output pins defined. [LBR-9]
        : Library cell 'DECAP4' must have an output pin.
Warning : Library cell has no output pins defined. [LBR-9]
        : Library cell 'DECAP5' must have an output pin.
Warning : Library cell has no output pins defined. [LBR-9]
        : Library cell 'DECAP5' must have an output pin.
Warning : Library cell has no output pins defined. [LBR-9]
        : Library cell 'DECAP6' must have an output pin.
Warning : Library cell has no output pins defined. [LBR-9]
        : Library cell 'DECAP6' must have an output pin.
Warning : Library cell has no output pins defined. [LBR-9]
        : Library cell 'DECAP7' must have an output pin.
Warning : Library cell has no output pins defined. [LBR-9]
        : Library cell 'DECAP7' must have an output pin.
Warning : Library cell has no output pins defined. [LBR-9]
        : Library cell 'DECAP8' must have an output pin.
Warning : Library cell has no output pins defined. [LBR-9]
        : Library cell 'DECAP8' must have an output pin.
Warning : Library cell has no output pins defined. [LBR-9]
        : Library cell 'DECAP9' must have an output pin.
Warning : Library cell has no output pins defined. [LBR-9]
        : Library cell 'DECAP9' must have an output pin.
Info    : Set default library domain. [LBR-109]
        : The default library domain is 'library_domain:worst'.
  Setting attribute of library_domain 'worst': 'library' = slow_vdd1v0_basicCells.lib
@file(tech.tcl) 14: set_db [get_db library_domains best] .library ${BEST_LIST}

Threads Configured:3

  Message Summary for Library fast_vdd1v2_basicCells.lib:
  *******************************************************
  Missing a function attribute in the output pin definition. [LBR-518]: 1
  *******************************************************
 
Info    : Created nominal operating condition. [LBR-412]
        : Operating condition '_nominal_' was created for the PVT values (1.000000, 1.320000, 0.000000) in library 'fast_vdd1v2_basicCells.lib'.
Warning : Library cell has no output pins defined. [LBR-9]
        : Library cell 'ANTENNA' must have an output pin.
Warning : Library cell has no output pins defined. [LBR-9]
        : Library cell 'ANTENNA' must have an output pin.
Warning : Library cell has no output pins defined. [LBR-9]
        : Library cell 'DECAP10' must have an output pin.
Warning : Library cell has no output pins defined. [LBR-9]
        : Library cell 'DECAP10' must have an output pin.
Warning : Library cell has no output pins defined. [LBR-9]
        : Library cell 'DECAP2' must have an output pin.
Warning : Library cell has no output pins defined. [LBR-9]
        : Library cell 'DECAP2' must have an output pin.
Warning : Library cell has no output pins defined. [LBR-9]
        : Library cell 'DECAP3' must have an output pin.
Warning : Library cell has no output pins defined. [LBR-9]
        : Library cell 'DECAP3' must have an output pin.
Warning : Library cell has no output pins defined. [LBR-9]
        : Library cell 'DECAP4' must have an output pin.
Warning : Library cell has no output pins defined. [LBR-9]
        : Library cell 'DECAP4' must have an output pin.
Warning : Library cell has no output pins defined. [LBR-9]
        : Library cell 'DECAP5' must have an output pin.
Warning : Library cell has no output pins defined. [LBR-9]
        : Library cell 'DECAP5' must have an output pin.
Warning : Library cell has no output pins defined. [LBR-9]
        : Library cell 'DECAP6' must have an output pin.
Warning : Library cell has no output pins defined. [LBR-9]
        : Library cell 'DECAP6' must have an output pin.
Warning : Library cell has no output pins defined. [LBR-9]
        : Library cell 'DECAP7' must have an output pin.
Warning : Library cell has no output pins defined. [LBR-9]
        : Library cell 'DECAP7' must have an output pin.
Warning : Library cell has no output pins defined. [LBR-9]
        : Library cell 'DECAP8' must have an output pin.
Warning : Library cell has no output pins defined. [LBR-9]
        : Library cell 'DECAP8' must have an output pin.
Warning : Library cell has no output pins defined. [LBR-9]
        : Library cell 'DECAP9' must have an output pin.
Warning : Library cell has no output pins defined. [LBR-9]
        : Library cell 'DECAP9' must have an output pin.
  Setting attribute of library_domain 'best': 'library' = fast_vdd1v2_basicCells.lib
@file(tech.tcl) 20: get_db [get_db library_domains *worst] .operating_conditions
@file(tech.tcl) 21: set_db [get_db library_domains *worst] .operating_conditions ${WORST_LIB_OPERATING_CONDITION}
  Setting attribute of library_domain 'worst': 'operating_conditions' = operating_condition:ls_of_ld_worst/slow_vdd1v0/PVT_0P9V_125C
@file(tech.tcl) 22: get_db [get_db library_domains *worst] .operating_conditions
@file(tech.tcl) 24: get_db [get_db library_domains *best] .operating_conditions
@file(tech.tcl) 25: set_db [get_db library_domains *best] .operating_conditions ${BEST_LIB_OPERATING_CONDITION}
  Setting attribute of library_domain 'best': 'operating_conditions' = operating_condition:ls_of_ld_best/fast_vdd1v2/PVT_1P32V_0C
@file(tech.tcl) 26: get_db [get_db library_domains *best] .operating_conditions
@file(tech.tcl) 28: get_db [get_db library_domain *worst] .default
@file(tech.tcl) 29: get_db [get_db library_domain *best] .default 
@file(tech.tcl) 31: get_db [vfind /libraries -library_domain worst] .active_operating_conditions
  Library has 324 usable logic and 128 usable sequential lib-cells.
  Library has 324 usable logic and 128 usable sequential lib-cells.
@file(tech.tcl) 32: get_db [vfind /libraries -library_domain best] .active_operating_conditions 
@file(tech.tcl) 44: set_db lef_library ${LEF_LIST}
Info    : Via with no resistance will have a value of '0.0' assigned for resistance value. [PHYS-129]
        : Via 'M2_M1_HV' has no resistance value.
        : If this is the expected behavior, this message can be ignored.
Info    : Via with no resistance will have a value of '0.0' assigned for resistance value. [PHYS-129]
        : Via 'M2_M1_VV' has no resistance value.
Info    : Via with no resistance will have a value of '0.0' assigned for resistance value. [PHYS-129]
        : Via 'M2_M1_VH' has no resistance value.
Info    : Via with no resistance will have a value of '0.0' assigned for resistance value. [PHYS-129]
        : Via 'M2_M1_HH' has no resistance value.
Info    : Via with no resistance will have a value of '0.0' assigned for resistance value. [PHYS-129]
        : Via 'M2_M1_2x1_HV_E' has no resistance value.
Info    : Via with no resistance will have a value of '0.0' assigned for resistance value. [PHYS-129]
        : Via 'M2_M1_2x1_HV_W' has no resistance value.
Info    : Via with no resistance will have a value of '0.0' assigned for resistance value. [PHYS-129]
        : Via 'M2_M1_1x2_HV_N' has no resistance value.
Info    : Via with no resistance will have a value of '0.0' assigned for resistance value. [PHYS-129]
        : Via 'M2_M1_1x2_HV_S' has no resistance value.
Info    : Via with no resistance will have a value of '0.0' assigned for resistance value. [PHYS-129]
        : Via 'M3_M2_VH' has no resistance value.
Info    : Via with no resistance will have a value of '0.0' assigned for resistance value. [PHYS-129]
        : Via 'M3_M2_HH' has no resistance value.
Info    : Via with no resistance will have a value of '0.0' assigned for resistance value. [PHYS-129]
        : Via 'M3_M2_HV' has no resistance value.
Info    : Via with no resistance will have a value of '0.0' assigned for resistance value. [PHYS-129]
        : Via 'M3_M2_VV' has no resistance value.
Info    : Via with no resistance will have a value of '0.0' assigned for resistance value. [PHYS-129]
        : Via 'M3_M2_M_NH' has no resistance value.
Info    : Via with no resistance will have a value of '0.0' assigned for resistance value. [PHYS-129]
        : Via 'M3_M2_M_SH' has no resistance value.
Info    : Via with no resistance will have a value of '0.0' assigned for resistance value. [PHYS-129]
        : Via 'M3_M2_2x1_VH_E' has no resistance value.
Info    : Via with no resistance will have a value of '0.0' assigned for resistance value. [PHYS-129]
        : Via 'M3_M2_2x1_VH_W' has no resistance value.
Info    : Via with no resistance will have a value of '0.0' assigned for resistance value. [PHYS-129]
        : Via 'M3_M2_1x2_VH_N' has no resistance value.
Info    : Via with no resistance will have a value of '0.0' assigned for resistance value. [PHYS-129]
        : Via 'M3_M2_1x2_VH_S' has no resistance value.
Info    : Via with no resistance will have a value of '0.0' assigned for resistance value. [PHYS-129]
        : Via 'M4_M3_HV' has no resistance value.
Info    : Via with no resistance will have a value of '0.0' assigned for resistance value. [PHYS-129]
        : Via 'M4_M3_VV' has no resistance value.
Warning : Maximum message print count reached. [MESG-11]
        : Maximum print count of '20' reached for message 'PHYS-129'.

  According to lef_library, there are total 11 routing layers [ V(5) / H(6) ]

Warning : Physical cell not defined in library. [PHYS-279]
        : The physical (LEF) cell DFF2RX1 cannot be found in library.
        : Ensure that the proper library files are available and have been imported.
Warning : Physical cell not defined in library. [PHYS-279]
        : The physical (LEF) cell DFF2RX2 cannot be found in library.
Warning : Physical cell not defined in library. [PHYS-279]
        : The physical (LEF) cell DFF2X1 cannot be found in library.
Warning : Physical cell not defined in library. [PHYS-279]
        : The physical (LEF) cell DFF2X2 cannot be found in library.
Warning : Physical cell not defined in library. [PHYS-279]
        : The physical (LEF) cell DFF4RX1 cannot be found in library.
Warning : Physical cell not defined in library. [PHYS-279]
        : The physical (LEF) cell DFF4RX2 cannot be found in library.
Warning : Physical cell not defined in library. [PHYS-279]
        : The physical (LEF) cell DFF4X1 cannot be found in library.
Warning : Physical cell not defined in library. [PHYS-279]
        : The physical (LEF) cell DFF4X2 cannot be found in library.
Warning : Physical cell not defined in library. [PHYS-279]
        : The physical (LEF) cell FILL1 cannot be found in library.
Warning : Physical cell not defined in library. [PHYS-279]
        : The physical (LEF) cell FILL16 cannot be found in library.
Warning : Physical cell not defined in library. [PHYS-279]
        : The physical (LEF) cell FILL2 cannot be found in library.
Warning : Physical cell not defined in library. [PHYS-279]
        : The physical (LEF) cell FILL32 cannot be found in library.
Warning : Physical cell not defined in library. [PHYS-279]
        : The physical (LEF) cell FILL4 cannot be found in library.
Warning : Physical cell not defined in library. [PHYS-279]
        : The physical (LEF) cell FILL64 cannot be found in library.
Warning : Physical cell not defined in library. [PHYS-279]
        : The physical (LEF) cell FILL8 cannot be found in library.
Warning : Physical cell not defined in library. [PHYS-279]
        : The physical (LEF) cell FSWNX1 cannot be found in library.
Warning : Physical cell not defined in library. [PHYS-279]
        : The physical (LEF) cell FSWX1 cannot be found in library.
Warning : Physical cell not defined in library. [PHYS-279]
        : The physical (LEF) cell HSWDNX1 cannot be found in library.
Warning : Physical cell not defined in library. [PHYS-279]
        : The physical (LEF) cell HSWDX1 cannot be found in library.
Warning : Physical cell not defined in library. [PHYS-279]
        : The physical (LEF) cell HSWNX1 cannot be found in library.
Warning : Maximum message print count reached. [MESG-11]
        : Maximum print count of '20' reached for message 'PHYS-279'.
  Setting attribute of root '/': 'lef_library' = /home/tools/design_kits/cadence/GPDK045//gsclib045_svt_v4.4/gsclib045/lef/gsclib045_tech.lef /home/tools/design_kits/cadence/GPDK045//gsclib045_svt_v4.4/gsclib045/lef/gsclib045_macro.lef
@file(tech.tcl) 52: set_db qrc_tech_file ${QRC_LIST}

  According to qrc_tech_file, there are total 11 routing layers [ V(5) / H(6) ]

  Setting attribute of root '/': 'qrc_tech_file' = /home/tools/design_kits/cadence/GPDK045//gpdk045_v_6_0/qrc/rcworst/qrcTechFile
@file(tech.tcl) 56: get_db interconnect_mode
@file(tech.tcl) 57: set_db interconnect_mode ple ;# global
  Setting attribute of root '/': 'interconnect_mode' = ple
@file(tech.tcl) 67: get_lib_cells
@file(tech.tcl) 68: get_db lib_cells *SDFF*
@file(tech.tcl) 69: get_db base_cell:SDFFRHQX1 .dont_use
@file(tech.tcl) 70: set_db base_cell:SDFFRHQX1 .dont_use true
  Setting attribute of base_cell 'SDFFRHQX1': 'dont_use' = true
@file(tech.tcl) 72: foreach lc [get_db base_cells -if {.name == "SDFF*"}] {
  get_db $lc .dont_use
  set_db $lc .dont_use true
}
  Setting attribute of base_cell 'SDFFHQX1': 'dont_use' = true
  Setting attribute of base_cell 'SDFFHQX2': 'dont_use' = true
  Setting attribute of base_cell 'SDFFHQX4': 'dont_use' = true
  Setting attribute of base_cell 'SDFFHQX8': 'dont_use' = true
  Setting attribute of base_cell 'SDFFNSRX1': 'dont_use' = true
  Setting attribute of base_cell 'SDFFNSRX2': 'dont_use' = true
  Setting attribute of base_cell 'SDFFNSRX4': 'dont_use' = true
  Setting attribute of base_cell 'SDFFNSRXL': 'dont_use' = true
  Setting attribute of base_cell 'SDFFQX1': 'dont_use' = true
  Setting attribute of base_cell 'SDFFQX2': 'dont_use' = true
  Setting attribute of base_cell 'SDFFQX4': 'dont_use' = true
  Setting attribute of base_cell 'SDFFQXL': 'dont_use' = true
  Setting attribute of base_cell 'SDFFRHQX1': 'dont_use' = true
  Setting attribute of base_cell 'SDFFRHQX2': 'dont_use' = true
  Setting attribute of base_cell 'SDFFRHQX4': 'dont_use' = true
  Setting attribute of base_cell 'SDFFRHQX8': 'dont_use' = true
  Setting attribute of base_cell 'SDFFRX1': 'dont_use' = true
  Setting attribute of base_cell 'SDFFRX2': 'dont_use' = true
  Setting attribute of base_cell 'SDFFRX4': 'dont_use' = true
  Setting attribute of base_cell 'SDFFRXL': 'dont_use' = true
  Setting attribute of base_cell 'SDFFSHQX1': 'dont_use' = true
  Setting attribute of base_cell 'SDFFSHQX2': 'dont_use' = true
  Setting attribute of base_cell 'SDFFSHQX4': 'dont_use' = true
  Setting attribute of base_cell 'SDFFSHQX8': 'dont_use' = true
  Setting attribute of base_cell 'SDFFSRHQX1': 'dont_use' = true
  Setting attribute of base_cell 'SDFFSRHQX2': 'dont_use' = true
  Setting attribute of base_cell 'SDFFSRHQX4': 'dont_use' = true
  Setting attribute of base_cell 'SDFFSRHQX8': 'dont_use' = true
  Setting attribute of base_cell 'SDFFSRX1': 'dont_use' = true
  Setting attribute of base_cell 'SDFFSRX2': 'dont_use' = true
  Setting attribute of base_cell 'SDFFSRX4': 'dont_use' = true
  Setting attribute of base_cell 'SDFFSRXL': 'dont_use' = true
  Setting attribute of base_cell 'SDFFSX1': 'dont_use' = true
  Setting attribute of base_cell 'SDFFSX2': 'dont_use' = true
  Setting attribute of base_cell 'SDFFSX4': 'dont_use' = true
  Setting attribute of base_cell 'SDFFSXL': 'dont_use' = true
  Setting attribute of base_cell 'SDFFTRX1': 'dont_use' = true
  Setting attribute of base_cell 'SDFFTRX2': 'dont_use' = true
  Setting attribute of base_cell 'SDFFTRX4': 'dont_use' = true
  Setting attribute of base_cell 'SDFFTRXL': 'dont_use' = true
  Setting attribute of base_cell 'SDFFX1': 'dont_use' = true
  Setting attribute of base_cell 'SDFFX2': 'dont_use' = true
  Setting attribute of base_cell 'SDFFX4': 'dont_use' = true
  Setting attribute of base_cell 'SDFFXL': 'dont_use' = true
  Setting attribute of base_cell 'SDFF2RX1': 'dont_use' = true
  Setting attribute of base_cell 'SDFF2RX2': 'dont_use' = true
  Setting attribute of base_cell 'SDFF4RX1': 'dont_use' = true
  Setting attribute of base_cell 'SDFF4RX2': 'dont_use' = true
@file(tech.tcl) 78: foreach lc [get_db base_cells -if {.name == "TLATS*"}] {
  get_db $lc .dont_use
  set_db $lc .dont_use true
}
  Setting attribute of base_cell 'TLATSRX1': 'dont_use' = true
  Setting attribute of base_cell 'TLATSRX2': 'dont_use' = true
  Setting attribute of base_cell 'TLATSRX4': 'dont_use' = true
  Setting attribute of base_cell 'TLATSRXL': 'dont_use' = true
@file(tech.tcl) 83: if { $OP_CORNER eq "WORST" } {
    puts "\n Setting WORST LIB! \n"
    set_db [get_db library_domain *worst] .default true
} else {
    puts "\n Setting BEST LIB! \n"
    set_db [get_db library_domain *best] .default true
}

 Setting WORST LIB! 

  Setting attribute of library_domain 'worst': 'default' = true
@file(tech.tcl) 96: get_db [get_db library_sets *worst] .libraries
@file(tech.tcl) 97: get_db [get_db library_sets *best] .libraries
@file(tech.tcl) 99: get_db [get_db library_sets *worst] .libraries.lib_cells
@file(tech.tcl) 100: get_db [get_db library_sets *best] .libraries.lib_cells
@file(tech.tcl) 102: get_db [get_db [get_db library_sets *worst] .libraries *slow_vdd1v0] .lib_cells
@file(tech.tcl) 103: get_db [get_db [get_db library_sets *best] .libraries *fast_vdd1v2] .lib_cells 
@file(tech.tcl) 105: get_db [get_db library_sets *worst] .libraries.lib_cells -regexp XOR
@file(tech.tcl) 106: get_db [get_db library_sets *best] .libraries.lib_cells -regexp XOR
@file(tech.tcl) 108: get_db [get_db [get_db library_sets *worst] .libraries.lib_cells -regexp CLKXOR2X1] .*
Object: lib_cell:ls_of_ld_worst/slow_vdd1v0/CLKXOR2X1
  area:                  2.736
  area_multiplier:       1.0
  async_clear_pins:      {}
  async_preset_pins:     {}
  avoid:                 false
  backup_power_pins:     {}
  base_cell:             base_cell:CLKXOR2X1
  base_name:             CLKXOR2X1
  bbox:                  {0.0 0.0 1.6 1.71}
  bit_width:             1
  bottom_padding:        0
  cell_delay_multiplier:  1.0
  cell_min_delay_multiplier:  1.0
  clock_gating_integrated_cell:  {}
  clock_pins:            {}
  combinational:         true
  congestion_avoid:      false
  constraint_multiplier:  1.0
  data_pins:             {}
  dont_touch:            false
  dont_use:              false
  escaped_name:          ls_of_ld_worst/slow_vdd1v0/CLKXOR2X1
  failure_probability:   0.0
  has_lvf:               false
  has_non_seq_setup_arc:  false
  internal_power:        no_value
  is_always_on:          false
  is_black_box:          false
  is_buffer:             false
  is_clock_isolation_cell:  false
  is_combinational:      true
  is_dummy_scmr_iw_cell:  false
  is_eeq_cell:           false
  is_fall_edge_triggered:  false
  is_fixed_mask:         false
  is_flop:               false
  is_inferred_macro:     false
  is_integrated_clock_gating:  false
  is_interface_timing:   false
  is_inverter:           false
  is_isolation_cell:     false
  is_latch:              false
  is_level_shifter:      false
  is_macro:              false
  is_master_eeq_cell:    false
  is_master_slave_flop:  false
  is_master_slave_lssd_flop:  false
  is_memory:             false
  is_negative_level_sensitive:  false
  is_pad:                false
  is_pll:                false
  is_positive_level_sensitive:  false
  is_power_switch:       false
  is_retention:          false
  is_rise_edge_triggered:  false
  is_sequential:         false
  is_timing_model:       false
  is_tristate:           false
  is_usable:             true
  keep_as_physical:      false
  latch_enable:          {}
  latch_enable_pins:     {}
  leakage_power:         0.0
  leakage_scale_factor:  1.0
  lef_inconsistent:      false
  left_padding:          0
  level_shifter_direction:  {}
  level_shifter_type:    {}
  level_shifter_valid_location:  {}
  lib_arcs:              NC
  lib_pins:              NC
  liberty_attributes:    area 2.736 
  library:               library:ls_of_ld_worst/slow_vdd1v0
  master_physical_variant_cell:  {}
  max_ground_input_voltage:  0.0
  max_ground_output_voltage:  0.0
  max_input_voltage:     0.0
  max_output_voltage:    0.0
  min_ground_input_voltage:  0.0
  min_ground_output_voltage:  0.0
  min_input_voltage:     0.0
  min_output_voltage:    0.0
  mode_definition:       NC
  name:                  ls_of_ld_worst/slow_vdd1v0/CLKXOR2X1
  obj_type:              lib_cell
  pg_lib_pins:           NC
  physical_variant_cells:  {}
  power_gating_cell_type:  {}
  preserve:              false
  preserve_avoid:        false
  primary_power:         {}
  required_condition:    {}
  right_padding:         0
  scan_enable_pins:      {}
  scan_in_pins:          {}
  scan_out:              {}
  scan_out_pins:         {}
  seq_functions:         NC
  sequential:            false
  short:                 {}
  std_cell_main_rail_pin:  pg_lib_pin:ls_of_ld_worst/slow_vdd1v0/CLKXOR2X1/VDD
  switch_off_enables:    {}
  switched_power:        {}
  symmetry:              xy
  sync_clear_pins:       {}
  sync_enable_pins:      {}
  sync_preset_pins:      {}
  timing_model_reason:   {}
  timing_model_type:     {}
  top_padding:           0
  tristate:              false
  type_changed_pin_names:  {}
  unusable_reason:       {}
  usable_flop:           false
  usable_latch:          false
#@ End verbose source /home/ufsm00051/claudenir.alves/cra_arq/Arquivo/biriscv_divider/Synthesis_div/scripts/common/tech.tcl
@file(biriscv_divider.tcl) 67: set_db init_hdl_search_path ${FRONTEND_DIR}
  Setting attribute of root '/': 'init_hdl_search_path' = /home/ufsm00051/claudenir.alves/cra_arq/Arquivo/biriscv_divider/src/core {}
@file(biriscv_divider.tcl) 76: read_hdl -language v2001 "${HDL_DIR}/biriscv_divider.v"
@file(biriscv_divider.tcl) 84: elaborate ${HDL_NAME}
Info    : Elaborating Design. [ELAB-1]
        : Elaborating top-level block 'biriscv_divider' from file '/home/ufsm00051/claudenir.alves/cra_arq/Arquivo/biriscv_divider/src/core/biriscv_divider.v'.
Info    : Reversed the data and condition priority for priority mux chain (possibly created from loop based RTL), using new loop reversal algorithm. [CDFG-780]
        : Priority chain of muxes in module 'biriscv_divider_clz_biriscv_divider' for signal 'clz' in file '/home/ufsm00051/claudenir.alves/cra_arq/Arquivo/biriscv_divider/src/core/biriscv_divider.v' on line 102.
Info    : Done Elaborating Design. [ELAB-3]
        : Done elaborating 'biriscv_divider'.
Checking for analog nets...
Check completed for analog nets.
Checking for source RTL...
Check completed for source RTL.
Running Unified Mux Engine Tricks...
Completed Unified Mux Engine Tricks

Stage: post_elab
-------------------------------------------------------
| Trick             | Accepts | Rejects | Runtime (s) | 
-------------------------------------------------------
| ume_constant_bmux |       0 |       0 |        0.00 | 
-------------------------------------------------------
Starting clip mux common data inputs [v1.0] (stage: post_elab, startdef: biriscv_divider, recur: true)
Completed clip mux common data inputs (accepts: 0, rejects: 0, runtime: 0.000s)
Starting clip the non-user hierarchies [v2.0] (stage: post_elab, startdef: biriscv_divider, recur: true)
Completed clip the non-user hierarchies (accepts: 0, rejects: 0, runtime: 0.000s)

Stage: post_elab
--------------------------------------------------------
| Transform          | Accepts | Rejects | Runtime (s) | 
--------------------------------------------------------
| hlo_clip_mux_input |       0 |       0 |        0.00 | 
| hlo_clip           |       0 |       0 |        0.00 | 
--------------------------------------------------------
UM:   flow.cputime  flow.realtime  timing.setup.tns  timing.setup.wns  snapshot
UM:*                                                                   elaborate
@file(biriscv_divider.tcl) 85: set_top_module ${HDL_NAME}
@file(biriscv_divider.tcl) 86: check_design -unresolved ${HDL_NAME}


 	 Check Design Report (c)
	 ------------------- 

  Unresolved References & Empty Modules
  ------------------------------------- 
No unresolved references in design 'biriscv_divider'

No empty modules in design 'biriscv_divider'

  Done Checking the design.
@file(biriscv_divider.tcl) 87: get_db current_design
@file(biriscv_divider.tcl) 88: check_library
============================================================
  Generated by:           Genus(TM) Synthesis Solution 21.19-s055_1
  Generated on:           Nov 30 2025  05:42:13 pm
  Module:                 biriscv_divider
  Library domain:         worst
    Domain index:         0
    Technology library:   slow_vdd1v0 1.0
  Library domain:         best
    Domain index:         1
    Technology library:   fast_vdd1v2 1.0
  Operating conditions:   PVT_0P9V_125C 
  Operating conditions:   PVT_1P32V_0C 
  Interconnect mode:      global
  Area mode:              physical library
============================================================

                                                                              
==============================================================================
Library Domain   Total cells   LS cell   ISO cell   Combo (LS+ISO)   SR Flops 
------------------------------------------------------------------------------
best(1.32)       426           0         0          0                0        
worst(0.9)       426           0         0          0                0        
------------------------------------------------------------------------------

Unusable libcells
=================
                                                                              
==============================================================================
Library Domain   Total cells   LS cell   ISO cell   Combo (LS+ISO)   SR Flops 
------------------------------------------------------------------------------
best(1.32)       157           0         0          0                0        
worst(0.9)       157           0         0          0                0        
------------------------------------------------------------------------------
@file(biriscv_divider.tcl) 94: read_sdc ${PROJECT_DIR}/Synthesis_div/constraints/${HDL_NAME}.sdc
Statistics for commands executed by read_sdc:
 "all_inputs"               - successful      5 , failed      0 (runtime  0.00)
 "all_outputs"              - successful      2 , failed      0 (runtime  0.00)
 "create_clock"             - successful      1 , failed      0 (runtime  0.01)
 "current_design"           - successful      1 , failed      0 (runtime  0.01)
 "get_clocks"               - successful      4 , failed      0 (runtime  0.00)
 "get_nets"                 - successful      2 , failed      0 (runtime  0.00)
 "get_ports"                - successful      7 , failed      0 (runtime  0.01)
 "remove_from_collection"   - successful      5 , failed      0 (runtime  0.00)
 "set_clock_latency"        - successful      1 , failed      0 (runtime  0.00)
 "set_clock_uncertainty"    - successful      1 , failed      0 (runtime  0.01)
 "set_ideal_net"            - successful      2 , failed      0 (runtime  0.01)
 "set_input_delay"          - successful      1 , failed      0 (runtime  0.01)
 "set_input_transition"     - successful      4 , failed      0 (runtime  0.04)
 "set_load"                 - successful      1 , failed      0 (runtime  0.00)
 "set_output_delay"         - successful      1 , failed      0 (runtime  0.00)
read_sdc completed in 00:00:00 (hh:mm:ss)
@file(biriscv_divider.tcl) 95: report timing -lint
============================================================
  Generated by:           Genus(TM) Synthesis Solution 21.19-s055_1
  Generated on:           Nov 30 2025  05:42:13 pm
  Module:                 biriscv_divider
  Library domain:         worst
    Domain index:         0
    Technology library:   slow_vdd1v0 1.0
  Library domain:         best
    Domain index:         1
    Technology library:   fast_vdd1v2 1.0
  Operating conditions:   PVT_0P9V_125C 
  Operating conditions:   PVT_1P32V_0C 
  Interconnect mode:      global
  Area mode:              physical library
============================================================


Lint summary
 Unconnected/logic driven clocks                                  0
 Sequential data pins driven by a clock signal                    0
 Sequential clock pins without clock waveform                     0
 Sequential clock pins with multiple clock waveforms              0
 Generated clocks without clock waveform                          0
 Generated clocks with incompatible options                       0
 Generated clocks with multi-master clock                         0
 Paths constrained with different clocks                          0
 Loop-breaking cells for combinational feedback                   0
 Nets with multiple drivers                                       0
 Timing exceptions with no effect                                 0
 Suspicious multi_cycle exceptions                                0
 Pins/ports with conflicting case constants                       0
 Inputs without clocked external delays                           0
 Outputs without clocked external delays                          0
 Inputs without external driver/transition                        0
 Outputs without external load                                    0
 Exceptions with invalid timing start-/endpoints                  0

                                                  Total:          0
@file(biriscv_divider.tcl) 96: report_timing -lint > ${RPT_DIR}/${freq_mhz}_MHz/${OP_CORNER}/${HDL_NAME}_timing_lint.rpt
@file(biriscv_divider.tcl) 101: set_db auto_ungroup both ;# (none|both) ungrouping will not be performed
  Setting attribute of root '/': 'auto_ungroup' = both
@file(biriscv_divider.tcl) 114: syn_generic ${HDL_NAME} 

Stage: pre_early_cg
-----------------------------------------------
| Transform | Accepts | Rejects | Runtime (s) | 
-----------------------------------------------
-----------------------------------------------
##Generic Timing Info for library domain: worst typical gate delay: 152.5 ps std_slew: 18.2 ps std_load: 1.0 fF
Starting mux data reorder optimization [v1.0] (stage: pre_to_gen_setup, startdef: biriscv_divider, recur: true)
Completed mux data reorder optimization (accepts: 0, rejects: 0, runtime: 0.001s)

Stage: pre_to_gen_setup
-----------------------------------------------------
| Transform       | Accepts | Rejects | Runtime (s) | 
-----------------------------------------------------
| hlo_mux_reorder |       0 |       0 |        0.00 | 
-----------------------------------------------------
Info    : Deleting instances not driving any primary outputs. [GLO-34]
        : Deleting 1 hierarchical instance.
        : Optimizations such as constant propagation or redundancy removal could change the connections so a hierarchical instance does not drive any primary outputs anymore. To see the list of deleted hierarchical instances, set the 'information_level' attribute to 2 or above. If the message is truncated set the message attribute 'truncate' to false to see the complete list. To prevent this optimization, set the 'delete_unloaded_insts' root/subdesign attribute to 'false' or 'preserve' instance attribute to 'true'.
Current PLE settings:

Aspect ratio        : 1.000
Shrink factor       : 1.000
Scale of res/length : 1.000
Scale of cap/length : 1.000
Net derating factor : 1.000
Thermal factor      : 1.324
Via Resistance      : 0.600 ohm (from qrc_tech_file)
Site size           : 1.910 um (from lef [tech+cell])

                                    Capacitance  
   Layer                             / Length         Data source:
 Name        Direction Utilization  (pF/micron)       qrc_tech_file
-------------------------------------------------
metal1_conn      H         0.00        0.000367  
metal2_conn      V         1.00        0.000317  
metal3_conn      H         1.00        0.000315  
metal4_conn      V         1.00        0.000317  
metal5_conn      H         1.00        0.000317  
metal6_conn      V         1.00        0.000318  
metal7_conn      H         1.00        0.000318  
metal8_conn      V         1.00        0.000315  
metal9_conn      H         1.00        0.001755  
metal10_conn     V         1.00        0.000854  
metal11_conn     H         1.00        0.000739  

                                     Resistance   
   Layer                              / Length         Data source:
 Name        Direction Utilization  (ohm/micron)       qrc_tech_file
--------------------------------------------------
metal1_conn      H         0.00         1.900028  
metal2_conn      V         1.00         1.183743  
metal3_conn      H         1.00         1.183743  
metal4_conn      V         1.00         1.183743  
metal5_conn      H         1.00         1.183743  
metal6_conn      V         1.00         1.183743  
metal7_conn      H         1.00         1.183743  
metal8_conn      V         1.00         0.432387  
metal9_conn      H         1.00         0.432387  
metal10_conn     V         1.00         0.157232  
metal11_conn     H         1.00         0.158932  

                                         Area     
   Layer                               / Length        Data source:
 Name        Direction Utilization     (micron)        lef_library
--------------------------------------------------
Metal1           H         0.00         0.060000  
Metal2           V         1.00         0.080000  
Metal3           H         1.00         0.080000  
Metal4           V         1.00         0.080000  
Metal5           H         1.00         0.080000  
Metal6           V         1.00         0.080000  
Metal7           H         1.00         0.080000  
Metal8           V         1.00         0.080000  
Metal9           H         1.00         0.080000  
Metal10          V         1.00         0.220000  
Metal11          H         1.00         0.220000  

Info    : Synthesizing. [SYNTH-1]
        : Synthesizing 'biriscv_divider' to generic gates using 'medium' effort.
Running Synthesis Turbo Flow Version 1.
PBS_Generic-Start - Elapsed_Time 0, CPU_Time 0.0
stamp 'PBS_Generic-Start' being created for table 'pbs_debug'

  Total Time (Wall) |  Stage Time (Wall)  |   % (Wall)   |    Date - Time     |  Memory   | Stage
--------------------+---------------------+--------------+--------------------+-----------+----------------------
 00:00:13(00:00:09) |  00:00:00(00:00:00) |   0.0(  0.0) |   17:42:14 (Nov30) |  544.4 MB | PBS_Generic-Start
--------------------+---------------------+--------------+--------------------+-----------+----------------------
Number of threads: 8 * 1   (id: pbs_debug, time_info v1.57)
Info: (*N*) indicates data that was populated from previously saved time_info database
Info: CPU time includes time of parent + longest thread
TNS Restructuring config: no_value at stage: generic applied.
Info    : Partition Based Synthesis execution skipped. [PHYS-752]
        : Design size is less than the partition size '100000' for distributed generic optimization to kick in.
Starting mux data reorder optimization [v1.0] (stage: pre_to_gen_setup, startdef: biriscv_divider, recur: true)
Completed mux data reorder optimization (accepts: 0, rejects: 0, runtime: 0.005s)

Stage: pre_to_gen_setup
-----------------------------------------------------
| Transform       | Accepts | Rejects | Runtime (s) | 
-----------------------------------------------------
| hlo_mux_reorder |       0 |       0 |        0.00 | 
-----------------------------------------------------
Starting mux data reorder optimization [v1.0] (stage: post_to_gen_setup, startdef: biriscv_divider, recur: true)
Completed mux data reorder optimization (accepts: 0, rejects: 0, runtime: 0.001s)

Stage: post_to_gen_setup
-----------------------------------------------------
| Transform       | Accepts | Rejects | Runtime (s) | 
-----------------------------------------------------
| hlo_mux_reorder |       0 |       0 |        0.00 | 
-----------------------------------------------------
Current PLE settings:

Aspect ratio        : 1.000
Shrink factor       : 1.000
Scale of res/length : 1.000
Scale of cap/length : 1.000
Net derating factor : 1.000
Thermal factor      : 1.324
Via Resistance      : 0.600 ohm (from qrc_tech_file)
Site size           : 1.910 um (from lef [tech+cell])

                                    Capacitance  
   Layer                             / Length         Data source:
 Name        Direction Utilization  (pF/micron)       qrc_tech_file
-------------------------------------------------
metal1_conn      H         0.00        0.000367  
metal2_conn      V         1.00        0.000317  
metal3_conn      H         1.00        0.000315  
metal4_conn      V         1.00        0.000317  
metal5_conn      H         1.00        0.000317  
metal6_conn      V         1.00        0.000318  
metal7_conn      H         1.00        0.000318  
metal8_conn      V         1.00        0.000315  
metal9_conn      H         1.00        0.001755  
metal10_conn     V         1.00        0.000854  
metal11_conn     H         1.00        0.000739  

                                     Resistance   
   Layer                              / Length         Data source:
 Name        Direction Utilization  (ohm/micron)       qrc_tech_file
--------------------------------------------------
metal1_conn      H         0.00         1.900028  
metal2_conn      V         1.00         1.183743  
metal3_conn      H         1.00         1.183743  
metal4_conn      V         1.00         1.183743  
metal5_conn      H         1.00         1.183743  
metal6_conn      V         1.00         1.183743  
metal7_conn      H         1.00         1.183743  
metal8_conn      V         1.00         0.432387  
metal9_conn      H         1.00         0.432387  
metal10_conn     V         1.00         0.157232  
metal11_conn     H         1.00         0.158932  

                                         Area     
   Layer                               / Length        Data source:
 Name        Direction Utilization     (micron)        lef_library
--------------------------------------------------
Metal1           H         0.00         0.060000  
Metal2           V         1.00         0.080000  
Metal3           H         1.00         0.080000  
Metal4           V         1.00         0.080000  
Metal5           H         1.00         0.080000  
Metal6           V         1.00         0.080000  
Metal7           H         1.00         0.080000  
Metal8           V         1.00         0.080000  
Metal9           H         1.00         0.080000  
Metal10          V         1.00         0.220000  
Metal11          H         1.00         0.220000  

Running Unified Mux Engine Tricks...
Completed Unified Mux Engine Tricks

Stage: pre_hlo_rtlopt
-------------------------------------------
| Trick | Accepts | Rejects | Runtime (s) | 
-------------------------------------------
-------------------------------------------
Starting infer macro optimization [v1.0] (stage: pre_rtlopt, startdef: biriscv_divider, recur: true)
Info    : Deleting instances not driving any primary outputs. [GLO-34]
        : Deleting 4 hierarchical instances.
Completed infer macro optimization (accepts: 2, rejects: 6, runtime: 0.014s)
Starting decode mux sandwich optimization [v2.0] (stage: pre_rtlopt, startdef: biriscv_divider, recur: true)
Completed decode mux sandwich optimization (accepts: 0, rejects: 0, runtime: 0.000s)
Starting decode mux optimization [v1.0] (stage: pre_rtlopt, startdef: biriscv_divider, recur: true)
Completed decode mux optimization (accepts: 0, rejects: 0, runtime: 0.000s)
Starting chop wide muxes [v1.0] (stage: pre_rtlopt, startdef: biriscv_divider, recur: true)
Completed chop wide muxes (accepts: 0, rejects: 0, runtime: 0.000s)
Starting common data mux cascade opt [v1.0] (stage: pre_rtlopt, startdef: biriscv_divider, recur: true)
Completed common data mux cascade opt (accepts: 0, rejects: 0, runtime: 0.001s)
Starting mux input consolidation [v1.0] (stage: pre_rtlopt, startdef: biriscv_divider, recur: true)
Completed mux input consolidation (accepts: 0, rejects: 0, runtime: 0.000s)
Starting constant-data mux optimization [v1.0] (stage: pre_rtlopt, startdef: biriscv_divider, recur: true)
Completed constant-data mux optimization (accepts: 0, rejects: 0, runtime: 0.000s)
Starting chain-to-tree inequality transform [v2.0] (stage: pre_rtlopt, startdef: biriscv_divider, recur: true)
Completed chain-to-tree inequality transform (accepts: 0, rejects: 0, runtime: 0.009s)
Starting reconvergence optimization [v1.0] (stage: pre_rtlopt, startdef: biriscv_divider, recur: true)
Completed reconvergence optimization (accepts: 0, rejects: 0, runtime: 0.000s)
Starting logic restructure optimization [v1.0] (stage: pre_rtlopt, startdef: biriscv_divider, recur: true)
Completed logic restructure optimization (accepts: 0, rejects: 0, runtime: 0.001s)
Starting common select mux optimization [v1.0] (stage: pre_rtlopt, startdef: biriscv_divider, recur: true)
Completed common select mux optimization (accepts: 0, rejects: 0, runtime: 0.000s)
Starting identity transform [v3.0] (stage: pre_rtlopt, startdef: biriscv_divider, recur: true)
Completed identity transform (accepts: 0, rejects: 1, runtime: 0.001s)
Starting reduce operator chain [v1.0] (stage: pre_rtlopt, startdef: biriscv_divider, recur: true)
Completed reduce operator chain (accepts: 0, rejects: 0, runtime: 0.001s)
Starting common data mux cascade opt [v1.0] (stage: pre_rtlopt, startdef: biriscv_divider, recur: true)
Completed common data mux cascade opt (accepts: 0, rejects: 0, runtime: 0.000s)
Starting mux input consolidation [v1.0] (stage: pre_rtlopt, startdef: biriscv_divider, recur: true)
Completed mux input consolidation (accepts: 0, rejects: 0, runtime: 0.000s)
Starting optimize datapath elements [v1.0] (stage: pre_rtlopt, startdef: biriscv_divider, recur: true)
Completed optimize datapath elements (accepts: 6, rejects: 0, runtime: 0.005s)
Starting datapath recasting [v1.0] (stage: pre_rtlopt, startdef: biriscv_divider, recur: true)
Completed datapath recasting (accepts: 0, rejects: 0, runtime: 0.000s)
Starting clip mux common data inputs [v1.0] (stage: pre_rtlopt, startdef: biriscv_divider, recur: true)
Completed clip mux common data inputs (accepts: 0, rejects: 0, runtime: 0.001s)
Starting clip the non-user hierarchies [v2.0] (stage: pre_rtlopt, startdef: biriscv_divider, recur: true)
Completed clip the non-user hierarchies (accepts: 0, rejects: 0, runtime: 0.000s)

Stage: pre_rtlopt
---------------------------------------------------------------
| Transform                 | Accepts | Rejects | Runtime (s) | 
---------------------------------------------------------------
| hlo_infer_macro           |       2 |       6 |        0.01 | 
| hlo_decode_mux_sandwich   |       0 |       0 |        0.00 | 
| hlo_mux_decode            |       0 |       0 |        0.00 | 
| hlo_chop_mux              |       0 |       0 |        0.00 | 
| hlo_mux_cascade_opt       |       0 |       0 |        0.00 | 
| hlo_mux_consolidation     |       0 |       0 |        0.00 | 
| hlo_constant_mux_opt      |       0 |       0 |        0.00 | 
| hlo_inequality_transform  |       0 |       0 |        0.01 | 
| hlo_reconv_opt            |       0 |       0 |        0.00 | 
| hlo_restructure           |       0 |       0 |        0.00 | 
| hlo_common_select_muxopto |       0 |       0 |        0.00 | 
| hlo_identity_transform    |       0 |       1 |        0.00 | 
| hlo_reduce_operator_chain |       0 |       0 |        0.00 | 
| hlo_mux_cascade_opt       |       0 |       0 |        0.00 | 
| hlo_mux_consolidation     |       0 |       0 |        0.00 | 
| hlo_optimize_datapath     |       6 |       0 |        0.00 | 
| hlo_datapath_recast       |       0 |       0 |        0.00 | 
| hlo_clip_mux_input        |       0 |       0 |        0.00 | 
| hlo_clip                  |       0 |       0 |        0.00 | 
---------------------------------------------------------------
Running Unified Mux Engine Tricks...
Completed Unified Mux Engine Tricks

Stage: post_hlo_rtlopt
-------------------------------------------------
| Trick       | Accepts | Rejects | Runtime (s) | 
-------------------------------------------------
| ume_runtime |       0 |       0 |        0.00 | 
-------------------------------------------------
Number of big hc bmuxes before = 0
Info    : Pre-processed datapath logic. [DPOPT-6]
        : Pre-processing optimizations applied to datapath logic in 'biriscv_divider':
          live_trim(1) 
Info    : Optimizing datapath logic. [DPOPT-1]
        : Optimizing datapath logic in 'biriscv_divider'.
Info    : Implementing datapath configurations. [DPOPT-3]
        : Implementing datapath configurations for 'CDN_DP_region_0_2'
CSAGen Prep Share:0 Re-Write:1 Speculation: 0
MaxCSA: Successfully built Maximal CSA Expression Expr0
MaxCSA: Successfully built Maximal CSA Expression Expr1
MaxCSA: Successfully built Maximal CSA Expression Expr2
MaxCSA: Successfully built Maximal CSA Expression Expr3
Info    : Accepted resource sharing opportunity. [RTLOPT-30]
        : Merged the following sets of instances in 'CDN_DP_region_0_2_c7 in biriscv_divider':
	  (SUB_TC_OP_30, SUB_TC_OP_2)

Info    : Accepted resource sharing opportunity. [RTLOPT-30]
        : Merged the following sets of instances in 'CDN_DP_region_0_2_c1 in biriscv_divider':
	  (lte_220_48, gt_226_30)
	  (minus_264_39, minus_262_39)

Info    : Accepted resource sharing opportunity. [RTLOPT-30]
        : Merged the following sets of instances in 'CDN_DP_region_0_2_c2 in biriscv_divider':
	  (lte_220_48, gt_226_30)
	  (minus_264_39, minus_262_39)

Info    : Accepted resource sharing opportunity. [RTLOPT-30]
        : Merged the following sets of instances in 'CDN_DP_region_0_2_c3 in biriscv_divider':
	  (lte_220_48, gt_226_30)
	  (minus_264_39, minus_262_39)

Info    : Accepted resource sharing opportunity. [RTLOPT-30]
        : Merged the following sets of instances in 'CDN_DP_region_0_2_c4 in biriscv_divider':
	  (lte_220_48, gt_226_30)
	  (minus_264_39, minus_262_39)

Info    : Accepted resource sharing opportunity. [RTLOPT-30]
        : Merged the following sets of instances in 'CDN_DP_region_0_2_c5 in biriscv_divider':
	  (lte_220_48, gt_226_30)
	  (minus_264_39, minus_262_39)

Info    : Accepted resource sharing opportunity. [RTLOPT-30]
        : Merged the following sets of instances in 'CDN_DP_region_0_2_c6 in biriscv_divider':
	  (gt_226_30, lte_220_48)
	  (minus_262_39, minus_264_39)

CDN_DP_region_0_2 level = 0 loads = 0 drivers = 0
CDN_DP_region_0_2_c0 in biriscv_divider: area: 28667588985 ,dp = 14 mux = 11 sg = slow         worst_clk_period: -1.0000 
    wns: 3230  norm_wns:  -1.0000 
    fail_endp: -1 
    tns:  95927  tns_per_endp:  -1.0000   norm_tns_per_endp:  -1.0000 
    tns_sense_max:  -1.0000  tns_sense_avg:  -1.0000   tns_sense_num: -1
    power:  -9223372036854775808  
 skipped
CDN_DP_region_0_2_c1 in biriscv_divider: area: 23732084565 ,dp = 6 mux = 12 sg = fast         worst_clk_period: -1.0000 
    wns: 3230  norm_wns:  -1.0000 
    fail_endp: -1 
    tns:  92245  tns_per_endp:  -1.0000   norm_tns_per_endp:  -1.0000 
    tns_sense_max:  -1.0000  tns_sense_avg:  -1.0000   tns_sense_num: -1
    power:  -9223372036854775808  
 is current best
CDN_DP_region_0_2_c2 in biriscv_divider: area: 23732084565 ,dp = 6 mux = 12 sg = very_slow    worst_clk_period: -1.0000 
    wns: 3230  norm_wns:  -1.0000 
    fail_endp: -1 
    tns:  92245  tns_per_endp:  -1.0000   norm_tns_per_endp:  -1.0000 
    tns_sense_max:  -1.0000  tns_sense_avg:  -1.0000   tns_sense_num: -1
    power:  -9223372036854775808  
 is current best
CDN_DP_region_0_2_c3 in biriscv_divider: area: 23732084565 ,dp = 6 mux = 12 sg = very_fast    worst_clk_period: -1.0000 
    wns: 3230  norm_wns:  -1.0000 
    fail_endp: -1 
    tns:  92245  tns_per_endp:  -1.0000   norm_tns_per_endp:  -1.0000 
    tns_sense_max:  -1.0000  tns_sense_avg:  -1.0000   tns_sense_num: -1
    power:  -9223372036854775808  
 is current best
CDN_DP_region_0_2_c4 in biriscv_divider: area: 23732084565 ,dp = 6 mux = 12 sg = very_fast    worst_clk_period: -1.0000 
    wns: 3230  norm_wns:  -1.0000 
    fail_endp: -1 
    tns:  92245  tns_per_endp:  -1.0000   norm_tns_per_endp:  -1.0000 
    tns_sense_max:  -1.0000  tns_sense_avg:  -1.0000   tns_sense_num: -1
    power:  -9223372036854775808  
 is current best
CDN_DP_region_0_2_c5 in biriscv_divider: area: 23732084565 ,dp = 6 mux = 12 sg = very_fast    worst_clk_period: -1.0000 
    wns: 3230  norm_wns:  -1.0000 
    fail_endp: -1 
    tns:  92245  tns_per_endp:  -1.0000   norm_tns_per_endp:  -1.0000 
    tns_sense_max:  -1.0000  tns_sense_avg:  -1.0000   tns_sense_num: -1
    power:  -9223372036854775808  
 is current best
CDN_DP_region_0_2_c6 in biriscv_divider: area: 23732084565 ,dp = 6 mux = 12 sg = very_fast    worst_clk_period: -1.0000 
    wns: 3230  norm_wns:  -1.0000 
    fail_endp: -1 
    tns:  92245  tns_per_endp:  -1.0000   norm_tns_per_endp:  -1.0000 
    tns_sense_max:  -1.0000  tns_sense_avg:  -1.0000   tns_sense_num: -1
    power:  -9223372036854775808  
 is current best
CDN_DP_region_0_2_c7 in biriscv_divider: area: 27818297640 ,dp = 7 mux = 11 sg = very_fast    worst_clk_period: -1.0000 
    wns: 3230  norm_wns:  -1.0000 
    fail_endp: -1 
    tns:  99277  tns_per_endp:  -1.0000   norm_tns_per_endp:  -1.0000 
    tns_sense_max:  -1.0000  tns_sense_avg:  -1.0000   tns_sense_num: -1
    power:  -9223372036854775808  

Best config: CDN_DP_region_0_2_c6 in biriscv_divider: area: 23732084565 ,dp = 6 mux = 12 sg = very_fast    worst_clk_period: -1.0000 
    wns: 3230  norm_wns:  -1.0000 
    fail_endp: -1 
    tns:  92245  tns_per_endp:  -1.0000   norm_tns_per_endp:  -1.0000 
    tns_sense_max:  -1.0000  tns_sense_avg:  -1.0000   tns_sense_num: -1
    power:  -9223372036854775808  
  Smallest config area : 23732084565.  Fastest config wns;  3230
##>+----------------------------------------------------------------------------------------------------------------------------------------------------------------+
##>Summary table of configs (Best config is CDN_DP_region_0_2_c6)
##>+----------------------------------------------------------------------------------------------------------------------------------------------------------------+
##>                     0                  1                  2                  3                  4                  5                  6                  7            
##>+----------------------------------------------------------------------------------------------------------------------------------------------------------------+
##>           Area      28667588985        23732084565        23732084565        23732084565        23732084565        23732084565        23732084565        27818297640  
##>            WNS          -323.00            -323.00            -323.00            -323.00            -323.00            -323.00            -323.00            -323.00  
##>            TNS            95927              92245              92245              92245              92245              92245              92245              99277  
##>    Num Rewrite                0                  0                  0                  0                  0                  0                  0                  1  
##>     Num Factor                0                  0                  0                  0                  0                  0                  0                  0  
##>      Num Share                0                  2                  2                  2                  2                  2                  2                  1  
##>   Num CmultCse                0                  0                  0                  0                  0                  0                  0                  0  
##>   Num Downsize                0                  0                  0                  0                  0                  0                  0                  0  
##>  Num Speculate                0                  0                  0                  0                  0                  0                  0                  0  
##>     Runtime(s)                0                  0                  0                  0                  0                  0                  0                  1  
+----------------------------------------------------------------------------------------------------------------------------------------------------------------+
##>
##>
##>+-----------------------------------------------------------------------------------------------------------------------------------------------------------------------------------------------------+
##>Optimization Step DEBUG Table for config CDN_DP_region_0_2_c6
##>
##>                          Step                        Area   (  % Chg)         WNS (Change)          TNS (Change)                Power   (  % Chg)        Runtime (s)        Comment                   
##>+-----------------------------------------------------------------------------------------------------------------------------------------------------------------------------------------------------+
##>createMaxCarrySave              START            28667588985 (       )    107373859.40 (        )          0 (        )                    0 (       )              
##> datapath_rewrite_one_def       START            28667588985 (  +0.00)    107373859.40 (   +0.00)          0 (       0)                    0 (  +0.00)              
##>  fast_cse_elim                 START            28667588985 (  +0.00)    107373859.40 (   +0.00)          0 (       0)                    0 (  +0.00)              
##>                                  END            28656906075 (  -0.04)    107373859.40 (   +0.00)          0 (       0)                    0 (  +0.00)           0  
##>  fast_cse_elim                 START            28656906075 (  +0.00)    107373859.40 (   +0.00)          0 (       0)                    0 (  +0.00)              
##>                                  END            28656906075 (  +0.00)    107373859.40 (   +0.00)          0 (       0)                    0 (  +0.00)           0  
##>                                  END            28656906075 (  -0.04)    107373859.40 (   +0.00)          0 (       0)                    0 (  +0.00)           0  
##> dpopt_share_one_def            START            28656906075 (  +0.00)    107373859.40 (   +0.00)          0 (       0)                    0 (  +0.00)              
##>                                  END            25569545085 ( -10.77)    107373859.40 (   +0.00)          0 (       0)                    0 (  +0.00)           0  
##> csa_opto                       START            25569545085 (  +0.00)    214748364.70 (+107374505.30)          0 (       0)                    0 (  +0.00)              
##>                                  END            25569545085 (  +0.00)    214748364.70 (   +0.00)          0 (       0)                    0 (  +0.00)           0  
##>                                  END            25569545085 ( -10.81)    214748364.70 (+107374505.30)          0 (       0)                    0 (  +0.00)           0  
##>canonicalize_by_names           START            25569545085 (  +0.00)    214748364.70 (   +0.00)          0 (       0)                    0 (  +0.00)              
##>                                  END            25569545085 (  +0.00)    214748364.70 (   +0.00)          0 (       0)                    0 (  +0.00)           0  
##>datapath_rewrite_post_csa_one_  START            25569545085 (  +0.00)    214748364.70 (   +0.00)          0 (       0)                    0 (  +0.00)              
##>                                  END            25569545085 (  +0.00)    214748364.70 (   +0.00)          0 (       0)                    0 (  +0.00)           0  
##>datapath_csa_factoring_one_gde  START            25569545085 (  +0.00)    214748364.70 (   +0.00)          0 (       0)                    0 (  +0.00)              
##>                                  END            25569545085 (  +0.00)    214748364.70 (   +0.00)          0 (       0)                    0 (  +0.00)           0  
##>dpopt_share_one_def             START            25569545085 (  +0.00)    214748364.70 (   +0.00)          0 (       0)                    0 (  +0.00)              
##>                                  END            25569545085 (  +0.00)    214748364.70 (   +0.00)          0 (       0)                    0 (  +0.00)           0  
##>datapath_rewrite_post_share     START            25569545085 (  +0.00)    214748364.70 (   +0.00)          0 (       0)                    0 (  +0.00)              
##>                                  END            25569545085 (  +0.00)    214748364.70 (   +0.00)          0 (       0)                    0 (  +0.00)           0  
##>dp_combine_const_mult_with_com  START            25569545085 (  +0.00)    214748364.70 (   +0.00)          0 (       0)                    0 (  +0.00)              
##>                                  END            25569545085 (  +0.00)    214748364.70 (   +0.00)          0 (       0)                    0 (  +0.00)           0  
##>speculate_in_gdef               START            25569545085 (  +0.00)    214748364.70 (   +0.00)          0 (       0)                    0 (  +0.00)              
##> pre_speculate_mux_merge        START            25569545085 (  +0.00)    214748364.70 (   +0.00)          0 (       0)                    0 (  +0.00)              
##>                                  END            25569545085 (  +0.00)    214748364.70 (   +0.00)          0 (       0)                    0 (  +0.00)           0  
##>                                  END            25569545085 (  +0.00)    214748364.70 (   +0.00)          0 (       0)                    0 (  +0.00)           0  
##>dp_operator_level_decompositio  START            25569545085 (  +0.00)    214748364.70 (   +0.00)          0 (       0)                    0 (  +0.00)              
##>                                  END            25569545085 (  +0.00)    214748364.70 (   +0.00)          0 (       0)                    0 (  +0.00)           0  
##>selective_flatten_dp_config     START            25569545085 (  +0.00)    214748364.70 (   +0.00)          0 (       0)                    0 (  +0.00)              
##>                                  END            24522619905 (  -4.09)    214748364.70 (   +0.00)          0 (       0)                    0 (  +0.00)           0  
##>createMaxCarrySave              START            24522619905 (  +0.00)    214748364.70 (   +0.00)          0 (       0)                    0 (  +0.00)              
##> datapath_rewrite_one_def       START            24522619905 (  +0.00)    214748364.70 (   +0.00)          0 (       0)                    0 (  +0.00)              
##>  fast_cse_elim                 START            24522619905 (  +0.00)    214748364.70 (   +0.00)          0 (       0)                    0 (  +0.00)              
##>                                  END            24522619905 (  +0.00)    214748364.70 (   +0.00)          0 (       0)                    0 (  +0.00)           0  
##>  fast_cse_elim                 START            24522619905 (  +0.00)    214748364.70 (   +0.00)          0 (       0)                    0 (  +0.00)              
##>                                  END            24522619905 (  +0.00)    214748364.70 (   +0.00)          0 (       0)                    0 (  +0.00)           0  
##>                                  END            24522619905 (  +0.00)    214748364.70 (   +0.00)          0 (       0)                    0 (  +0.00)           0  
##> dpopt_share_one_def            START            24522619905 (  +0.00)    214748364.70 (   +0.00)          0 (       0)                    0 (  +0.00)              
##>                                  END            24522619905 (  +0.00)    214748364.70 (   +0.00)          0 (       0)                    0 (  +0.00)           0  
##> csa_opto                       START            24522619905 (  +0.00)    214748364.70 (   +0.00)          0 (       0)                    0 (  +0.00)              
##>                                  END            24522619905 (  +0.00)    214748364.70 (   +0.00)          0 (       0)                    0 (  +0.00)           0  
##>                                  END            24522619905 (  +0.00)    214748364.70 (   +0.00)          0 (       0)                    0 (  +0.00)           0  
##>context_based_simplify          START            24522619905 (  +0.00)    214748364.70 (   +0.00)          0 (       0)                    0 (  +0.00)              
##>                                  END            23732084565 (  -3.22)    214748364.70 (   +0.00)          0 (       0)                    0 (  +0.00)           0  
##>group_csa_final_adder_dp        START            23732084565 (  +0.00)    214748364.70 (   +0.00)          0 (       0)                    0 (  +0.00)              
##>                                  END            23732084565 (  +0.00)    214748364.70 (   +0.00)          0 (       0)                    0 (  +0.00)           0  
##>dpopt_flatten_critical_muxes_i  START            23732084565 (  +0.00)    214748364.70 (   +0.00)          0 (       0)                    0 (  +0.00)              
##>                                  END            23732084565 (  +0.00)    214748364.70 (   +0.00)          0 (       0)                    0 (  +0.00)           0  
##>speculate_in_gdef               START            23732084565 (  +0.00)    214748364.70 (   +0.00)          0 (       0)                    0 (  +0.00)              
##> pre_speculate_mux_merge        START            23732084565 (  +0.00)    214748364.70 (   +0.00)          0 (       0)                    0 (  +0.00)              
##>                                  END            23732084565 (  +0.00)    214748364.70 (   +0.00)          0 (       0)                    0 (  +0.00)           0  
##>                                  END            23732084565 (  +0.00)    214748364.70 (   +0.00)          0 (       0)                    0 (  +0.00)           0  
##>create_score                    START            23732084565 (  +0.00)     -323.00 (-214748687.70)      92245 (   92245)                    0 (  +0.00)              
##>                                  END            23732084565 (  +0.00)     -323.00 (   +0.00)      92245 (       0)                    0 (  +0.00)           0  
##>+-----------------------------------------------------------------------------------------------------------------------------------------------------------------------------------------------------+
Committed config: CDN_DP_region_0_2_c6
Info    : Done implementing datapath configurations. [DPOPT-4]
        : Selected 'very_fast' configuration 6 for module 'CDN_DP_region_0_2_c6'.
          Optimizations applied to 'very_fast' configuration:
            rewriting(0), factoring(0), sharing(2), cmultcse(0), downsizing(0), speculation(0)
Info    : Implementing datapath configurations. [DPOPT-3]
        : Implementing datapath configurations for 'CDN_DP_region_0_1'
CSAGen Prep Share:0 Re-Write:0 Speculation: 0
MaxCSA: Successfully built Maximal CSA Expression Expr4
CDN_DP_region_0_1 level = 0 loads = 0 drivers = 0
CDN_DP_region_0_1_c0 in biriscv_divider: area: 2734824960 ,dp = 2 mux = 1 sg = slow         worst_clk_period: -1.0000 
    wns: 0  norm_wns:  -1.0000 
    fail_endp: -1 
    tns:  0  tns_per_endp:  -1.0000   norm_tns_per_endp:  -1.0000 
    tns_sense_max:  -1.0000  tns_sense_avg:  -1.0000   tns_sense_num: -1
    power:  -9223372036854775808  
 skipped
CDN_DP_region_0_1_c1 in biriscv_divider: area: 2734824960 ,dp = 2 mux = 1 sg = fast         worst_clk_period: -1.0000 
    wns: 0  norm_wns:  -1.0000 
    fail_endp: -1 
    tns:  0  tns_per_endp:  -1.0000   norm_tns_per_endp:  -1.0000 
    tns_sense_max:  -1.0000  tns_sense_avg:  -1.0000   tns_sense_num: -1
    power:  -9223372036854775808  
 is current best
CDN_DP_region_0_1_c2 in biriscv_divider: area: 2734824960 ,dp = 2 mux = 1 sg = very_slow    worst_clk_period: -1.0000 
    wns: 0  norm_wns:  -1.0000 
    fail_endp: -1 
    tns:  0  tns_per_endp:  -1.0000   norm_tns_per_endp:  -1.0000 
    tns_sense_max:  -1.0000  tns_sense_avg:  -1.0000   tns_sense_num: -1
    power:  -9223372036854775808  
 is current best
CDN_DP_region_0_1_c3 in biriscv_divider: area: 2734824960 ,dp = 2 mux = 1 sg = very_fast    worst_clk_period: -1.0000 
    wns: 0  norm_wns:  -1.0000 
    fail_endp: -1 
    tns:  0  tns_per_endp:  -1.0000   norm_tns_per_endp:  -1.0000 
    tns_sense_max:  -1.0000  tns_sense_avg:  -1.0000   tns_sense_num: -1
    power:  -9223372036854775808  
 is current best
CDN_DP_region_0_1_c4 in biriscv_divider: area: 2734824960 ,dp = 2 mux = 1 sg = very_fast    worst_clk_period: -1.0000 
    wns: 0  norm_wns:  -1.0000 
    fail_endp: -1 
    tns:  0  tns_per_endp:  -1.0000   norm_tns_per_endp:  -1.0000 
    tns_sense_max:  -1.0000  tns_sense_avg:  -1.0000   tns_sense_num: -1
    power:  -9223372036854775808  
 is current best
CDN_DP_region_0_1_c5 in biriscv_divider: area: 2734824960 ,dp = 2 mux = 1 sg = very_fast    worst_clk_period: -1.0000 
    wns: 0  norm_wns:  -1.0000 
    fail_endp: -1 
    tns:  0  tns_per_endp:  -1.0000   norm_tns_per_endp:  -1.0000 
    tns_sense_max:  -1.0000  tns_sense_avg:  -1.0000   tns_sense_num: -1
    power:  -9223372036854775808  
 is current best
CDN_DP_region_0_1_c6 in biriscv_divider: area: 2734824960 ,dp = 2 mux = 1 sg = very_fast    worst_clk_period: -1.0000 
    wns: 0  norm_wns:  -1.0000 
    fail_endp: -1 
    tns:  0  tns_per_endp:  -1.0000   norm_tns_per_endp:  -1.0000 
    tns_sense_max:  -1.0000  tns_sense_avg:  -1.0000   tns_sense_num: -1
    power:  -9223372036854775808  
 is current best
CDN_DP_region_0_1_c7 in biriscv_divider: area: 6505892190 ,dp = 2 mux = 1 sg = very_fast    worst_clk_period: -1.0000 
    wns: 7530  norm_wns:  -1.0000 
    fail_endp: -1 
    tns:  7530  tns_per_endp:  -1.0000   norm_tns_per_endp:  -1.0000 
    tns_sense_max:  -1.0000  tns_sense_avg:  -1.0000   tns_sense_num: -1
    power:  -9223372036854775808  

Best config: CDN_DP_region_0_1_c6 in biriscv_divider: area: 2734824960 ,dp = 2 mux = 1 sg = very_fast    worst_clk_period: -1.0000 
    wns: 0  norm_wns:  -1.0000 
    fail_endp: -1 
    tns:  0  tns_per_endp:  -1.0000   norm_tns_per_endp:  -1.0000 
    tns_sense_max:  -1.0000  tns_sense_avg:  -1.0000   tns_sense_num: -1
    power:  -9223372036854775808  
  Smallest config area : 2734824960.  Fastest config wns;  0
##>+----------------------------------------------------------------------------------------------------------------------------------------------------------------+
##>Summary table of configs (Best config is CDN_DP_region_0_1_c6)
##>+----------------------------------------------------------------------------------------------------------------------------------------------------------------+
##>                     0                  1                  2                  3                  4                  5                  6                  7            
##>+----------------------------------------------------------------------------------------------------------------------------------------------------------------+
##>           Area       2734824960         2734824960         2734824960         2734824960         2734824960         2734824960         2734824960         6505892190  
##>            WNS          +351.60            +351.60            +351.60            +351.60            +351.60            +351.60            +351.60            -753.00  
##>            TNS                0                  0                  0                  0                  0                  0                  0               7530  
##>    Num Rewrite                0                  0                  0                  0                  0                  0                  0                  0  
##>     Num Factor                0                  0                  0                  0                  0                  0                  0                  0  
##>      Num Share                0                  0                  0                  0                  0                  0                  0                  0  
##>   Num CmultCse                0                  0                  0                  0                  0                  0                  0                  0  
##>   Num Downsize                0                  0                  0                  0                  0                  0                  0                  0  
##>  Num Speculate                0                  0                  0                  0                  0                  0                  0                  0  
##>     Runtime(s)                0                  0                  0                  0                  0                  0                  0                  0  
+----------------------------------------------------------------------------------------------------------------------------------------------------------------+
##>
##>
##>+-----------------------------------------------------------------------------------------------------------------------------------------------------------------------------------------------------+
##>Optimization Step DEBUG Table for config CDN_DP_region_0_1_c6
##>
##>                          Step                        Area   (  % Chg)         WNS (Change)          TNS (Change)                Power   (  % Chg)        Runtime (s)        Comment                   
##>+-----------------------------------------------------------------------------------------------------------------------------------------------------------------------------------------------------+
##>createMaxCarrySave              START             2734824960 (       )    107374534.00 (        )          0 (        )                    0 (       )              
##> datapath_rewrite_one_def       START             2734824960 (  +0.00)    107374534.00 (   +0.00)          0 (       0)                    0 (  +0.00)              
##>  fast_cse_elim                 START             2734824960 (  +0.00)    107374534.00 (   +0.00)          0 (       0)                    0 (  +0.00)              
##>                                  END             2734824960 (  +0.00)    107374534.00 (   +0.00)          0 (       0)                    0 (  +0.00)           0  
##>  fast_cse_elim                 START             2734824960 (  +0.00)    107374534.00 (   +0.00)          0 (       0)                    0 (  +0.00)              
##>                                  END             2734824960 (  +0.00)    107374534.00 (   +0.00)          0 (       0)                    0 (  +0.00)           0  
##>                                  END             2734824960 (  +0.00)    107374534.00 (   +0.00)          0 (       0)                    0 (  +0.00)           0  
##> dpopt_share_one_def            START             2734824960 (  +0.00)    107374534.00 (   +0.00)          0 (       0)                    0 (  +0.00)              
##>                                  END             2734824960 (  +0.00)    107374534.00 (   +0.00)          0 (       0)                    0 (  +0.00)           0  
##> csa_opto                       START             2734824960 (  +0.00)    214748364.70 (+107373830.70)          0 (       0)                    0 (  +0.00)              
##>                                  END             2734824960 (  +0.00)    214748364.70 (   +0.00)          0 (       0)                    0 (  +0.00)           0  
##>                                  END             2734824960 (  +0.00)    214748364.70 (+107373830.70)          0 (       0)                    0 (  +0.00)           0  
##>canonicalize_by_names           START             2734824960 (  +0.00)    214748364.70 (   +0.00)          0 (       0)                    0 (  +0.00)              
##>                                  END             2734824960 (  +0.00)    214748364.70 (   +0.00)          0 (       0)                    0 (  +0.00)           0  
##>datapath_rewrite_post_csa_one_  START             2734824960 (  +0.00)    214748364.70 (   +0.00)          0 (       0)                    0 (  +0.00)              
##>                                  END             2734824960 (  +0.00)    214748364.70 (   +0.00)          0 (       0)                    0 (  +0.00)           0  
##>datapath_csa_factoring_one_gde  START             2734824960 (  +0.00)    214748364.70 (   +0.00)          0 (       0)                    0 (  +0.00)              
##>                                  END             2734824960 (  +0.00)    214748364.70 (   +0.00)          0 (       0)                    0 (  +0.00)           0  
##>dpopt_share_one_def             START             2734824960 (  +0.00)    214748364.70 (   +0.00)          0 (       0)                    0 (  +0.00)              
##>                                  END             2734824960 (  +0.00)    214748364.70 (   +0.00)          0 (       0)                    0 (  +0.00)           0  
##>datapath_rewrite_post_share     START             2734824960 (  +0.00)    214748364.70 (   +0.00)          0 (       0)                    0 (  +0.00)              
##>                                  END             2734824960 (  +0.00)    214748364.70 (   +0.00)          0 (       0)                    0 (  +0.00)           0  
##>dp_combine_const_mult_with_com  START             2734824960 (  +0.00)    214748364.70 (   +0.00)          0 (       0)                    0 (  +0.00)              
##>                                  END             2734824960 (  +0.00)    214748364.70 (   +0.00)          0 (       0)                    0 (  +0.00)           0  
##>dp_operator_level_decompositio  START             2734824960 (  +0.00)    214748364.70 (   +0.00)          0 (       0)                    0 (  +0.00)              
##>                                  END             2734824960 (  +0.00)    214748364.70 (   +0.00)          0 (       0)                    0 (  +0.00)           0  
##>selective_flatten_dp_config     START             2734824960 (  +0.00)    214748364.70 (   +0.00)          0 (       0)                    0 (  +0.00)              
##>                                  END             2734824960 (  +0.00)    214748364.70 (   +0.00)          0 (       0)                    0 (  +0.00)           0  
##>createMaxCarrySave              START             2734824960 (  +0.00)    214748364.70 (   +0.00)          0 (       0)                    0 (  +0.00)              
##> datapath_rewrite_one_def       START             2734824960 (  +0.00)    214748364.70 (   +0.00)          0 (       0)                    0 (  +0.00)              
##>  fast_cse_elim                 START             2734824960 (  +0.00)    214748364.70 (   +0.00)          0 (       0)                    0 (  +0.00)              
##>                                  END             2734824960 (  +0.00)    214748364.70 (   +0.00)          0 (       0)                    0 (  +0.00)           0  
##>  fast_cse_elim                 START             2734824960 (  +0.00)    214748364.70 (   +0.00)          0 (       0)                    0 (  +0.00)              
##>                                  END             2734824960 (  +0.00)    214748364.70 (   +0.00)          0 (       0)                    0 (  +0.00)           0  
##>                                  END             2734824960 (  +0.00)    214748364.70 (   +0.00)          0 (       0)                    0 (  +0.00)           0  
##> dpopt_share_one_def            START             2734824960 (  +0.00)    214748364.70 (   +0.00)          0 (       0)                    0 (  +0.00)              
##>                                  END             2734824960 (  +0.00)    214748364.70 (   +0.00)          0 (       0)                    0 (  +0.00)           0  
##> csa_opto                       START             2734824960 (  +0.00)    214748364.70 (   +0.00)          0 (       0)                    0 (  +0.00)              
##>                                  END             2734824960 (  +0.00)    214748364.70 (   +0.00)          0 (       0)                    0 (  +0.00)           0  
##>                                  END             2734824960 (  +0.00)    214748364.70 (   +0.00)          0 (       0)                    0 (  +0.00)           0  
##>context_based_simplify          START             2734824960 (  +0.00)    214748364.70 (   +0.00)          0 (       0)                    0 (  +0.00)              
##>                                  END             2734824960 (  +0.00)    214748364.70 (   +0.00)          0 (       0)                    0 (  +0.00)           0  
##>group_csa_final_adder_dp        START             2734824960 (  +0.00)    214748364.70 (   +0.00)          0 (       0)                    0 (  +0.00)              
##>                                  END             2734824960 (  +0.00)    214748364.70 (   +0.00)          0 (       0)                    0 (  +0.00)           0  
##>dpopt_flatten_critical_muxes_i  START             2734824960 (  +0.00)    214748364.70 (   +0.00)          0 (       0)                    0 (  +0.00)              
##>                                  END             2734824960 (  +0.00)    214748364.70 (   +0.00)          0 (       0)                    0 (  +0.00)           0  
##>create_score                    START             2734824960 (  +0.00)      351.60 (-214748013.10)          0 (       0)                    0 (  +0.00)              
##>                                  END             2734824960 (  +0.00)      351.60 (   +0.00)          0 (       0)                    0 (  +0.00)           0  
##>+-----------------------------------------------------------------------------------------------------------------------------------------------------------------------------------------------------+
Committed config: CDN_DP_region_0_1_c6
Info    : Done implementing datapath configurations. [DPOPT-4]
        : Selected 'very_fast' configuration 6 for module 'CDN_DP_region_0_1_c6'.
          Optimizations applied to 'very_fast' configuration:
            rewriting(0), factoring(0), sharing(0), cmultcse(0), downsizing(0), speculation(0)
Info    : Implementing datapath configurations. [DPOPT-3]
        : Implementing datapath configurations for 'CDN_DP_region_0_0'
CSAGen Prep Share:0 Re-Write:0 Speculation: 0
MaxCSA: Successfully built Maximal CSA Expression Expr5
CDN_DP_region_0_0 level = 0 loads = 0 drivers = 0
CDN_DP_region_0_0_c0 in biriscv_divider: area: 2964507525 ,dp = 3 mux = 1 sg = slow         worst_clk_period: -1.0000 
    wns: 0  norm_wns:  -1.0000 
    fail_endp: -1 
    tns:  0  tns_per_endp:  -1.0000   norm_tns_per_endp:  -1.0000 
    tns_sense_max:  -1.0000  tns_sense_avg:  -1.0000   tns_sense_num: -1
    power:  -9223372036854775808  
 skipped
CDN_DP_region_0_0_c1 in biriscv_divider: area: 2964507525 ,dp = 2 mux = 1 sg = fast         worst_clk_period: -1.0000 
    wns: 0  norm_wns:  -1.0000 
    fail_endp: -1 
    tns:  0  tns_per_endp:  -1.0000   norm_tns_per_endp:  -1.0000 
    tns_sense_max:  -1.0000  tns_sense_avg:  -1.0000   tns_sense_num: -1
    power:  -9223372036854775808  
 is current best
CDN_DP_region_0_0_c2 in biriscv_divider: area: 2964507525 ,dp = 2 mux = 1 sg = very_slow    worst_clk_period: -1.0000 
    wns: 0  norm_wns:  -1.0000 
    fail_endp: -1 
    tns:  0  tns_per_endp:  -1.0000   norm_tns_per_endp:  -1.0000 
    tns_sense_max:  -1.0000  tns_sense_avg:  -1.0000   tns_sense_num: -1
    power:  -9223372036854775808  
 is current best
CDN_DP_region_0_0_c3 in biriscv_divider: area: 2964507525 ,dp = 2 mux = 1 sg = very_fast    worst_clk_period: -1.0000 
    wns: 0  norm_wns:  -1.0000 
    fail_endp: -1 
    tns:  0  tns_per_endp:  -1.0000   norm_tns_per_endp:  -1.0000 
    tns_sense_max:  -1.0000  tns_sense_avg:  -1.0000   tns_sense_num: -1
    power:  -9223372036854775808  
 is current best
CDN_DP_region_0_0_c4 in biriscv_divider: area: 2964507525 ,dp = 2 mux = 1 sg = very_fast    worst_clk_period: -1.0000 
    wns: 0  norm_wns:  -1.0000 
    fail_endp: -1 
    tns:  0  tns_per_endp:  -1.0000   norm_tns_per_endp:  -1.0000 
    tns_sense_max:  -1.0000  tns_sense_avg:  -1.0000   tns_sense_num: -1
    power:  -9223372036854775808  
 is current best
CDN_DP_region_0_0_c5 in biriscv_divider: area: 2964507525 ,dp = 2 mux = 1 sg = very_fast    worst_clk_period: -1.0000 
    wns: 0  norm_wns:  -1.0000 
    fail_endp: -1 
    tns:  0  tns_per_endp:  -1.0000   norm_tns_per_endp:  -1.0000 
    tns_sense_max:  -1.0000  tns_sense_avg:  -1.0000   tns_sense_num: -1
    power:  -9223372036854775808  
 is current best
CDN_DP_region_0_0_c6 in biriscv_divider: area: 2964507525 ,dp = 2 mux = 1 sg = very_fast    worst_clk_period: -1.0000 
    wns: 0  norm_wns:  -1.0000 
    fail_endp: -1 
    tns:  0  tns_per_endp:  -1.0000   norm_tns_per_endp:  -1.0000 
    tns_sense_max:  -1.0000  tns_sense_avg:  -1.0000   tns_sense_num: -1
    power:  -9223372036854775808  
 is current best
CDN_DP_region_0_0_c7 in biriscv_divider: area: 6842403855 ,dp = 2 mux = 1 sg = very_fast    worst_clk_period: -1.0000 
    wns: 7571  norm_wns:  -1.0000 
    fail_endp: -1 
    tns:  7571  tns_per_endp:  -1.0000   norm_tns_per_endp:  -1.0000 
    tns_sense_max:  -1.0000  tns_sense_avg:  -1.0000   tns_sense_num: -1
    power:  -9223372036854775808  

Best config: CDN_DP_region_0_0_c6 in biriscv_divider: area: 2964507525 ,dp = 2 mux = 1 sg = very_fast    worst_clk_period: -1.0000 
    wns: 0  norm_wns:  -1.0000 
    fail_endp: -1 
    tns:  0  tns_per_endp:  -1.0000   norm_tns_per_endp:  -1.0000 
    tns_sense_max:  -1.0000  tns_sense_avg:  -1.0000   tns_sense_num: -1
    power:  -9223372036854775808  
  Smallest config area : 2964507525.  Fastest config wns;  0
##>+----------------------------------------------------------------------------------------------------------------------------------------------------------------+
##>Summary table of configs (Best config is CDN_DP_region_0_0_c6)
##>+----------------------------------------------------------------------------------------------------------------------------------------------------------------+
##>                     0                  1                  2                  3                  4                  5                  6                  7            
##>+----------------------------------------------------------------------------------------------------------------------------------------------------------------+
##>           Area       2964507525         2964507525         2964507525         2964507525         2964507525         2964507525         2964507525         6842403855  
##>            WNS          +351.60            +351.60            +351.60            +351.60            +351.60            +351.60            +351.60            -757.10  
##>            TNS                0                  0                  0                  0                  0                  0                  0               7571  
##>    Num Rewrite                0                  0                  0                  0                  0                  0                  0                  0  
##>     Num Factor                0                  0                  0                  0                  0                  0                  0                  0  
##>      Num Share                0                  0                  0                  0                  0                  0                  0                  0  
##>   Num CmultCse                0                  0                  0                  0                  0                  0                  0                  0  
##>   Num Downsize                0                  0                  0                  0                  0                  0                  0                  0  
##>  Num Speculate                0                  0                  0                  0                  0                  0                  0                  0  
##>     Runtime(s)                0                  0                  0                  0                  0                  0                  0                  0  
+----------------------------------------------------------------------------------------------------------------------------------------------------------------+
##>
##>
##>+-----------------------------------------------------------------------------------------------------------------------------------------------------------------------------------------------------+
##>Optimization Step DEBUG Table for config CDN_DP_region_0_0_c6
##>
##>                          Step                        Area   (  % Chg)         WNS (Change)          TNS (Change)                Power   (  % Chg)        Runtime (s)        Comment                   
##>+-----------------------------------------------------------------------------------------------------------------------------------------------------------------------------------------------------+
##>createMaxCarrySave              START             2964507525 (       )    107374534.00 (        )          0 (        )                    0 (       )              
##> datapath_rewrite_one_def       START             2964507525 (  +0.00)    107374534.00 (   +0.00)          0 (       0)                    0 (  +0.00)              
##>  fast_cse_elim                 START             2964507525 (  +0.00)    107374534.00 (   +0.00)          0 (       0)                    0 (  +0.00)              
##>                                  END             2964507525 (  +0.00)    107374534.00 (   +0.00)          0 (       0)                    0 (  +0.00)           0  
##>  fast_cse_elim                 START             2964507525 (  +0.00)    107374534.00 (   +0.00)          0 (       0)                    0 (  +0.00)              
##>                                  END             2964507525 (  +0.00)    107374534.00 (   +0.00)          0 (       0)                    0 (  +0.00)           0  
##>                                  END             2964507525 (  +0.00)    107374534.00 (   +0.00)          0 (       0)                    0 (  +0.00)           0  
##> dpopt_share_one_def            START             2964507525 (  +0.00)    107374534.00 (   +0.00)          0 (       0)                    0 (  +0.00)              
##>                                  END             2964507525 (  +0.00)    107374534.00 (   +0.00)          0 (       0)                    0 (  +0.00)           0  
##> csa_opto                       START             2964507525 (  +0.00)    214748364.70 (+107373830.70)          0 (       0)                    0 (  +0.00)              
##>                                  END             2964507525 (  +0.00)    214748364.70 (   +0.00)          0 (       0)                    0 (  +0.00)           0  
##>                                  END             2964507525 (  +0.00)    214748364.70 (+107373830.70)          0 (       0)                    0 (  +0.00)           0  
##>canonicalize_by_names           START             2964507525 (  +0.00)    214748364.70 (   +0.00)          0 (       0)                    0 (  +0.00)              
##>                                  END             2964507525 (  +0.00)    214748364.70 (   +0.00)          0 (       0)                    0 (  +0.00)           0  
##>datapath_rewrite_post_csa_one_  START             2964507525 (  +0.00)    214748364.70 (   +0.00)          0 (       0)                    0 (  +0.00)              
##>                                  END             2964507525 (  +0.00)    214748364.70 (   +0.00)          0 (       0)                    0 (  +0.00)           0  
##>datapath_csa_factoring_one_gde  START             2964507525 (  +0.00)    214748364.70 (   +0.00)          0 (       0)                    0 (  +0.00)              
##>                                  END             2964507525 (  +0.00)    214748364.70 (   +0.00)          0 (       0)                    0 (  +0.00)           0  
##>dpopt_share_one_def             START             2964507525 (  +0.00)    214748364.70 (   +0.00)          0 (       0)                    0 (  +0.00)              
##>                                  END             2964507525 (  +0.00)    214748364.70 (   +0.00)          0 (       0)                    0 (  +0.00)           0  
##>datapath_rewrite_post_share     START             2964507525 (  +0.00)    214748364.70 (   +0.00)          0 (       0)                    0 (  +0.00)              
##>                                  END             2964507525 (  +0.00)    214748364.70 (   +0.00)          0 (       0)                    0 (  +0.00)           0  
##>dp_combine_const_mult_with_com  START             2964507525 (  +0.00)    214748364.70 (   +0.00)          0 (       0)                    0 (  +0.00)              
##>                                  END             2964507525 (  +0.00)    214748364.70 (   +0.00)          0 (       0)                    0 (  +0.00)           0  
##>dp_operator_level_decompositio  START             2964507525 (  +0.00)    214748364.70 (   +0.00)          0 (       0)                    0 (  +0.00)              
##>                                  END             2964507525 (  +0.00)    214748364.70 (   +0.00)          0 (       0)                    0 (  +0.00)           0  
##>selective_flatten_dp_config     START             2964507525 (  +0.00)    214748364.70 (   +0.00)          0 (       0)                    0 (  +0.00)              
##>                                  END             2964507525 (  +0.00)    214748364.70 (   +0.00)          0 (       0)                    0 (  +0.00)           0  
##>createMaxCarrySave              START             2964507525 (  +0.00)    214748364.70 (   +0.00)          0 (       0)                    0 (  +0.00)              
##> datapath_rewrite_one_def       START             2964507525 (  +0.00)    214748364.70 (   +0.00)          0 (       0)                    0 (  +0.00)              
##>  fast_cse_elim                 START             2964507525 (  +0.00)    214748364.70 (   +0.00)          0 (       0)                    0 (  +0.00)              
##>                                  END             2964507525 (  +0.00)    214748364.70 (   +0.00)          0 (       0)                    0 (  +0.00)           0  
##>  fast_cse_elim                 START             2964507525 (  +0.00)    214748364.70 (   +0.00)          0 (       0)                    0 (  +0.00)              
##>                                  END             2964507525 (  +0.00)    214748364.70 (   +0.00)          0 (       0)                    0 (  +0.00)           0  
##>                                  END             2964507525 (  +0.00)    214748364.70 (   +0.00)          0 (       0)                    0 (  +0.00)           0  
##> dpopt_share_one_def            START             2964507525 (  +0.00)    214748364.70 (   +0.00)          0 (       0)                    0 (  +0.00)              
##>                                  END             2964507525 (  +0.00)    214748364.70 (   +0.00)          0 (       0)                    0 (  +0.00)           0  
##> csa_opto                       START             2964507525 (  +0.00)    214748364.70 (   +0.00)          0 (       0)                    0 (  +0.00)              
##>                                  END             2964507525 (  +0.00)    214748364.70 (   +0.00)          0 (       0)                    0 (  +0.00)           0  
##>                                  END             2964507525 (  +0.00)    214748364.70 (   +0.00)          0 (       0)                    0 (  +0.00)           0  
##>context_based_simplify          START             2964507525 (  +0.00)    214748364.70 (   +0.00)          0 (       0)                    0 (  +0.00)              
##>                                  END             2964507525 (  +0.00)    214748364.70 (   +0.00)          0 (       0)                    0 (  +0.00)           0  
##>group_csa_final_adder_dp        START             2964507525 (  +0.00)    214748364.70 (   +0.00)          0 (       0)                    0 (  +0.00)              
##>                                  END             2964507525 (  +0.00)    214748364.70 (   +0.00)          0 (       0)                    0 (  +0.00)           0  
##>dpopt_flatten_critical_muxes_i  START             2964507525 (  +0.00)    214748364.70 (   +0.00)          0 (       0)                    0 (  +0.00)              
##>                                  END             2964507525 (  +0.00)    214748364.70 (   +0.00)          0 (       0)                    0 (  +0.00)           0  
##>create_score                    START             2964507525 (  +0.00)      351.60 (-214748013.10)          0 (       0)                    0 (  +0.00)              
##>                                  END             2964507525 (  +0.00)      351.60 (   +0.00)          0 (       0)                    0 (  +0.00)           0  
##>+-----------------------------------------------------------------------------------------------------------------------------------------------------------------------------------------------------+
Committed config: CDN_DP_region_0_0_c6
Info    : Done implementing datapath configurations. [DPOPT-4]
        : Selected 'very_fast' configuration 6 for module 'CDN_DP_region_0_0_c6'.
          Optimizations applied to 'very_fast' configuration:
            rewriting(0), factoring(0), sharing(0), cmultcse(0), downsizing(0), speculation(0)
Info:  Ungrouped 0 dp-cluster instances.  0 cluster instances were left intact, to aid verification.
Info    : Done optimizing datapath logic. [DPOPT-2]
        : Done optimizing datapath logic in 'biriscv_divider'.
Number of big hc bmuxes after = 0
Starting logic reduction [v1.0] (stage: post_rtlopt, startdef: biriscv_divider, recur: true)
Completed logic reduction (accepts: 0, rejects: 0, runtime: 0.000s)
Starting mux data reorder optimization [v1.0] (stage: post_rtlopt, startdef: biriscv_divider, recur: true)
Completed mux data reorder optimization (accepts: 0, rejects: 0, runtime: 0.002s)

Stage: post_rtlopt
---------------------------------------------------------
| Transform           | Accepts | Rejects | Runtime (s) | 
---------------------------------------------------------
| hlo_logic_reduction |       0 |       0 |        0.00 | 
| hlo_mux_reorder     |       0 |       0 |        0.00 | 
---------------------------------------------------------
Starting mux speculation [v1.0] (stage: post_muxopt, startdef: biriscv_divider, recur: true)
Starting speculation optimization
Completed speculation optimization (accepts:0)
Completed mux speculation (accepts: 0, rejects: 0, runtime: 0.078s)

Stage: post_muxopt
-----------------------------------------------------
| Transform       | Accepts | Rejects | Runtime (s) | 
-----------------------------------------------------
| hlo_speculation |       0 |       0 |        0.08 | 
-----------------------------------------------------
==================================
Stage : to_generic 
==================================
  =================
   Message Summary
  =================
-----------------------------------------------------------------------------------------------------------
|    Id     |  Sev   |Count |                                Message Text                                 |
-----------------------------------------------------------------------------------------------------------
| CDFG-372  |Info    |   33 |Bitwidth mismatch in assignment.                                             |
|           |        |      |Review and make sure the mismatch is unintentional. Genus can possibly issue |
|           |        |      | bitwidth mismatch warning for explicit assignments present in RTL           |
|           |        |      | as-well-as for implicit assignments inferred by the tool. For example, in   |
|           |        |      | case of enum declaration without value, the tool will implicitly assign     |
|           |        |      | value to the enum variables. It also issues the warning for any bitwidth    |
|           |        |      | mismatch that appears in this implicit assignment.                          |
| CDFG-373  |Info    |   32 |Sign mismatch in assignment.                                                 |
| CDFG-500  |Info    |    5 |Unused module input port.                                                    |
|           |        |      |(In port definition within the module, the input port is not used in any ass |
|           |        |      | ignment statements or conditional expressions for decision statements.      |
| CDFG-738  |Info    |    1 |Common subexpression eliminated.                                             |
| CDFG-739  |Info    |    1 |Common subexpression kept.                                                   |
| CDFG-769  |Info    |    1 |Identified sum-of-products logic to be optimized during syn_generic.         |
| CDFG-780  |Info    |    1 |Reversed the data and condition priority for priority mux chain              |
|           |        |      | (possibly created from loop based RTL), using new loop reversal algorithm.  |
| CWD-19    |Info    |   96 |An implementation was inferred.                                              |
| DPOPT-1   |Info    |    1 |Optimizing datapath logic.                                                   |
| DPOPT-2   |Info    |    1 |Done optimizing datapath logic.                                              |
| DPOPT-3   |Info    |    3 |Implementing datapath configurations.                                        |
| DPOPT-4   |Info    |    3 |Done implementing datapath configurations.                                   |
| DPOPT-6   |Info    |    1 |Pre-processed datapath logic.                                                |
| DPOPT-10  |Info    |    4 |Optimized a mux chain.                                                       |
| ELAB-1    |Info    |    1 |Elaborating Design.                                                          |
| ELAB-3    |Info    |    1 |Done Elaborating Design.                                                     |
| GB-6      |Info    |    1 |A datapath component has been ungrouped.                                     |
| GLO-34    |Info    |    2 |Deleting instances not driving any primary outputs.                          |
|           |        |      |Optimizations such as constant propagation or redundancy removal could       |
|           |        |      | change the connections so a hierarchical instance does not drive any        |
|           |        |      | primary outputs anymore. To see the list of deleted hierarchical instances, |
|           |        |      | set the 'information_level' attribute to 2 or above. If the message is      |
|           |        |      | truncated set the message attribute 'truncate' to false to see the complete |
|           |        |      | list. To prevent this optimization, set the 'delete_unloaded_insts'         |
|           |        |      | root/subdesign attribute to 'false' or 'preserve' instance attribute to     |
|           |        |      | 'true'.                                                                     |
| GLO-40    |Info    |   10 |Combinational hierarchical blocks with identical inputs have been merged.    |
|           |        |      |This optimization usually reduces design area. To prevent merging of         |
|           |        |      | combinational hierarchical blocks, set the                                  |
|           |        |      | 'merge_combinational_hier_instances' root attribute to 'false' or the       |
|           |        |      | 'merge_combinational_hier_instance' instance attribute to 'false'.          |
| LBR-9     |Warning |   40 |Library cell has no output pins defined.                                     |
|           |        |      |Add the missing output pin(s)                                                |
|           |        |      | , then reload the library. Else the library cell will be marked as timing   |
|           |        |      | model i.e. unusable. Timing_model means that the cell does not have any     |
|           |        |      | defined function. If there is no output pin, Genus will mark library cell   |
|           |        |      | as unusable i.e. the attribute 'usable' will be marked to 'false' on the    |
|           |        |      | libcell. Therefore, the cell is not used for mapping and it will not be     |
|           |        |      | picked up from the library for synthesis. If you query the attribute        |
|           |        |      | 'unusable_reason' on the libcell; result will be: 'Library cell has no      |
|           |        |      | output pins.'Note: The message LBR-9 is only for the logical pins and not   |
|           |        |      | for the power_ground pins. Genus will depend upon the output function       |
|           |        |      | defined in the pin group (output pin)                                       |
|           |        |      | of the cell, to use it for mapping. The pg_pin will not have any function   |
|           |        |      | defined.                                                                    |
| LBR-41    |Info    |    2 |An output library pin lacks a function attribute.                            |
|           |        |      |If the remainder of this library cell's semantic checks are successful, it   |
|           |        |      | will be considered as a timing-model                                        |
|           |        |      | (because one of its outputs does not have a valid function.                 |
| LBR-109   |Info    |    1 |Set default library domain.                                                  |
| LBR-155   |Info    | 2112 |Mismatch in unateness between 'timing_sense' attribute and the function.     |
|           |        |      |The 'timing_sense' attribute will be respected.                              |
| LBR-161   |Info    |    1 |Setting the maximum print count of this message to 10 if information_level   |
|           |        |      | is less than 9.                                                             |
| LBR-162   |Info    |  248 |Both 'pos_unate' and 'neg_unate' timing_sense arcs have been processed.      |
|           |        |      |Setting the 'timing_sense' to non_unate.                                     |
| LBR-412   |Info    |    2 |Created nominal operating condition.                                         |
|           |        |      |The nominal operating condition is represented, either by the nominal PVT    |
|           |        |      | values specified in the library source                                      |
|           |        |      | (via nom_process,nom_voltage and nom_temperature respectively)              |
|           |        |      | , or by the default PVT values (1.0,1.0,1.0).                               |
| LBR-518   |Info    |    2 |Missing a function attribute in the output pin definition.                   |
| PHYS-129  |Info    |  119 |Via with no resistance will have a value of '0.0' assigned for resistance    |
|           |        |      | value.                                                                      |
|           |        |      |If this is the expected behavior, this message can be ignored.               |
| PHYS-279  |Warning |  188 |Physical cell not defined in library.                                        |
|           |        |      |Ensure that the proper library files are available and have been imported.   |
| PHYS-752  |Info    |    1 |Partition Based Synthesis execution skipped.                                 |
| RTLOPT-30 |Info    |    7 |Accepted resource sharing opportunity.                                       |
| SYNTH-1   |Info    |    1 |Synthesizing.                                                                |
| TIM-1000  |Info    |    1 |Multimode clock gating check is disabled.                                    |
| TUI-280   |Info    |    1 |An additional product license has been checked out.                          |
|           |        |      |The command 'license checkin' can be used to check the license back in when  |
|           |        |      | it is no longer needed.                                                     |
-----------------------------------------------------------------------------------------------------------
Current PLE settings:

Aspect ratio        : 1.000
Shrink factor       : 1.000
Scale of res/length : 1.000
Scale of cap/length : 1.000
Net derating factor : 1.000
Thermal factor      : 1.324
Via Resistance      : 0.600 ohm (from qrc_tech_file)
Site size           : 1.910 um (from lef [tech+cell])

                                    Capacitance  
   Layer                             / Length         Data source:
 Name        Direction Utilization  (pF/micron)       qrc_tech_file
-------------------------------------------------
metal1_conn      H         0.00        0.000367  
metal2_conn      V         1.00        0.000317  
metal3_conn      H         1.00        0.000315  
metal4_conn      V         1.00        0.000317  
metal5_conn      H         1.00        0.000317  
metal6_conn      V         1.00        0.000318  
metal7_conn      H         1.00        0.000318  
metal8_conn      V         1.00        0.000315  
metal9_conn      H         1.00        0.001755  
metal10_conn     V         1.00        0.000854  
metal11_conn     H         1.00        0.000739  

                                     Resistance   
   Layer                              / Length         Data source:
 Name        Direction Utilization  (ohm/micron)       qrc_tech_file
--------------------------------------------------
metal1_conn      H         0.00         1.900028  
metal2_conn      V         1.00         1.183743  
metal3_conn      H         1.00         1.183743  
metal4_conn      V         1.00         1.183743  
metal5_conn      H         1.00         1.183743  
metal6_conn      V         1.00         1.183743  
metal7_conn      H         1.00         1.183743  
metal8_conn      V         1.00         0.432387  
metal9_conn      H         1.00         0.432387  
metal10_conn     V         1.00         0.157232  
metal11_conn     H         1.00         0.158932  

                                         Area     
   Layer                               / Length        Data source:
 Name        Direction Utilization     (micron)        lef_library
--------------------------------------------------
Metal1           H         0.00         0.060000  
Metal2           V         1.00         0.080000  
Metal3           H         1.00         0.080000  
Metal4           V         1.00         0.080000  
Metal5           H         1.00         0.080000  
Metal6           V         1.00         0.080000  
Metal7           H         1.00         0.080000  
Metal8           V         1.00         0.080000  
Metal9           H         1.00         0.080000  
Metal10          V         1.00         0.220000  
Metal11          H         1.00         0.220000  

Mapper: Libraries have:
	domain worst: 324 combo usable cells and 84 sequential usable cells
Warning : Not obtained requested number of super thread servers. [ST-136]
        : The tool is running on a 4 cpu machine.
        : The requested number of cpus are not available on machine.
Multi-threaded constant propagation [1|0] ...
Multi-threaded Virtual Mapping    (4 threads per ST process, 4 of 4 CPUs usable)
==================================
Stage : first_condense 
==================================
  =================
   Message Summary
  =================
--------------------------------------------------------------------------------------
|   Id   |  Sev   |Count |                       Message Text                        |
--------------------------------------------------------------------------------------
| GB-6   |Info    |    2 |A datapath component has been ungrouped.                   |
| ST-136 |Warning |    1 |Not obtained requested number of super thread servers.     |
|        |        |      |The requested number of cpus are not available on machine. |
--------------------------------------------------------------------------------------
 
Global mapping target info
==========================
Cost Group 'clk_i' target slack:    70 ps
Target path end-point (Pin: divisor_q_reg[39]/d)


State Retention Synthesis Status
================================

Category                        Flops   Percentage
--------------------------------------------------
Total instances                   367        100.0
Excluded from State Retention     367        100.0
    - Will not convert            367        100.0
      - Preserved                   0          0.0
      - Power intent excluded     367        100.0
    - Could not convert             0          0.0
      - Scan type                   0          0.0
      - No suitable cell            0          0.0
State Retention instances           0          0.0
--------------------------------------------------

PBS_Generic_Opt-Post - Elapsed_Time 37, CPU_Time 37.259283
stamp 'PBS_Generic_Opt-Post' being created for table 'pbs_debug'

  Total Time (Wall) |  Stage Time (Wall)  |   % (Wall)   |    Date - Time     |  Memory   | Stage
--------------------+---------------------+--------------+--------------------+-----------+----------------------
 00:00:13(00:00:09) |  00:00:00(00:00:00) |   0.0(  0.0) |   17:42:14 (Nov30) |  544.4 MB | PBS_Generic-Start
--------------------+---------------------+--------------+--------------------+-----------+----------------------
 00:00:51(00:00:46) |  00:00:37(00:00:37) | 100.0(100.0) |   17:42:51 (Nov30) |  937.7 MB | PBS_Generic_Opt-Post
--------------------+---------------------+--------------+--------------------+-----------+----------------------
Number of threads: 8 * 1   (id: pbs_debug, time_info v1.57)
Info: (*N*) indicates data that was populated from previously saved time_info database
Info: CPU time includes time of parent + longest thread
PBS_Generic-Postgen HBO Optimizations - Elapsed_Time 0, CPU_Time 0.0
stamp 'PBS_Generic-Postgen HBO Optimizations' being created for table 'pbs_debug'

  Total Time (Wall) |  Stage Time (Wall)  |   % (Wall)   |    Date - Time     |  Memory   | Stage
--------------------+---------------------+--------------+--------------------+-----------+----------------------
 00:00:13(00:00:09) |  00:00:00(00:00:00) |   0.0(  0.0) |   17:42:14 (Nov30) |  544.4 MB | PBS_Generic-Start
--------------------+---------------------+--------------+--------------------+-----------+----------------------
 00:00:51(00:00:46) |  00:00:37(00:00:37) | 100.0(100.0) |   17:42:51 (Nov30) |  937.7 MB | PBS_Generic_Opt-Post
--------------------+---------------------+--------------+--------------------+-----------+----------------------
 00:00:51(00:00:46) |  00:00:00(00:00:00) |   0.0(  0.0) |   17:42:51 (Nov30) |  937.7 MB | PBS_Generic-Postgen HBO Optimizations
--------------------+---------------------+--------------+--------------------+-----------+----------------------
Number of threads: 8 * 1   (id: pbs_debug, time_info v1.57)
Info: (*N*) indicates data that was populated from previously saved time_info database
Info: CPU time includes time of parent + longest thread
##>=================== Cadence Confidential (Generic-Logical) ===================
##>=================== Cadence Confidential (Generic-Logical) ===================
##>Main Thread Summary:
##>----------------------------------------------------------------------------------------
##>STEP                           Elapsed       WNS       TNS     Insts      Area    Memory
##>----------------------------------------------------------------------------------------
##>G:Initial                            0         -         -      4279     16728       544
##>G:Setup                              0         -         -         -         -         -
##>G:Launch ST                          0         -         -         -         -         -
##>G:Design Partition                   0         -         -         -         -         -
##>G:Create Partition Netlists          0         -         -         -         -         -
##>G:Init Power                         0         -         -         -         -         -
##>G:Budgeting                          0         -         -         -         -         -
##>G:Derenv-DB                          0         -         -         -         -         -
##>G:Debug Outputs                      0         -         -         -         -         -
##>G:ST loading                         0         -         -         -         -         -
##>G:Distributed                        0         -         -         -         -         -
##>G:Timer                              0         -         -         -         -         -
##>G:Assembly                           0         -         -         -         -         -
##>G:DFT                                0         -         -         -         -         -
##>G:Const Prop                         0         -         -      4293     13906       937
##>G:Misc                              37
##>----------------------------------------------------------------------------------------
##>Total Elapsed                       37
##>========================================================================================
Info    : Done synthesizing. [SYNTH-2]
        : Done synthesizing 'biriscv_divider' to generic gates.
      flow.cputime  flow.realtime  timing.setup.tns  timing.setup.wns  snapshot
UM:*                                                                   syn_gen
@file(biriscv_divider.tcl) 119: syn_map ${HDL_NAME} 
##Generic Timing Info for library domain: worst typical gate delay: 152.5 ps std_slew: 18.2 ps std_load: 1.0 fF
Current PLE settings:

Aspect ratio        : 1.000
Shrink factor       : 1.000
Scale of res/length : 1.000
Scale of cap/length : 1.000
Net derating factor : 1.000
Thermal factor      : 1.324
Via Resistance      : 0.600 ohm (from qrc_tech_file)
Site size           : 1.910 um (from lef [tech+cell])

                                    Capacitance  
   Layer                             / Length         Data source:
 Name        Direction Utilization  (pF/micron)       qrc_tech_file
-------------------------------------------------
metal1_conn      H         0.00        0.000367  
metal2_conn      V         1.00        0.000317  
metal3_conn      H         1.00        0.000315  
metal4_conn      V         1.00        0.000317  
metal5_conn      H         1.00        0.000317  
metal6_conn      V         1.00        0.000318  
metal7_conn      H         1.00        0.000318  
metal8_conn      V         1.00        0.000315  
metal9_conn      H         1.00        0.001755  
metal10_conn     V         1.00        0.000854  
metal11_conn     H         1.00        0.000739  

                                     Resistance   
   Layer                              / Length         Data source:
 Name        Direction Utilization  (ohm/micron)       qrc_tech_file
--------------------------------------------------
metal1_conn      H         0.00         1.900028  
metal2_conn      V         1.00         1.183743  
metal3_conn      H         1.00         1.183743  
metal4_conn      V         1.00         1.183743  
metal5_conn      H         1.00         1.183743  
metal6_conn      V         1.00         1.183743  
metal7_conn      H         1.00         1.183743  
metal8_conn      V         1.00         0.432387  
metal9_conn      H         1.00         0.432387  
metal10_conn     V         1.00         0.157232  
metal11_conn     H         1.00         0.158932  

                                         Area     
   Layer                               / Length        Data source:
 Name        Direction Utilization     (micron)        lef_library
--------------------------------------------------
Metal1           H         0.00         0.060000  
Metal2           V         1.00         0.080000  
Metal3           H         1.00         0.080000  
Metal4           V         1.00         0.080000  
Metal5           H         1.00         0.080000  
Metal6           V         1.00         0.080000  
Metal7           H         1.00         0.080000  
Metal8           V         1.00         0.080000  
Metal9           H         1.00         0.080000  
Metal10          V         1.00         0.220000  
Metal11          H         1.00         0.220000  

Info    : Mapping. [SYNTH-4]
        : Mapping 'biriscv_divider' using 'high' effort.
Mapper: Libraries have:
	domain worst: 324 combo usable cells and 84 sequential usable cells
Configuring mapper costing (none)
TNS Restructuring config: no_value at stage: map applied.
PBS_TechMap-Start - Elapsed_Time 0, CPU_Time 0.0
stamp 'PBS_TechMap-Start' being created for table 'pbs_debug'

  Total Time (Wall) |  Stage Time (Wall)  |   % (Wall)   |    Date - Time     |  Memory   | Stage
--------------------+---------------------+--------------+--------------------+-----------+----------------------
 00:00:13(00:00:09) |  00:00:00(00:00:00) |   0.0(  0.0) |   17:42:14 (Nov30) |  544.4 MB | PBS_Generic-Start
--------------------+---------------------+--------------+--------------------+-----------+----------------------
 00:00:51(00:00:46) |  00:00:37(00:00:37) |  97.4( 97.4) |   17:42:51 (Nov30) |  937.7 MB | PBS_Generic_Opt-Post
--------------------+---------------------+--------------+--------------------+-----------+----------------------
 00:00:51(00:00:46) |  00:00:00(00:00:00) |   0.0(  0.0) |   17:42:51 (Nov30) |  937.7 MB | PBS_Generic-Postgen HBO Optimizations
--------------------+---------------------+--------------+--------------------+-----------+----------------------
 00:00:52(00:00:47) |  00:00:01(00:00:01) |   2.6(  2.6) |   17:42:52 (Nov30) |  937.7 MB | PBS_TechMap-Start
--------------------+---------------------+--------------+--------------------+-----------+----------------------
Number of threads: 8 * 1   (id: pbs_debug, time_info v1.57)
Info: (*N*) indicates data that was populated from previously saved time_info database
Info: CPU time includes time of parent + longest thread
PBS_TechMap-Premap HBO Optimizations - Elapsed_Time 0, CPU_Time 0.0
stamp 'PBS_TechMap-Premap HBO Optimizations' being created for table 'pbs_debug'

  Total Time (Wall) |  Stage Time (Wall)  |   % (Wall)   |    Date - Time     |  Memory   | Stage
--------------------+---------------------+--------------+--------------------+-----------+----------------------
 00:00:13(00:00:09) |  00:00:00(00:00:00) |   0.0(  0.0) |   17:42:14 (Nov30) |  544.4 MB | PBS_Generic-Start
--------------------+---------------------+--------------+--------------------+-----------+----------------------
 00:00:51(00:00:46) |  00:00:37(00:00:37) |  97.4( 97.4) |   17:42:51 (Nov30) |  937.7 MB | PBS_Generic_Opt-Post
--------------------+---------------------+--------------+--------------------+-----------+----------------------
 00:00:51(00:00:46) |  00:00:00(00:00:00) |   0.0(  0.0) |   17:42:51 (Nov30) |  937.7 MB | PBS_Generic-Postgen HBO Optimizations
--------------------+---------------------+--------------+--------------------+-----------+----------------------
 00:00:52(00:00:47) |  00:00:01(00:00:01) |   2.6(  2.6) |   17:42:52 (Nov30) |  937.7 MB | PBS_TechMap-Start
--------------------+---------------------+--------------+--------------------+-----------+----------------------
 00:00:52(00:00:47) |  00:00:00(00:00:00) |   0.0(  0.0) |   17:42:52 (Nov30) |  937.7 MB | PBS_TechMap-Premap HBO Optimizations
--------------------+---------------------+--------------+--------------------+-----------+----------------------
Number of threads: 8 * 1   (id: pbs_debug, time_info v1.57)
Info: (*N*) indicates data that was populated from previously saved time_info database
Info: CPU time includes time of parent + longest thread
Info    : Partition Based Synthesis execution skipped. [PHYS-752]
        : Design size is less than the partition size '100000' for distributed mapping optimization to kick in.
Current PLE settings:

Aspect ratio        : 1.000
Shrink factor       : 1.000
Scale of res/length : 1.000
Scale of cap/length : 1.000
Net derating factor : 1.000
Thermal factor      : 1.324
Via Resistance      : 0.600 ohm (from qrc_tech_file)
Site size           : 1.910 um (from lef [tech+cell])

                                    Capacitance  
   Layer                             / Length         Data source:
 Name        Direction Utilization  (pF/micron)       qrc_tech_file
-------------------------------------------------
metal1_conn      H         0.00        0.000367  
metal2_conn      V         1.00        0.000317  
metal3_conn      H         1.00        0.000315  
metal4_conn      V         1.00        0.000317  
metal5_conn      H         1.00        0.000317  
metal6_conn      V         1.00        0.000318  
metal7_conn      H         1.00        0.000318  
metal8_conn      V         1.00        0.000315  
metal9_conn      H         1.00        0.001755  
metal10_conn     V         1.00        0.000854  
metal11_conn     H         1.00        0.000739  

                                     Resistance   
   Layer                              / Length         Data source:
 Name        Direction Utilization  (ohm/micron)       qrc_tech_file
--------------------------------------------------
metal1_conn      H         0.00         1.900028  
metal2_conn      V         1.00         1.183743  
metal3_conn      H         1.00         1.183743  
metal4_conn      V         1.00         1.183743  
metal5_conn      H         1.00         1.183743  
metal6_conn      V         1.00         1.183743  
metal7_conn      H         1.00         1.183743  
metal8_conn      V         1.00         0.432387  
metal9_conn      H         1.00         0.432387  
metal10_conn     V         1.00         0.157232  
metal11_conn     H         1.00         0.158932  

                                         Area     
   Layer                               / Length        Data source:
 Name        Direction Utilization     (micron)        lef_library
--------------------------------------------------
Metal1           H         0.00         0.060000  
Metal2           V         1.00         0.080000  
Metal3           H         1.00         0.080000  
Metal4           V         1.00         0.080000  
Metal5           H         1.00         0.080000  
Metal6           V         1.00         0.080000  
Metal7           H         1.00         0.080000  
Metal8           V         1.00         0.080000  
Metal9           H         1.00         0.080000  
Metal10          V         1.00         0.220000  
Metal11          H         1.00         0.220000  

Mapper: Libraries have:
	domain worst: 324 combo usable cells and 84 sequential usable cells
Warning : Not obtained requested number of super thread servers. [ST-136]
        : The tool is running on a 4 cpu machine.
Multi-threaded Virtual Mapping    (4 threads per ST process, 4 of 4 CPUs usable)
 
Global mapping target info
==========================
Cost Group 'clk_i' target slack:    69 ps
Target path end-point (Pin: saved_shift_amt_q_reg[4]/d)

Multi-threaded Technology Mapping (4 threads per ST process, 4 of 4 CPUs usable)
 
Global mapping status
=====================
                                   Group   
                                  Tot Wrst 
                           Total  Weighted 
Operation                   Area   Slacks  
 global_map                13631     -398 
            Worst cost_group: clk_i, WNS: -398.1
            Path: opcode_ra_operand_i[31] --> op_a_abs_r_reg[31]/D

    Cost Group            Target    Slack    Diff.  Constr.
-----------------------------------------------------------
         clk_i                69     -398     -19%     2500 

 
Global incremental target info
==============================
Cost Group 'clk_i' target slack:  -398 ps
Target path end-point (Pin: op_a_abs_r_reg[31]/D (DFFRX2/D))

==================================
Stage : global_incr_map 
==================================
  =================
   Message Summary
  =================
------------------------------------------------------------------------------------------------------
|    Id    |  Sev   |Count |                              Message Text                               |
------------------------------------------------------------------------------------------------------
| LBR-155  |Info    |  528 |Mismatch in unateness between 'timing_sense' attribute and the function. |
|          |        |      |The 'timing_sense' attribute will be respected.                          |
| PA-7     |Info    |   14 |Resetting power analysis results.                                        |
|          |        |      |All computed switching activities are removed.                           |
| PHYS-752 |Info    |    1 |Partition Based Synthesis execution skipped.                             |
| ST-136   |Warning |    1 |Not obtained requested number of super thread servers.                   |
|          |        |      |The requested number of cpus are not available on machine.               |
| SYNTH-2  |Info    |    1 |Done synthesizing.                                                       |
| SYNTH-4  |Info    |    1 |Mapping.                                                                 |
------------------------------------------------------------------------------------------------------
 
Global incremental optimization status
======================================
                                   Group   
                                  Tot Wrst 
                           Total  Weighted 
Operation                   Area   Slacks  
 global_incr               11604     -518 
            Worst cost_group: clk_i, WNS: -518.9
            Path: opcode_ra_operand_i[31] --> op_a_abs_r_reg[31]/D

    Cost Group            Target    Slack    Diff.  Constr.
-----------------------------------------------------------
         clk_i              -398     -519      -4%     2500 


State Retention Synthesis Status
================================

Category                        Flops   Percentage
--------------------------------------------------
Total instances                   367        100.0
Excluded from State Retention     367        100.0
    - Will not convert            367        100.0
      - Preserved                   0          0.0
      - Power intent excluded     367        100.0
    - Could not convert             0          0.0
      - Scan type                   0          0.0
      - No suitable cell            0          0.0
State Retention instances           0          0.0
--------------------------------------------------

INFO: skipping constant propagation
PBS_Techmap-Global Mapping - Elapsed_Time 19, CPU_Time 18.586182
stamp 'PBS_Techmap-Global Mapping' being created for table 'pbs_debug'

  Total Time (Wall) |  Stage Time (Wall)  |   % (Wall)   |    Date - Time     |  Memory   | Stage
--------------------+---------------------+--------------+--------------------+-----------+----------------------
 00:00:13(00:00:09) |  00:00:00(00:00:00) |   0.0(  0.0) |   17:42:14 (Nov30) |  544.4 MB | PBS_Generic-Start
--------------------+---------------------+--------------+--------------------+-----------+----------------------
 00:00:51(00:00:46) |  00:00:37(00:00:37) |  65.5( 64.9) |   17:42:51 (Nov30) |  937.7 MB | PBS_Generic_Opt-Post
--------------------+---------------------+--------------+--------------------+-----------+----------------------
 00:00:51(00:00:46) |  00:00:00(00:00:00) |   0.0(  0.0) |   17:42:51 (Nov30) |  937.7 MB | PBS_Generic-Postgen HBO Optimizations
--------------------+---------------------+--------------+--------------------+-----------+----------------------
 00:00:52(00:00:47) |  00:00:01(00:00:01) |   1.8(  1.8) |   17:42:52 (Nov30) |  937.7 MB | PBS_TechMap-Start
--------------------+---------------------+--------------+--------------------+-----------+----------------------
 00:00:52(00:00:47) |  00:00:00(00:00:00) |   0.0(  0.0) |   17:42:52 (Nov30) |  937.7 MB | PBS_TechMap-Premap HBO Optimizations
--------------------+---------------------+--------------+--------------------+-----------+----------------------
 00:01:10(00:01:06) |  00:00:18(00:00:19) |  32.7( 33.3) |   17:43:11 (Nov30) |  908.6 MB | PBS_Techmap-Global Mapping
--------------------+---------------------+--------------+--------------------+-----------+----------------------
Number of threads: 8 * 1   (id: pbs_debug, time_info v1.57)
Info: (*N*) indicates data that was populated from previously saved time_info database
Info: CPU time includes time of parent + longest thread
Info    : Wrote formal verification information. [CFM-5]
        : Wrote 'fv/biriscv_divider/fv_map.fv.json' for netlist 'fv/biriscv_divider/fv_map.v.gz'.
Info    : Existing dofile found. Copied as fv/biriscv_divider/rtl_to_fv_map.do~.
Info    : Wrote dofile. [CFM-1]
        : Dofile is 'fv/biriscv_divider/rtl_to_fv_map.do'.
        : Alias mapping flow is enabled.
PBS_TechMap-Datapath Postmap Operations - Elapsed_Time 1, CPU_Time 0.9884320000000031
stamp 'PBS_TechMap-Datapath Postmap Operations' being created for table 'pbs_debug'

  Total Time (Wall) |  Stage Time (Wall)  |   % (Wall)   |    Date - Time     |  Memory   | Stage
--------------------+---------------------+--------------+--------------------+-----------+----------------------
 00:00:13(00:00:09) |  00:00:00(00:00:00) |   0.0(  0.0) |   17:42:14 (Nov30) |  544.4 MB | PBS_Generic-Start
--------------------+---------------------+--------------+--------------------+-----------+----------------------
 00:00:51(00:00:46) |  00:00:37(00:00:37) |  64.4( 63.8) |   17:42:51 (Nov30) |  937.7 MB | PBS_Generic_Opt-Post
--------------------+---------------------+--------------+--------------------+-----------+----------------------
 00:00:51(00:00:46) |  00:00:00(00:00:00) |   0.0(  0.0) |   17:42:51 (Nov30) |  937.7 MB | PBS_Generic-Postgen HBO Optimizations
--------------------+---------------------+--------------+--------------------+-----------+----------------------
 00:00:52(00:00:47) |  00:00:01(00:00:01) |   1.7(  1.7) |   17:42:52 (Nov30) |  937.7 MB | PBS_TechMap-Start
--------------------+---------------------+--------------+--------------------+-----------+----------------------
 00:00:52(00:00:47) |  00:00:00(00:00:00) |   0.0(  0.0) |   17:42:52 (Nov30) |  937.7 MB | PBS_TechMap-Premap HBO Optimizations
--------------------+---------------------+--------------+--------------------+-----------+----------------------
 00:01:10(00:01:06) |  00:00:18(00:00:19) |  32.1( 32.8) |   17:43:11 (Nov30) |  908.6 MB | PBS_Techmap-Global Mapping
--------------------+---------------------+--------------+--------------------+-----------+----------------------
 00:01:11(00:01:07) |  00:00:00(00:00:01) |   1.7(  1.7) |   17:43:12 (Nov30) |  908.6 MB | PBS_TechMap-Datapath Postmap Operations
--------------------+---------------------+--------------+--------------------+-----------+----------------------
Number of threads: 8 * 1   (id: pbs_debug, time_info v1.57)
Info: (*N*) indicates data that was populated from previously saved time_info database
Info: CPU time includes time of parent + longest thread
PBS_TechMap-Postmap HBO Optimizations - Elapsed_Time 0, CPU_Time -0.005313999999998487
stamp 'PBS_TechMap-Postmap HBO Optimizations' being created for table 'pbs_debug'

  Total Time (Wall) |  Stage Time (Wall)  |   % (Wall)   |    Date - Time     |  Memory   | Stage
--------------------+---------------------+--------------+--------------------+-----------+----------------------
 00:00:13(00:00:09) |  00:00:00(00:00:00) |   0.0(  0.0) |   17:42:14 (Nov30) |  544.4 MB | PBS_Generic-Start
--------------------+---------------------+--------------+--------------------+-----------+----------------------
 00:00:51(00:00:46) |  00:00:37(00:00:37) |  64.4( 63.8) |   17:42:51 (Nov30) |  937.7 MB | PBS_Generic_Opt-Post
--------------------+---------------------+--------------+--------------------+-----------+----------------------
 00:00:51(00:00:46) |  00:00:00(00:00:00) |   0.0(  0.0) |   17:42:51 (Nov30) |  937.7 MB | PBS_Generic-Postgen HBO Optimizations
--------------------+---------------------+--------------+--------------------+-----------+----------------------
 00:00:52(00:00:47) |  00:00:01(00:00:01) |   1.7(  1.7) |   17:42:52 (Nov30) |  937.7 MB | PBS_TechMap-Start
--------------------+---------------------+--------------+--------------------+-----------+----------------------
 00:00:52(00:00:47) |  00:00:00(00:00:00) |   0.0(  0.0) |   17:42:52 (Nov30) |  937.7 MB | PBS_TechMap-Premap HBO Optimizations
--------------------+---------------------+--------------+--------------------+-----------+----------------------
 00:01:10(00:01:06) |  00:00:18(00:00:19) |  32.1( 32.8) |   17:43:11 (Nov30) |  908.6 MB | PBS_Techmap-Global Mapping
--------------------+---------------------+--------------+--------------------+-----------+----------------------
 00:01:11(00:01:07) |  00:00:00(00:00:01) |   1.7(  1.7) |   17:43:12 (Nov30) |  908.6 MB | PBS_TechMap-Datapath Postmap Operations
--------------------+---------------------+--------------+--------------------+-----------+----------------------
 00:01:11(00:01:07) |  00:00:00(00:00:00) |  -0.0(  0.0) |   17:43:12 (Nov30) |  908.6 MB | PBS_TechMap-Postmap HBO Optimizations
--------------------+---------------------+--------------+--------------------+-----------+----------------------
Number of threads: 8 * 1   (id: pbs_debug, time_info v1.57)
Info: (*N*) indicates data that was populated from previously saved time_info database
Info: CPU time includes time of parent + longest thread
 Doing ConstProp on design:biriscv_divider ... 

Time taken by ConstProp Step: 00:00:00
PBS_TechMap-Postmap Clock Gating - Elapsed_Time 0, CPU_Time 1.0
stamp 'PBS_TechMap-Postmap Clock Gating' being created for table 'pbs_debug'

  Total Time (Wall) |  Stage Time (Wall)  |   % (Wall)   |    Date - Time     |  Memory   | Stage
--------------------+---------------------+--------------+--------------------+-----------+----------------------
 00:00:13(00:00:09) |  00:00:00(00:00:00) |   0.0(  0.0) |   17:42:14 (Nov30) |  544.4 MB | PBS_Generic-Start
--------------------+---------------------+--------------+--------------------+-----------+----------------------
 00:00:51(00:00:46) |  00:00:37(00:00:37) |  63.3( 63.8) |   17:42:51 (Nov30) |  937.7 MB | PBS_Generic_Opt-Post
--------------------+---------------------+--------------+--------------------+-----------+----------------------
 00:00:51(00:00:46) |  00:00:00(00:00:00) |   0.0(  0.0) |   17:42:51 (Nov30) |  937.7 MB | PBS_Generic-Postgen HBO Optimizations
--------------------+---------------------+--------------+--------------------+-----------+----------------------
 00:00:52(00:00:47) |  00:00:01(00:00:01) |   1.7(  1.7) |   17:42:52 (Nov30) |  937.7 MB | PBS_TechMap-Start
--------------------+---------------------+--------------+--------------------+-----------+----------------------
 00:00:52(00:00:47) |  00:00:00(00:00:00) |   0.0(  0.0) |   17:42:52 (Nov30) |  937.7 MB | PBS_TechMap-Premap HBO Optimizations
--------------------+---------------------+--------------+--------------------+-----------+----------------------
 00:01:10(00:01:06) |  00:00:18(00:00:19) |  31.6( 32.8) |   17:43:11 (Nov30) |  908.6 MB | PBS_Techmap-Global Mapping
--------------------+---------------------+--------------+--------------------+-----------+----------------------
 00:01:11(00:01:07) |  00:00:00(00:00:01) |   1.7(  1.7) |   17:43:12 (Nov30) |  908.6 MB | PBS_TechMap-Datapath Postmap Operations
--------------------+---------------------+--------------+--------------------+-----------+----------------------
 00:01:11(00:01:07) |  00:00:00(00:00:00) |  -0.0(  0.0) |   17:43:12 (Nov30) |  908.6 MB | PBS_TechMap-Postmap HBO Optimizations
--------------------+---------------------+--------------+--------------------+-----------+----------------------
 00:01:12(00:01:07) |  00:00:01(00:00:00) |   1.7(  0.0) |   17:43:12 (Nov30) |  908.6 MB | PBS_TechMap-Postmap Clock Gating
--------------------+---------------------+--------------+--------------------+-----------+----------------------
Number of threads: 8 * 1   (id: pbs_debug, time_info v1.57)
Info: (*N*) indicates data that was populated from previously saved time_info database
Info: CPU time includes time of parent + longest thread
-------------------------------------------------------------------------------
 hi_fo_buf                 11602     -518    -64546         8        0
            Worst cost_group: clk_i, WNS: -518.9
            Path: opcode_ra_operand_i[31] --> op_a_abs_r_reg[31]/D

           Trick     Calls     Accepts   Attempts    Time(secs) 
-----------------------------------------------------------
       hi_fo_buf         0  (        0 /        0 )  0.00

 
Incremental optimization status
===============================
                                   Group   
                                  Tot Wrst     Total - - DRC Totals - -
                           Total  Weighted      Neg      Max       Max 
Operation                   Area   Slacks      Slack    Trans      Cap 
 init_delay                11602     -518    -64546         8        0
            Worst cost_group: clk_i, WNS: -518.9
            Path: opcode_ra_operand_i[31] --> op_a_abs_r_reg[31]/D
 incr_delay                12270        0         0        44        0

           Trick     Calls     Accepts   Attempts    Time(secs) 
-----------------------------------------------------------
       crit_upsz       319  (      238 /      238 )  0.60
    plc_bal_star         0  (        0 /        0 )  0.00
     drc_buftimb         0  (        0 /        0 )  0.00
          plc_st        15  (        0 /        0 )  0.00
    plc_st_fence        15  (        0 /        0 )  0.00
        plc_star        15  (        0 /        0 )  0.00
      plc_laf_st        15  (        0 /        0 )  0.00
 plc_laf_st_fence        15  (        0 /        0 )  0.00
     drc_buftims         0  (        0 /        0 )  0.00
            fopt        48  (       20 /       23 )  0.25
   plc_laf_lo_st         0  (        0 /        0 )  0.00
       plc_lo_st         0  (        0 /        0 )  0.00
        mb_split         0  (        0 /        0 )  0.00

 
Local TNS optimization status
=============================
                                   Group   
                                  Tot Wrst     Total - - DRC Totals - -
                           Total  Weighted      Neg      Max       Max 
Operation                   Area   Slacks      Slack    Trans      Cap 
 init_tns                  12270        0         0        44        0

           Trick     Calls     Accepts   Attempts    Time(secs) 
-----------------------------------------------------------
    plc_bal_star         0  (        0 /        0 )  0.00
     drc_buftimb         0  (        0 /        0 )  0.00
     drc_buftims         0  (        0 /        0 )  0.00
       crit_upsz         0  (        0 /        0 )  0.00
   plc_laf_lo_st         0  (        0 /        0 )  0.00
       plc_lo_st         0  (        0 /        0 )  0.00
            fopt         0  (        0 /        0 )  0.00
       crit_dnsz         0  (        0 /        0 )  0.00
             dup         0  (        0 /        0 )  0.00
        setup_dn         0  (        0 /        0 )  0.00
        mb_split         0  (        0 /        0 )  0.00

PBS_TechMap-Postmap Cleanup - Elapsed_Time 2, CPU_Time 0.9871290000000101
stamp 'PBS_TechMap-Postmap Cleanup' being created for table 'pbs_debug'

  Total Time (Wall) |  Stage Time (Wall)  |   % (Wall)   |    Date - Time     |  Memory   | Stage
--------------------+---------------------+--------------+--------------------+-----------+----------------------
 00:00:13(00:00:09) |  00:00:00(00:00:00) |   0.0(  0.0) |   17:42:14 (Nov30) |  544.4 MB | PBS_Generic-Start
--------------------+---------------------+--------------+--------------------+-----------+----------------------
 00:00:51(00:00:46) |  00:00:37(00:00:37) |  62.3( 61.7) |   17:42:51 (Nov30) |  937.7 MB | PBS_Generic_Opt-Post
--------------------+---------------------+--------------+--------------------+-----------+----------------------
 00:00:51(00:00:46) |  00:00:00(00:00:00) |   0.0(  0.0) |   17:42:51 (Nov30) |  937.7 MB | PBS_Generic-Postgen HBO Optimizations
--------------------+---------------------+--------------+--------------------+-----------+----------------------
 00:00:52(00:00:47) |  00:00:01(00:00:01) |   1.7(  1.7) |   17:42:52 (Nov30) |  937.7 MB | PBS_TechMap-Start
--------------------+---------------------+--------------+--------------------+-----------+----------------------
 00:00:52(00:00:47) |  00:00:00(00:00:00) |   0.0(  0.0) |   17:42:52 (Nov30) |  937.7 MB | PBS_TechMap-Premap HBO Optimizations
--------------------+---------------------+--------------+--------------------+-----------+----------------------
 00:01:10(00:01:06) |  00:00:18(00:00:19) |  31.1( 31.7) |   17:43:11 (Nov30) |  908.6 MB | PBS_Techmap-Global Mapping
--------------------+---------------------+--------------+--------------------+-----------+----------------------
 00:01:11(00:01:07) |  00:00:00(00:00:01) |   1.7(  1.7) |   17:43:12 (Nov30) |  908.6 MB | PBS_TechMap-Datapath Postmap Operations
--------------------+---------------------+--------------+--------------------+-----------+----------------------
 00:01:11(00:01:07) |  00:00:00(00:00:00) |  -0.0(  0.0) |   17:43:12 (Nov30) |  908.6 MB | PBS_TechMap-Postmap HBO Optimizations
--------------------+---------------------+--------------+--------------------+-----------+----------------------
 00:01:12(00:01:07) |  00:00:01(00:00:00) |   1.7(  0.0) |   17:43:12 (Nov30) |  908.6 MB | PBS_TechMap-Postmap Clock Gating
--------------------+---------------------+--------------+--------------------+-----------+----------------------
 00:01:13(00:01:09) |  00:00:00(00:00:02) |   1.7(  3.3) |   17:43:14 (Nov30) |  908.6 MB | PBS_TechMap-Postmap Cleanup
--------------------+---------------------+--------------+--------------------+-----------+----------------------
Number of threads: 8 * 1   (id: pbs_debug, time_info v1.57)
Info: (*N*) indicates data that was populated from previously saved time_info database
Info: CPU time includes time of parent + longest thread
PBS_Techmap-Post_MBCI - Elapsed_Time 0, CPU_Time 0.0
stamp 'PBS_Techmap-Post_MBCI' being created for table 'pbs_debug'

  Total Time (Wall) |  Stage Time (Wall)  |   % (Wall)   |    Date - Time     |  Memory   | Stage
--------------------+---------------------+--------------+--------------------+-----------+----------------------
 00:00:13(00:00:09) |  00:00:00(00:00:00) |   0.0(  0.0) |   17:42:14 (Nov30) |  544.4 MB | PBS_Generic-Start
--------------------+---------------------+--------------+--------------------+-----------+----------------------
 00:00:51(00:00:46) |  00:00:37(00:00:37) |  62.3( 61.7) |   17:42:51 (Nov30) |  937.7 MB | PBS_Generic_Opt-Post
--------------------+---------------------+--------------+--------------------+-----------+----------------------
 00:00:51(00:00:46) |  00:00:00(00:00:00) |   0.0(  0.0) |   17:42:51 (Nov30) |  937.7 MB | PBS_Generic-Postgen HBO Optimizations
--------------------+---------------------+--------------+--------------------+-----------+----------------------
 00:00:52(00:00:47) |  00:00:01(00:00:01) |   1.7(  1.7) |   17:42:52 (Nov30) |  937.7 MB | PBS_TechMap-Start
--------------------+---------------------+--------------+--------------------+-----------+----------------------
 00:00:52(00:00:47) |  00:00:00(00:00:00) |   0.0(  0.0) |   17:42:52 (Nov30) |  937.7 MB | PBS_TechMap-Premap HBO Optimizations
--------------------+---------------------+--------------+--------------------+-----------+----------------------
 00:01:10(00:01:06) |  00:00:18(00:00:19) |  31.1( 31.7) |   17:43:11 (Nov30) |  908.6 MB | PBS_Techmap-Global Mapping
--------------------+---------------------+--------------+--------------------+-----------+----------------------
 00:01:11(00:01:07) |  00:00:00(00:00:01) |   1.7(  1.7) |   17:43:12 (Nov30) |  908.6 MB | PBS_TechMap-Datapath Postmap Operations
--------------------+---------------------+--------------+--------------------+-----------+----------------------
 00:01:11(00:01:07) |  00:00:00(00:00:00) |  -0.0(  0.0) |   17:43:12 (Nov30) |  908.6 MB | PBS_TechMap-Postmap HBO Optimizations
--------------------+---------------------+--------------+--------------------+-----------+----------------------
 00:01:12(00:01:07) |  00:00:01(00:00:00) |   1.7(  0.0) |   17:43:12 (Nov30) |  908.6 MB | PBS_TechMap-Postmap Clock Gating
--------------------+---------------------+--------------+--------------------+-----------+----------------------
 00:01:13(00:01:09) |  00:00:00(00:00:02) |   1.7(  3.3) |   17:43:14 (Nov30) |  908.6 MB | PBS_TechMap-Postmap Cleanup
--------------------+---------------------+--------------+--------------------+-----------+----------------------
 00:01:13(00:01:09) |  00:00:00(00:00:00) |   0.0(  0.0) |   17:43:14 (Nov30) |  908.6 MB | PBS_Techmap-Post_MBCI
--------------------+---------------------+--------------+--------------------+-----------+----------------------
Number of threads: 8 * 1   (id: pbs_debug, time_info v1.57)
Info: (*N*) indicates data that was populated from previously saved time_info database
Info: CPU time includes time of parent + longest thread
##>=================== Cadence Confidential (Mapping-Logical) ===================
##>Main Thread Summary:
##>----------------------------------------------------------------------------------------
##>STEP                           Elapsed       WNS       TNS     Insts      Area    Memory
##>----------------------------------------------------------------------------------------
##>M:Initial                            0         -         -      4293     13906       937
##>M:Pre Cleanup                        0         -         -      4293     13906       937
##>M:Setup                              0         -         -         -         -         -
##>M:Launch ST                          0         -         -         -         -         -
##>M:Design Partition                   0         -         -         -         -         -
##>M:Create Partition Netlists          0         -         -         -         -         -
##>M:Init Power                         0         -         -         -         -         -
##>M:Budgeting                          0         -         -         -         -         -
##>M:Derenv-DB                          0         -         -         -         -         -
##>M:Debug Outputs                      0         -         -         -         -         -
##>M:ST loading                         0         -         -         -         -         -
##>M:Distributed                        0         -         -         -         -         -
##>M:Timer                              0         -         -         -         -         -
##>M:Assembly                           0         -         -         -         -         -
##>M:DFT                                0         -         -         -         -         -
##>M:DP Operations                      1         -         -      2682      8217       908
##>M:Const Prop                         0      -518     64546      2682      8217       908
##>M:Cleanup                            2         0         0      2756      8829       908
##>M:MBCI                               0         -         -      2756      8829       908
##>M:Const Gate Removal                 0         -         -         -         -         -
##>M:Misc                              19
##>----------------------------------------------------------------------------------------
##>Total Elapsed                       22
##>========================================================================================
Info    : Done mapping. [SYNTH-5]
        : Done mapping 'biriscv_divider'.
      flow.cputime  flow.realtime  timing.setup.tns  timing.setup.wns  snapshot
UM:*                                                                   syn_map
@file(biriscv_divider.tcl) 120: get_db insts .base_cell.name -u ;# List all cell names used in the current design.
@file(biriscv_divider.tcl) 126: report_design_rules ;# > ${RPT_DIR}/${HDL_NAME}_drc.rpt
============================================================
  Generated by:           Genus(TM) Synthesis Solution 21.19-s055_1
  Generated on:           Nov 30 2025  05:43:14 pm
  Module:                 biriscv_divider
  Library domain:         worst
    Domain index:         0
    Technology library:   slow_vdd1v0 1.0
  Library domain:         best
    Domain index:         1
    Technology library:   fast_vdd1v2 1.0
  Operating conditions:   PVT_0P9V_125C 
  Operating conditions:   PVT_1P32V_0C 
  Interconnect mode:      global
  Area mode:              physical library
============================================================

Max_transition design rule (violation total = 44)
Pin                                             Slew           Max     Violation
----------------------------------------------------------------------------------
g38406__7410/B0                                  292           280            12
  --> Other violations on net                            23
g38427__4733/B0                                  292           280            12
  --> Other violations on net                            23
g39003__8246/Y                                   292           280            12
  --> Other violations on net                            23
minus_262_39_Y_minus_264_39_g826/AN              283           280             3
  --> Other violations on net                            6
minus_262_39_Y_minus_264_39_g796/A               283           280             3
  --> Other violations on net                            6
minus_262_39_Y_minus_264_39_g840/Y               283           280             3
  --> Other violations on net                            6
g38579__9945/B0                                  280           280             0
  --> Other violations on net                            0
g38821__9945/Y                                   280           280             0
  --> Other violations on net                            0
g38571__7098/B0                                  280           280             0
  --> Other violations on net                            0
g38814__6131/Y                                   280           280             0
  --> Other violations on net                            0


Max_capacitance design rule: no violations.


Max_fanout design rule: no constraints.



@file(biriscv_divider.tcl) 127: report_area -detail > ${RPT_DIR}/${freq_mhz}_MHz/${OP_CORNER}/${HDL_NAME}_area_detail.rpt
@file(biriscv_divider.tcl) 128: report_timing > ${RPT_DIR}/${freq_mhz}_MHz/${OP_CORNER}/${HDL_NAME}_timing.rpt
@file(biriscv_divider.tcl) 129: report_gates > ${RPT_DIR}/${freq_mhz}_MHz/${OP_CORNER}/${HDL_NAME}_gates.rpt
@file(biriscv_divider.tcl) 130: report_qor > ${RPT_DIR}/${freq_mhz}_MHz/${OP_CORNER}/${HDL_NAME}_qor.rpt
@file(biriscv_divider.tcl) 131: report_power -unit uW > ${RPT_DIR}/${freq_mhz}_MHz/${OP_CORNER}/${HDL_NAME}_power_no_vcd.rpt
Info    : Joules engine is used. [RPT-16]
        : Joules engine is being used for the command report_power.
Info   : ACTP-0001 [ACTPInfo] Activity propagation started for stim#0 netlist
       : biriscv_divider
Info   : ACTP-0009 [ACTPInfo] Activity Propagation Progress Report :   0%   1%   2%   3%   4%   5%   6%   7%   8%   9%  10%  11%  12%  13%  14%  15%  16%  17%  18%  19%  20%  21%  22%  23%  24%  25%  26%  27%  28%  29%  30%  31%  32%  33%  34%  35%  36%  37%  38%  39%  40%  41%  42%  43%  44%  45%  46%  47%  48%  49%  50%  51%  52%  53%  54%  55%  56%  57%  58%  59%  60%  61%  62%  63%  64%  65%  66%  67%  68%  69%  70%  71%  72%  73%  74%  75%  76%  77%  78%  79%  80%  81%  82%  83%  84%  85%  86%  87%  88%  89%  90%  91%  92%  93%  94%  95%  96%  97%  98%  99% 100%
Info   : ACTP-0001 Activity propagation ended for stim#0
Info   : PWRA-0001 [PwrInfo] compute_power effective options 
       : -mode : vectorless
       : -skip_propagation : 1
       : -frequency_scaling_factor : 1.0
       : -use_clock_freq : stim
       : -stim :/stim#0
       : -fromGenus : 1
Info   : ACTP-0001 Timing initialization started
Info   : ACTP-0001 Timing initialization ended
Info   : PWRA-0002 [PwrInfo] Skipping activity propagation due to -skip_ap
       : option....
Warning: PWRA-0302 [PwrWarn] Frequency scaling is not applicable for vectorless
       : flow. Ignoring frequency scaling.
Warning: PWRA-0304 [PwrWarn] -stim option is not applicable with vectorless mode
       : of power analysis, ignored this option.
Info   : PWRA-0002 Started 'vectorless' power computation.
Info   : PWRA-0009 [PwrInfo] Power Computation Progress Report :  36% 100%
Info   : PWRA-0002 Finished power computation.
Info   : PWRA-0007 [PwrInfo] Completed successfully.
       : Info=6, Warn=2, Error=0, Fatal=0
Output file: /home/ufsm00051/claudenir.alves/cra_arq/Arquivo/biriscv_divider/Synthesis_div/reports/400_MHz/WORST/biriscv_divider_power_no_vcd.rpt
@file(biriscv_divider.tcl) 132: report_area > ${RPT_DIR}/${freq_mhz}_MHz/${OP_CORNER}/${HDL_NAME}_area.rpt
@file(biriscv_divider.tcl) 133: report_hierarchy > ${RPT_DIR}/${freq_mhz}_MHz/${OP_CORNER}/${HDL_NAME}_hierarchy.rpt
@file(biriscv_divider.tcl) 151: source ../scripts/common/sdf_width_wa.etf
Sourcing '../scripts/common/sdf_width_wa.etf' (Sun Nov 30 17:43:15 -03 2025)...
@file(biriscv_divider.tcl) 152: write_sdf -edge check_edge -setuphold merge_always -nonegchecks -recrem merge_always -version 3.0 -design ${HDL_NAME}  > ${DEV_DIR}/${freq_mhz}_MHz/${OP_CORNER}/${HDL_NAME}.sdf
@file(biriscv_divider.tcl) 153: write_hdl ${HDL_NAME} > ${DEV_DIR}/${freq_mhz}_MHz/${OP_CORNER}/${HDL_NAME}.v
#@ End verbose source /home/ufsm00051/claudenir.alves/cra_arq/Arquivo/biriscv_divider/Synthesis_div/scripts/biriscv_divider.tcl
WARNING: This version of the tool is 550 days old.
@genus:design:biriscv_divider 2> report_timing
============================================================
  Generated by:           Genus(TM) Synthesis Solution 21.19-s055_1
  Generated on:           Nov 30 2025  06:16:03 pm
  Module:                 biriscv_divider
  Operating conditions:   PVT_0P9V_125C 
  Operating conditions:   PVT_1P32V_0C 
  Interconnect mode:      global
  Area mode:              physical library
============================================================


Path 1: MET (0 ps) Setup Check with Pin divisor_q_reg[59]/CK->D
          Group: clk_i
     Startpoint: (R) saved_shift_amt_q_reg[0]/CK
          Clock: (R) clk_i
       Endpoint: (F) divisor_q_reg[59]/D
          Clock: (R) clk_i

                     Capture       Launch     
        Clock Edge:+    2500            0     
       Src Latency:+       0            0     
       Net Latency:+     100 (I)      100 (I) 
           Arrival:=    2600          100     
                                              
             Setup:-     147                  
       Uncertainty:-      50                  
     Required Time:=    2403                  
      Launch Clock:-     100                  
         Data Path:-    2303                  
             Slack:=       0                  

#----------------------------------------------------------------------------------------------------
#        Timing Point         Flags   Arc   Edge   Cell     Fanout Load Trans Delay Arrival Instance 
#                                                                  (fF)  (ps)  (ps)   (ps)  Location 
#----------------------------------------------------------------------------------------------------
  saved_shift_amt_q_reg[0]/CK -       -     R     (arrival)    367    -     0     0     100    (-,-) 
  saved_shift_amt_q_reg[0]/Q  -       CK->Q R     DFFRHQX4       5 20.3   130   316     416    (-,-) 
  fopt39914/Y                 -       A->Y  F     CLKINVX12      2  7.4    52    76     492    (-,-) 
  fopt39913/Y                 -       A->Y  R     CLKINVX4       2  5.6    43    48     540    (-,-) 
  g39270/Y                    -       S0->Y F     MX2X1          3  7.4   202   247     787    (-,-) 
  g38924__7410/Y              -       B0->Y R     AOI2BB2X2      1  3.2   136   176     963    (-,-) 
  g38845__7482/Y              -       B->Y  R     CLKAND2X2      3  7.0    89   181    1145    (-,-) 
  g38582__1666/Y              -       B1->Y R     OA22X1         1  3.7    97   221    1365    (-,-) 
  g38485__6131/Y              -       B0->Y F     OAI21X2        3  6.6   233   195    1561    (-,-) 
  g38359__1705/Y              -       B->Y  F     MX2X1          2  5.5   156   301    1862    (-,-) 
  g37963__1705/Y              -       A0->Y R     AOI222X2       1  3.3   218   284    2146    (-,-) 
  g37777__6783/Y              -       B0->Y F     OAI2BB1X1      1  3.2   216   257    2403    (-,-) 
  divisor_q_reg[59]/D         <<<     -     F     DFFRHQX1       1    -     -     0    2403    (-,-) 
#----------------------------------------------------------------------------------------------------


Another Ctrl-C within 1 second will terminate the tool.
CURRENT RESOURCES: RT {elapsed: 2145s, ST: 122s, FG: 122s, CPU: 4.0%}, MEM {curr: 1.7G, peak: 1.7G, phys curr: 0.9G, phys peak: 0.9G}, SYS {load: 0.6, cpu: 4, total: 31.0G, free: 16.9G}
Abnormal exit.
